Проверка среды CampaignEnv...
Среда прошла проверку!
[INFO] Comet disabled, running without experiment tracking
Создание 4 параллельных сред (dummy)...
Инициализация MaskablePPO...
Using cpu device

============================================================
Запуск обучения Campaign Agent
Всего шагов: 2,000,000
Параллельных сред: 4
VecEnv: dummy
Seed: 42
Checkpoint каждые: 300,000 шагов
Evaluation каждые: 75,000 шагов
Eval deterministic эпизодов: 20
Eval stochastic эпизодов: 0
Eval лимит шагов на эпизод: 5000
Campaign map: default
Campaign objective: dragon
System resources at training start:
  Platform: Windows 11 (AMD64)
  Python: 3.14.6
  PyTorch: 2.12.1+cpu
  Training device: cpu
  CPU model: Intel64 Family 6 Model 158 Stepping 10, GenuineIntel
  CPU vendor: unknown
  Logical CPUs visible: 6
  Process CPU affinity: 6
  Sockets: unknown
  Cores per socket: unknown
  Threads per core: unknown
  CPU max MHz: unknown
  CPU min MHz: unknown
  L1d cache: unknown
  L1i cache: unknown
  L2 cache: unknown
  L3 cache: unknown
  Virtualization: unknown
  Hypervisor: unknown
  RAM total: unknown
  RAM available at start: unknown
  Disk total: 237.56 GiB
  Disk free at start: 48.67 GiB
  Torch intra-op threads: 1
  Torch inter-op threads: 1
  OMP_NUM_THREADS: 1
  MKL_NUM_THREADS: 1
  OPENBLAS_NUM_THREADS: 1
PPO n_steps: 2,048
PPO batch_size: 512
PPO n_epochs: 5
PPO learning_rate: 0.0003
PPO clip_range: 0.2
PPO ent_coef: 0.01
PPO gamma: 0.995
PPO gae_lambda: 0.95
PPO target_kl: disabled
PPO gradient batches per rollout: 80
VecCheckNan: enabled
Freeze action layout: enabled
Empire territory: enabled
Scripted capital bot: disabled
Starting roster: classic party (Одержимый, Герцог, Одержимый, Сектант)
Torch threads per process: 1
Diagnostics: enabled
Wall-clock training limit: disabled
Diagnostics dir: C:\Users\Admin\Desktop\disciple\realnewdisciples-main\Big_map\campaign_diagnostics\default-green-dragon-classic-2m-20260913-222410
Run ID: default-green-dragon-classic-2m-20260913-222410
============================================================

Logging to C:\Users\Admin\Desktop\disciple\realnewdisciples-main\Big_map\campaign_tb_logs\default-green-dragon-classic-2m-20260913-222410\MaskablePPO_1
---------------------------------
| rollout/           |          |
|    ep_len_mean     | 255      |
|    ep_rew_mean     | -1.66    |
| time/              |          |
|    fps             | 247      |
|    iterations      | 1        |
|    time_elapsed    | 33       |
|    total_timesteps | 8192     |
---------------------------------
-----------------------------------------
| rollout/                |             |
|    ep_len_mean          | 245         |
|    ep_rew_mean          | -1.2        |
| time/                   |             |
|    fps                  | 233         |
|    iterations           | 2           |
|    time_elapsed         | 70          |
|    total_timesteps      | 16384       |
| train/                  |             |
|    approx_kl            | 0.010049697 |
|    clip_fraction        | 0.041       |
|    clip_range           | 0.2         |
|    entropy_loss         | -2.25       |
|    explained_variance   | -0.0189     |
|    learning_rate        | 0.0003      |
|    loss                 | 0.124       |
|    n_updates            | 5           |
|    policy_gradient_loss | -0.00495    |
|    value_loss           | 0.311       |
-----------------------------------------
-----------------------------------------
| rollout/                |             |
|    ep_len_mean          | 311         |
|    ep_rew_mean          | -3.04       |
| time/                   |             |
|    fps                  | 227         |
|    iterations           | 3           |
|    time_elapsed         | 108         |
|    total_timesteps      | 24576       |
| train/                  |             |
|    approx_kl            | 0.010165819 |
|    clip_fraction        | 0.103       |
|    clip_range           | 0.2         |
|    entropy_loss         | -2.26       |
|    explained_variance   | 0.644       |
|    learning_rate        | 0.0003      |
|    loss                 | 0.00124     |
|    n_updates            | 10          |
|    policy_gradient_loss | -0.00961    |
|    value_loss           | 0.106       |
-----------------------------------------
------------------------------------------
| rollout/                |              |
|    ep_len_mean          | 381          |
|    ep_rew_mean          | -8.01        |
| time/                   |              |
|    fps                  | 221          |
|    iterations           | 4            |
|    time_elapsed         | 147          |
|    total_timesteps      | 32768        |
| train/                  |              |
|    approx_kl            | 0.0069114985 |
|    clip_fraction        | 0.0406       |
|    clip_range           | 0.2          |
|    entropy_loss         | -2.23        |
|    explained_variance   | 0.774        |
|    learning_rate        | 0.0003       |
|    loss                 | -0.01        |
|    n_updates            | 15           |
|    policy_gradient_loss | -0.00558     |
|    value_loss           | 0.0568       |
------------------------------------------
------------------------------------------
| rollout/                |              |
|    ep_len_mean          | 426          |
|    ep_rew_mean          | -8.2         |
| time/                   |              |
|    fps                  | 219          |
|    iterations           | 5            |
|    time_elapsed         | 186          |
|    total_timesteps      | 40960        |
| train/                  |              |
|    approx_kl            | 0.0096392725 |
|    clip_fraction        | 0.0675       |
|    clip_range           | 0.2          |
|    entropy_loss         | -2.23        |
|    explained_variance   | 0.906        |
|    learning_rate        | 0.0003       |
|    loss                 | -0.0154      |
|    n_updates            | 20           |
|    policy_gradient_loss | -0.0067      |
|    value_loss           | 0.0386       |
------------------------------------------
-----------------------------------------
| rollout/                |             |
|    ep_len_mean          | 454         |
|    ep_rew_mean          | -7.81       |
| time/                   |             |
|    fps                  | 217         |
|    iterations           | 6           |
|    time_elapsed         | 225         |
|    total_timesteps      | 49152       |
| train/                  |             |
|    approx_kl            | 0.010414828 |
|    clip_fraction        | 0.0904      |
|    clip_range           | 0.2         |
|    entropy_loss         | -2.23       |
|    explained_variance   | 0.846       |
|    learning_rate        | 0.0003      |
|    loss                 | -0.0228     |
|    n_updates            | 25          |
|    policy_gradient_loss | -0.00836    |
|    value_loss           | 0.0224      |
-----------------------------------------
----------------------------------------
| rollout/                |            |
|    ep_len_mean          | 503        |
|    ep_rew_mean          | -7.31      |
| time/                   |            |
|    fps                  | 216        |
|    iterations           | 7          |
|    time_elapsed         | 264        |
|    total_timesteps      | 57344      |
| train/                  |            |
|    approx_kl            | 0.01107969 |
|    clip_fraction        | 0.112      |
|    clip_range           | 0.2        |
|    entropy_loss         | -2.2       |
|    explained_variance   | 0.898      |
|    learning_rate        | 0.0003     |
|    loss                 | -0.0347    |
|    n_updates            | 30         |
|    policy_gradient_loss | -0.0111    |
|    value_loss           | 0.0142     |
----------------------------------------
-----------------------------------------
| rollout/                |             |
|    ep_len_mean          | 533         |
|    ep_rew_mean          | -5.2        |
| time/                   |             |
|    fps                  | 215         |
|    iterations           | 8           |
|    time_elapsed         | 303         |
|    total_timesteps      | 65536       |
| train/                  |             |
|    approx_kl            | 0.010646287 |
|    clip_fraction        | 0.101       |
|    clip_range           | 0.2         |
|    entropy_loss         | -2.18       |
|    explained_variance   | 0.894       |
|    learning_rate        | 0.0003      |
|    loss                 | -0.0189     |
|    n_updates            | 35          |
|    policy_gradient_loss | -0.0104     |
|    value_loss           | 0.0234      |
-----------------------------------------
-----------------------------------------
| rollout/                |             |
|    ep_len_mean          | 569         |
|    ep_rew_mean          | -3.03       |
| time/                   |             |
|    fps                  | 214         |
|    iterations           | 9           |
|    time_elapsed         | 344         |
|    total_timesteps      | 73728       |
| train/                  |             |
|    approx_kl            | 0.011644052 |
|    clip_fraction        | 0.11        |
|    clip_range           | 0.2         |
|    entropy_loss         | -2.15       |
|    explained_variance   | 0.886       |
|    learning_rate        | 0.0003      |
|    loss                 | -0.0133     |
|    n_updates            | 40          |
|    policy_gradient_loss | -0.0112     |
|    value_loss           | 0.0181      |
-----------------------------------------
-----------------------------------------
| rollout/                |             |
|    ep_len_mean          | 488         |
|    ep_rew_mean          | 5.9         |
| time/                   |             |
|    fps                  | 213         |
|    iterations           | 10          |
|    time_elapsed         | 384         |
|    total_timesteps      | 81920       |
| train/                  |             |
|    approx_kl            | 0.010559676 |
|    clip_fraction        | 0.0937      |
|    clip_range           | 0.2         |
|    entropy_loss         | -2.1        |
|    explained_variance   | 0.902       |
|    learning_rate        | 0.0003      |
|    loss                 | -0.0223     |
|    n_updates            | 45          |
|    policy_gradient_loss | -0.00862    |
|    value_loss           | 0.0182      |
-----------------------------------------
-----------------------------------------
| rollout/                |             |
|    ep_len_mean          | 393         |
|    ep_rew_mean          | 10.8        |
| time/                   |             |
|    fps                  | 212         |
|    iterations           | 11          |
|    time_elapsed         | 423         |
|    total_timesteps      | 90112       |
| train/                  |             |
|    approx_kl            | 0.011116853 |
|    clip_fraction        | 0.0913      |
|    clip_range           | 0.2         |
|    entropy_loss         | -2.05       |
|    explained_variance   | 0.846       |
|    learning_rate        | 0.0003      |
|    loss                 | -0.0242     |
|    n_updates            | 50          |
|    policy_gradient_loss | -0.00943    |
|    value_loss           | 0.0282      |
-----------------------------------------
------------------------------------------
| rollout/                |              |
|    ep_len_mean          | 308          |
|    ep_rew_mean          | 12.7         |
| time/                   |              |
|    fps                  | 212          |
|    iterations           | 12           |
|    time_elapsed         | 461          |
|    total_timesteps      | 98304        |
| train/                  |              |
|    approx_kl            | 0.0070548262 |
|    clip_fraction        | 0.0527       |
|    clip_range           | 0.2          |
|    entropy_loss         | -2.04        |
|    explained_variance   | 0.845        |
|    learning_rate        | 0.0003       |
|    loss                 | -0.0157      |
|    n_updates            | 55           |
|    policy_gradient_loss | -0.00555     |
|    value_loss           | 0.039        |
------------------------------------------
----------------------------------------
| rollout/                |            |
|    ep_len_mean          | 269        |
|    ep_rew_mean          | 16         |
| time/                   |            |
|    fps                  | 212        |
|    iterations           | 13         |
|    time_elapsed         | 501        |
|    total_timesteps      | 106496     |
| train/                  |            |
|    approx_kl            | 0.00916045 |
|    clip_fraction        | 0.0888     |
|    clip_range           | 0.2        |
|    entropy_loss         | -2.02      |
|    explained_variance   | 0.813      |
|    learning_rate        | 0.0003     |
|    loss                 | -0.00483   |
|    n_updates            | 60         |
|    policy_gradient_loss | -0.0081    |
|    value_loss           | 0.0426     |
----------------------------------------
------------------------------------------
| rollout/                |              |
|    ep_len_mean          | 254          |
|    ep_rew_mean          | 17.4         |
| time/                   |              |
|    fps                  | 212          |
|    iterations           | 14           |
|    time_elapsed         | 539          |
|    total_timesteps      | 114688       |
| train/                  |              |
|    approx_kl            | 0.0071511697 |
|    clip_fraction        | 0.0567       |
|    clip_range           | 0.2          |
|    entropy_loss         | -1.97        |
|    explained_variance   | 0.755        |
|    learning_rate        | 0.0003       |
|    loss                 | -0.0109      |
|    n_updates            | 65           |
|    policy_gradient_loss | -0.00634     |
|    value_loss           | 0.0499       |
------------------------------------------
----------------------------------------
| rollout/                |            |
|    ep_len_mean          | 255        |
|    ep_rew_mean          | 19.7       |
| time/                   |            |
|    fps                  | 213        |
|    iterations           | 15         |
|    time_elapsed         | 576        |
|    total_timesteps      | 122880     |
| train/                  |            |
|    approx_kl            | 0.00925751 |
|    clip_fraction        | 0.0743     |
|    clip_range           | 0.2        |
|    entropy_loss         | -1.97      |
|    explained_variance   | 0.804      |
|    learning_rate        | 0.0003     |
|    loss                 | -0.00901   |
|    n_updates            | 70         |
|    policy_gradient_loss | -0.00723   |
|    value_loss           | 0.0423     |
----------------------------------------
------------------------------------------
| rollout/                |              |
|    ep_len_mean          | 228          |
|    ep_rew_mean          | 18.9         |
| time/                   |              |
|    fps                  | 213          |
|    iterations           | 16           |
|    time_elapsed         | 614          |
|    total_timesteps      | 131072       |
| train/                  |              |
|    approx_kl            | 0.0086138025 |
|    clip_fraction        | 0.0602       |
|    clip_range           | 0.2          |
|    entropy_loss         | -1.92        |
|    explained_variance   | 0.803        |
|    learning_rate        | 0.0003       |
|    loss                 | 0.00528      |
|    n_updates            | 75           |
|    policy_gradient_loss | -0.00618     |
|    value_loss           | 0.0528       |
------------------------------------------
-----------------------------------------
| rollout/                |             |
|    ep_len_mean          | 218         |
|    ep_rew_mean          | 18.2        |
| time/                   |             |
|    fps                  | 213         |
|    iterations           | 17          |
|    time_elapsed         | 651         |
|    total_timesteps      | 139264      |
| train/                  |             |
|    approx_kl            | 0.007825707 |
|    clip_fraction        | 0.0564      |
|    clip_range           | 0.2         |
|    entropy_loss         | -1.91       |
|    explained_variance   | 0.731       |
|    learning_rate        | 0.0003      |
|    loss                 | -0.000262   |
|    n_updates            | 80          |
|    policy_gradient_loss | -0.00654    |
|    value_loss           | 0.0765      |
-----------------------------------------
-----------------------------------------
| rollout/                |             |
|    ep_len_mean          | 221         |
|    ep_rew_mean          | 18.1        |
| time/                   |             |
|    fps                  | 214         |
|    iterations           | 18          |
|    time_elapsed         | 687         |
|    total_timesteps      | 147456      |
| train/                  |             |
|    approx_kl            | 0.007049624 |
|    clip_fraction        | 0.0511      |
|    clip_range           | 0.2         |
|    entropy_loss         | -1.89       |
|    explained_variance   | 0.748       |
|    learning_rate        | 0.0003      |
|    loss                 | 0.00046     |
|    n_updates            | 85          |
|    policy_gradient_loss | -0.00633    |
|    value_loss           | 0.0607      |
-----------------------------------------
-----------------------------------------
| rollout/                |             |
|    ep_len_mean          | 223         |
|    ep_rew_mean          | 18.6        |
| time/                   |             |
|    fps                  | 215         |
|    iterations           | 19          |
|    time_elapsed         | 722         |
|    total_timesteps      | 155648      |
| train/                  |             |
|    approx_kl            | 0.008698091 |
|    clip_fraction        | 0.0583      |
|    clip_range           | 0.2         |
|    entropy_loss         | -1.89       |
|    explained_variance   | 0.771       |
|    learning_rate        | 0.0003      |
|    loss                 | 0.0113      |
|    n_updates            | 90          |
|    policy_gradient_loss | -0.00514    |
|    value_loss           | 0.0765      |
-----------------------------------------
-----------------------------------------
| rollout/                |             |
|    ep_len_mean          | 202         |
|    ep_rew_mean          | 17.2        |
| time/                   |             |
|    fps                  | 216         |
|    iterations           | 20          |
|    time_elapsed         | 757         |
|    total_timesteps      | 163840      |
| train/                  |             |
|    approx_kl            | 0.007654628 |
|    clip_fraction        | 0.0603      |
|    clip_range           | 0.2         |
|    entropy_loss         | -1.9        |
|    explained_variance   | 0.757       |
|    learning_rate        | 0.0003      |
|    loss                 | 0.0129      |
|    n_updates            | 95          |
|    policy_gradient_loss | -0.00645    |
|    value_loss           | 0.0829      |
-----------------------------------------
------------------------------------------
| rollout/                |              |
|    ep_len_mean          | 204          |
|    ep_rew_mean          | 19           |
| time/                   |              |
|    fps                  | 217          |
|    iterations           | 21           |
|    time_elapsed         | 791          |
|    total_timesteps      | 172032       |
| train/                  |              |
|    approx_kl            | 0.0072723124 |
|    clip_fraction        | 0.0422       |
|    clip_range           | 0.2          |
|    entropy_loss         | -1.86        |
|    explained_variance   | 0.725        |
|    learning_rate        | 0.0003       |
|    loss                 | 0.0263       |
|    n_updates            | 100          |
|    policy_gradient_loss | -0.00552     |
|    value_loss           | 0.0944       |
------------------------------------------
------------------------------------------
| rollout/                |              |
|    ep_len_mean          | 216          |
|    ep_rew_mean          | 20.6         |
| time/                   |              |
|    fps                  | 218          |
|    iterations           | 22           |
|    time_elapsed         | 825          |
|    total_timesteps      | 180224       |
| train/                  |              |
|    approx_kl            | 0.0062281415 |
|    clip_fraction        | 0.0314       |
|    clip_range           | 0.2          |
|    entropy_loss         | -1.83        |
|    explained_variance   | 0.51         |
|    learning_rate        | 0.0003       |
|    loss                 | 0.0201       |
|    n_updates            | 105          |
|    policy_gradient_loss | -0.00339     |
|    value_loss           | 0.161        |
------------------------------------------
------------------------------------------
| rollout/                |              |
|    ep_len_mean          | 223          |
|    ep_rew_mean          | 21.1         |
| time/                   |              |
|    fps                  | 219          |
|    iterations           | 23           |
|    time_elapsed         | 860          |
|    total_timesteps      | 188416       |
| train/                  |              |
|    approx_kl            | 0.0059765903 |
|    clip_fraction        | 0.0423       |
|    clip_range           | 0.2          |
|    entropy_loss         | -1.84        |
|    explained_variance   | 0.833        |
|    learning_rate        | 0.0003       |
|    loss                 | 0.00105      |
|    n_updates            | 110          |
|    policy_gradient_loss | -0.00541     |
|    value_loss           | 0.0887       |
------------------------------------------
-----------------------------------------
| rollout/                |             |
|    ep_len_mean          | 278         |
|    ep_rew_mean          | 15.5        |
| time/                   |             |
|    fps                  | 219         |
|    iterations           | 24          |
|    time_elapsed         | 895         |
|    total_timesteps      | 196608      |
| train/                  |             |
|    approx_kl            | 0.006482662 |
|    clip_fraction        | 0.0396      |
|    clip_range           | 0.2         |
|    entropy_loss         | -1.8        |
|    explained_variance   | 0.909       |
|    learning_rate        | 0.0003      |
|    loss                 | 0.00465     |
|    n_updates            | 115         |
|    policy_gradient_loss | -0.00569    |
|    value_loss           | 0.0747      |
-----------------------------------------
-----------------------------------------
| rollout/                |             |
|    ep_len_mean          | 288         |
|    ep_rew_mean          | 17.8        |
| time/                   |             |
|    fps                  | 219         |
|    iterations           | 25          |
|    time_elapsed         | 931         |
|    total_timesteps      | 204800      |
| train/                  |             |
|    approx_kl            | 0.009603627 |
|    clip_fraction        | 0.0721      |
|    clip_range           | 0.2         |
|    entropy_loss         | -1.79       |
|    explained_variance   | 0.942       |
|    learning_rate        | 0.0003      |
|    loss                 | -0.00845    |
|    n_updates            | 120         |
|    policy_gradient_loss | -0.00673    |
|    value_loss           | 0.0455      |
-----------------------------------------
-----------------------------------------
| rollout/                |             |
|    ep_len_mean          | 286         |
|    ep_rew_mean          | 19          |
| time/                   |             |
|    fps                  | 220         |
|    iterations           | 26          |
|    time_elapsed         | 964         |
|    total_timesteps      | 212992      |
| train/                  |             |
|    approx_kl            | 0.005495864 |
|    clip_fraction        | 0.03        |
|    clip_range           | 0.2         |
|    entropy_loss         | -1.84       |
|    explained_variance   | 0.839       |
|    learning_rate        | 0.0003      |
|    loss                 | 0.0043      |
|    n_updates            | 125         |
|    policy_gradient_loss | -0.00404    |
|    value_loss           | 0.0637      |
-----------------------------------------
------------------------------------------
| rollout/                |              |
|    ep_len_mean          | 248          |
|    ep_rew_mean          | 26.5         |
| time/                   |              |
|    fps                  | 221          |
|    iterations           | 27           |
|    time_elapsed         | 999          |
|    total_timesteps      | 221184       |
| train/                  |              |
|    approx_kl            | 0.0068980083 |
|    clip_fraction        | 0.0489       |
|    clip_range           | 0.2          |
|    entropy_loss         | -1.8         |
|    explained_variance   | 0.828        |
|    learning_rate        | 0.0003       |
|    loss                 | -0.00278     |
|    n_updates            | 130          |
|    policy_gradient_loss | -0.00536     |
|    value_loss           | 0.0644       |
------------------------------------------
-----------------------------------------
| rollout/                |             |
|    ep_len_mean          | 236         |
|    ep_rew_mean          | 26.8        |
| time/                   |             |
|    fps                  | 221         |
|    iterations           | 28          |
|    time_elapsed         | 1033        |
|    total_timesteps      | 229376      |
| train/                  |             |
|    approx_kl            | 0.010812112 |
|    clip_fraction        | 0.0853      |
|    clip_range           | 0.2         |
|    entropy_loss         | -1.81       |
|    explained_variance   | 0.822       |
|    learning_rate        | 0.0003      |
|    loss                 | 0.00246     |
|    n_updates            | 135         |
|    policy_gradient_loss | -0.00571    |
|    value_loss           | 0.0665      |
-----------------------------------------
-----------------------------------------
| rollout/                |             |
|    ep_len_mean          | 229         |
|    ep_rew_mean          | 27.6        |
| time/                   |             |
|    fps                  | 222         |
|    iterations           | 29          |
|    time_elapsed         | 1068        |
|    total_timesteps      | 237568      |
| train/                  |             |
|    approx_kl            | 0.008421084 |
|    clip_fraction        | 0.0584      |
|    clip_range           | 0.2         |
|    entropy_loss         | -1.76       |
|    explained_variance   | 0.765       |
|    learning_rate        | 0.0003      |
|    loss                 | -0.00382    |
|    n_updates            | 140         |
|    policy_gradient_loss | -0.00602    |
|    value_loss           | 0.0687      |
-----------------------------------------
------------------------------------------
| rollout/                |              |
|    ep_len_mean          | 226          |
|    ep_rew_mean          | 28.9         |
| time/                   |              |
|    fps                  | 222          |
|    iterations           | 30           |
|    time_elapsed         | 1103         |
|    total_timesteps      | 245760       |
| train/                  |              |
|    approx_kl            | 0.0077957097 |
|    clip_fraction        | 0.0643       |
|    clip_range           | 0.2          |
|    entropy_loss         | -1.75        |
|    explained_variance   | 0.64         |
|    learning_rate        | 0.0003       |
|    loss                 | 0.0299       |
|    n_updates            | 145          |
|    policy_gradient_loss | -0.00325     |
|    value_loss           | 0.14         |
------------------------------------------
------------------------------------------
| rollout/                |              |
|    ep_len_mean          | 243          |
|    ep_rew_mean          | 31.3         |
| time/                   |              |
|    fps                  | 223          |
|    iterations           | 31           |
|    time_elapsed         | 1138         |
|    total_timesteps      | 253952       |
| train/                  |              |
|    approx_kl            | 0.0065153856 |
|    clip_fraction        | 0.0466       |
|    clip_range           | 0.2          |
|    entropy_loss         | -1.75        |
|    explained_variance   | 0.77         |
|    learning_rate        | 0.0003       |
|    loss                 | 0.00555      |
|    n_updates            | 150          |
|    policy_gradient_loss | -0.00431     |
|    value_loss           | 0.129        |
------------------------------------------
------------------------------------------
| rollout/                |              |
|    ep_len_mean          | 290          |
|    ep_rew_mean          | 25.9         |
| time/                   |              |
|    fps                  | 223          |
|    iterations           | 32           |
|    time_elapsed         | 1172         |
|    total_timesteps      | 262144       |
| train/                  |              |
|    approx_kl            | 0.0069751507 |
|    clip_fraction        | 0.0286       |
|    clip_range           | 0.2          |
|    entropy_loss         | -1.78        |
|    explained_variance   | 0.85         |
|    learning_rate        | 0.0003       |
|    loss                 | 0.0544       |
|    n_updates            | 155          |
|    policy_gradient_loss | -0.00325     |
|    value_loss           | 0.118        |
------------------------------------------
-----------------------------------------
| rollout/                |             |
|    ep_len_mean          | 300         |
|    ep_rew_mean          | 26.5        |
| time/                   |             |
|    fps                  | 224         |
|    iterations           | 33          |
|    time_elapsed         | 1206        |
|    total_timesteps      | 270336      |
| train/                  |             |
|    approx_kl            | 0.007662596 |
|    clip_fraction        | 0.0512      |
|    clip_range           | 0.2         |
|    entropy_loss         | -1.73       |
|    explained_variance   | 0.918       |
|    learning_rate        | 0.0003      |
|    loss                 | 0.00845     |
|    n_updates            | 160         |
|    policy_gradient_loss | -0.00571    |
|    value_loss           | 0.0586      |
-----------------------------------------
-----------------------------------------
| rollout/                |             |
|    ep_len_mean          | 350         |
|    ep_rew_mean          | 20.5        |
| time/                   |             |
|    fps                  | 224         |
|    iterations           | 34          |
|    time_elapsed         | 1240        |
|    total_timesteps      | 278528      |
| train/                  |             |
|    approx_kl            | 0.006991271 |
|    clip_fraction        | 0.0378      |
|    clip_range           | 0.2         |
|    entropy_loss         | -1.79       |
|    explained_variance   | 0.958       |
|    learning_rate        | 0.0003      |
|    loss                 | -0.0141     |
|    n_updates            | 165         |
|    policy_gradient_loss | -0.00435    |
|    value_loss           | 0.0414      |
-----------------------------------------
-----------------------------------------
| rollout/                |             |
|    ep_len_mean          | 385         |
|    ep_rew_mean          | 15.6        |
| time/                   |             |
|    fps                  | 224         |
|    iterations           | 35          |
|    time_elapsed         | 1274        |
|    total_timesteps      | 286720      |
| train/                  |             |
|    approx_kl            | 0.006710639 |
|    clip_fraction        | 0.0413      |
|    clip_range           | 0.2         |
|    entropy_loss         | -1.73       |
|    explained_variance   | 0.972       |
|    learning_rate        | 0.0003      |
|    loss                 | -0.0034     |
|    n_updates            | 170         |
|    policy_gradient_loss | -0.0049     |
|    value_loss           | 0.0445      |
-----------------------------------------
-----------------------------------------
| rollout/                |             |
|    ep_len_mean          | 340         |
|    ep_rew_mean          | 21.4        |
| time/                   |             |
|    fps                  | 225         |
|    iterations           | 36          |
|    time_elapsed         | 1309        |
|    total_timesteps      | 294912      |
| train/                  |             |
|    approx_kl            | 0.005088308 |
|    clip_fraction        | 0.0275      |
|    clip_range           | 0.2         |
|    entropy_loss         | -1.69       |
|    explained_variance   | 0.857       |
|    learning_rate        | 0.0003      |
|    loss                 | 0.0385      |
|    n_updates            | 175         |
|    policy_gradient_loss | -0.00316    |
|    value_loss           | 0.119       |
-----------------------------------------
[Checkpoint] Saved at 300000 steps > C:\Users\Admin\Desktop\disciple\realnewdisciples-main\Big_map\campaign_checkpoints\default-green-dragon-classic-2m-20260913-222410\campaign_ppo_step_300000.zip
Eval num_timesteps=300000, det_reward=-105.86 +/- 147.97
Episode length: det=2649.20 +/- 2222.02
Victory rate: det=0.00%
--------------------------------------------------
| eval/                           |              |
|    deterministic_mean_ep_length | 2.65e+03     |
|    deterministic_mean_reward    | -106         |
|    deterministic_victory_rate   | 0            |
|    mean_ep_length               | 2.65e+03     |
|    mean_reward                  | -106         |
|    victory_rate                 | 0            |
| time/                           |              |
|    total_timesteps              | 300000       |
| train/                          |              |
|    approx_kl                    | 0.0063064285 |
|    clip_fraction                | 0.0302       |
|    clip_range                   | 0.2          |
|    entropy_loss                 | -1.72        |
|    explained_variance           | 0.876        |
|    learning_rate                | 0.0003       |
|    loss                         | -0.0027      |
|    n_updates                    | 180          |
|    policy_gradient_loss         | -0.00324     |
|    value_loss                   | 0.0545       |
--------------------------------------------------
New best model by deterministic victory rate!
---------------------------------
| rollout/           |          |
|    ep_len_mean     | 337      |
|    ep_rew_mean     | 22.5     |
| time/              |          |
|    fps             | 190      |
|    iterations      | 37       |
|    time_elapsed    | 1594     |
|    total_timesteps | 303104   |
---------------------------------
------------------------------------------
| rollout/                |              |
|    ep_len_mean          | 237          |
|    ep_rew_mean          | 31.5         |
| time/                   |              |
|    fps                  | 191          |
|    iterations           | 38           |
|    time_elapsed         | 1629         |
|    total_timesteps      | 311296       |
| train/                  |              |
|    approx_kl            | 0.0063605104 |
|    clip_fraction        | 0.0602       |
|    clip_range           | 0.2          |
|    entropy_loss         | -1.71        |
|    explained_variance   | 0.864        |
|    learning_rate        | 0.0003       |
|    loss                 | 0.01         |
|    n_updates            | 185          |
|    policy_gradient_loss | -0.00514     |
|    value_loss           | 0.0625       |
------------------------------------------
-----------------------------------------
| rollout/                |             |
|    ep_len_mean          | 239         |
|    ep_rew_mean          | 34.9        |
| time/                   |             |
|    fps                  | 192         |
|    iterations           | 39          |
|    time_elapsed         | 1663        |
|    total_timesteps      | 319488      |
| train/                  |             |
|    approx_kl            | 0.007133008 |
|    clip_fraction        | 0.0677      |
|    clip_range           | 0.2         |
|    entropy_loss         | -1.72       |
|    explained_variance   | 0.699       |
|    learning_rate        | 0.0003      |
|    loss                 | 0.00313     |
|    n_updates            | 190         |
|    policy_gradient_loss | -0.00592    |
|    value_loss           | 0.132       |
-----------------------------------------
----------------------------------------
| rollout/                |            |
|    ep_len_mean          | 262        |
|    ep_rew_mean          | 35.7       |
| time/                   |            |
|    fps                  | 193        |
|    iterations           | 40         |
|    time_elapsed         | 1697       |
|    total_timesteps      | 327680     |
| train/                  |            |
|    approx_kl            | 0.00628903 |
|    clip_fraction        | 0.0533     |
|    clip_range           | 0.2        |
|    entropy_loss         | -1.69      |
|    explained_variance   | 0.801      |
|    learning_rate        | 0.0003     |
|    loss                 | 0.0298     |
|    n_updates            | 195        |
|    policy_gradient_loss | -0.00473   |
|    value_loss           | 0.159      |
----------------------------------------
------------------------------------------
| rollout/                |              |
|    ep_len_mean          | 293          |
|    ep_rew_mean          | 29.1         |
| time/                   |              |
|    fps                  | 193          |
|    iterations           | 41           |
|    time_elapsed         | 1731         |
|    total_timesteps      | 335872       |
| train/                  |              |
|    approx_kl            | 0.0078300405 |
|    clip_fraction        | 0.0604       |
|    clip_range           | 0.2          |
|    entropy_loss         | -1.74        |
|    explained_variance   | 0.898        |
|    learning_rate        | 0.0003       |
|    loss                 | 0.0123       |
|    n_updates            | 200          |
|    policy_gradient_loss | -0.00443     |
|    value_loss           | 0.085        |
------------------------------------------
------------------------------------------
| rollout/                |              |
|    ep_len_mean          | 339          |
|    ep_rew_mean          | 27.1         |
| time/                   |              |
|    fps                  | 194          |
|    iterations           | 42           |
|    time_elapsed         | 1764         |
|    total_timesteps      | 344064       |
| train/                  |              |
|    approx_kl            | 0.0064595267 |
|    clip_fraction        | 0.0406       |
|    clip_range           | 0.2          |
|    entropy_loss         | -1.72        |
|    explained_variance   | 0.919        |
|    learning_rate        | 0.0003       |
|    loss                 | -0.00797     |
|    n_updates            | 205          |
|    policy_gradient_loss | -0.00408     |
|    value_loss           | 0.0443       |
------------------------------------------
------------------------------------------
| rollout/                |              |
|    ep_len_mean          | 389          |
|    ep_rew_mean          | 28.2         |
| time/                   |              |
|    fps                  | 195          |
|    iterations           | 43           |
|    time_elapsed         | 1797         |
|    total_timesteps      | 352256       |
| train/                  |              |
|    approx_kl            | 0.0076773954 |
|    clip_fraction        | 0.0586       |
|    clip_range           | 0.2          |
|    entropy_loss         | -1.67        |
|    explained_variance   | 0.941        |
|    learning_rate        | 0.0003       |
|    loss                 | -0.00613     |
|    n_updates            | 210          |
|    policy_gradient_loss | -0.00533     |
|    value_loss           | 0.045        |
------------------------------------------
-----------------------------------------
| rollout/                |             |
|    ep_len_mean          | 395         |
|    ep_rew_mean          | 29.3        |
| time/                   |             |
|    fps                  | 196         |
|    iterations           | 44          |
|    time_elapsed         | 1832        |
|    total_timesteps      | 360448      |
| train/                  |             |
|    approx_kl            | 0.006491606 |
|    clip_fraction        | 0.0465      |
|    clip_range           | 0.2         |
|    entropy_loss         | -1.68       |
|    explained_variance   | 0.897       |
|    learning_rate        | 0.0003      |
|    loss                 | 0.00633     |
|    n_updates            | 215         |
|    policy_gradient_loss | -0.00381    |
|    value_loss           | 0.0988      |
-----------------------------------------
-----------------------------------------
| rollout/                |             |
|    ep_len_mean          | 442         |
|    ep_rew_mean          | 24.3        |
| time/                   |             |
|    fps                  | 197         |
|    iterations           | 45          |
|    time_elapsed         | 1865        |
|    total_timesteps      | 368640      |
| train/                  |             |
|    approx_kl            | 0.005139599 |
|    clip_fraction        | 0.0304      |
|    clip_range           | 0.2         |
|    entropy_loss         | -1.76       |
|    explained_variance   | 0.948       |
|    learning_rate        | 0.0003      |
|    loss                 | -0.0136     |
|    n_updates            | 220         |
|    policy_gradient_loss | -0.00316    |
|    value_loss           | 0.0373      |
-----------------------------------------
-----------------------------------------
| rollout/                |             |
|    ep_len_mean          | 505         |
|    ep_rew_mean          | 17.5        |
| time/                   |             |
|    fps                  | 198         |
|    iterations           | 46          |
|    time_elapsed         | 1898        |
|    total_timesteps      | 376832      |
| train/                  |             |
|    approx_kl            | 0.006633955 |
|    clip_fraction        | 0.04        |
|    clip_range           | 0.2         |
|    entropy_loss         | -1.67       |
|    explained_variance   | 0.965       |
|    learning_rate        | 0.0003      |
|    loss                 | -0.0122     |
|    n_updates            | 225         |
|    policy_gradient_loss | -0.00459    |
|    value_loss           | 0.033       |
-----------------------------------------
-----------------------------------------
| rollout/                |             |
|    ep_len_mean          | 459         |
|    ep_rew_mean          | 25.5        |
| time/                   |             |
|    fps                  | 199         |
|    iterations           | 47          |
|    time_elapsed         | 1931        |
|    total_timesteps      | 385024      |
| train/                  |             |
|    approx_kl            | 0.005795071 |
|    clip_fraction        | 0.0397      |
|    clip_range           | 0.2         |
|    entropy_loss         | -1.65       |
|    explained_variance   | 0.926       |
|    learning_rate        | 0.0003      |
|    loss                 | 0.0362      |
|    n_updates            | 230         |
|    policy_gradient_loss | -0.00408    |
|    value_loss           | 0.0787      |
-----------------------------------------
----------------------------------------
| rollout/                |            |
|    ep_len_mean          | 420        |
|    ep_rew_mean          | 25.2       |
| time/                   |            |
|    fps                  | 200        |
|    iterations           | 48         |
|    time_elapsed         | 1964       |
|    total_timesteps      | 393216     |
| train/                  |            |
|    approx_kl            | 0.00545821 |
|    clip_fraction        | 0.0355     |
|    clip_range           | 0.2        |
|    entropy_loss         | -1.62      |
|    explained_variance   | 0.913      |
|    learning_rate        | 0.0003     |
|    loss                 | 0.0104     |
|    n_updates            | 235        |
|    policy_gradient_loss | -0.00353   |
|    value_loss           | 0.0961     |
----------------------------------------
------------------------------------------
| rollout/                |              |
|    ep_len_mean          | 324          |
|    ep_rew_mean          | 33.9         |
| time/                   |              |
|    fps                  | 200          |
|    iterations           | 49           |
|    time_elapsed         | 1998         |
|    total_timesteps      | 401408       |
| train/                  |              |
|    approx_kl            | 0.0057880213 |
|    clip_fraction        | 0.0347       |
|    clip_range           | 0.2          |
|    entropy_loss         | -1.62        |
|    explained_variance   | 0.802        |
|    learning_rate        | 0.0003       |
|    loss                 | 0.0686       |
|    n_updates            | 240          |
|    policy_gradient_loss | -0.00381     |
|    value_loss           | 0.164        |
------------------------------------------
----------------------------------------
| rollout/                |            |
|    ep_len_mean          | 336        |
|    ep_rew_mean          | 33.2       |
| time/                   |            |
|    fps                  | 201        |
|    iterations           | 50         |
|    time_elapsed         | 2030       |
|    total_timesteps      | 409600     |
| train/                  |            |
|    approx_kl            | 0.00703576 |
|    clip_fraction        | 0.0538     |
|    clip_range           | 0.2        |
|    entropy_loss         | -1.64      |
|    explained_variance   | 0.898      |
|    learning_rate        | 0.0003     |
|    loss                 | 0.0137     |
|    n_updates            | 245        |
|    policy_gradient_loss | -0.0038    |
|    value_loss           | 0.0865     |
----------------------------------------
-----------------------------------------
| rollout/                |             |
|    ep_len_mean          | 290         |
|    ep_rew_mean          | 36.1        |
| time/                   |             |
|    fps                  | 202         |
|    iterations           | 51          |
|    time_elapsed         | 2064        |
|    total_timesteps      | 417792      |
| train/                  |             |
|    approx_kl            | 0.006230466 |
|    clip_fraction        | 0.0467      |
|    clip_range           | 0.2         |
|    entropy_loss         | -1.59       |
|    explained_variance   | 0.921       |
|    learning_rate        | 0.0003      |
|    loss                 | -0.00372    |
|    n_updates            | 250         |
|    policy_gradient_loss | -0.00443    |
|    value_loss           | 0.0531      |
-----------------------------------------
------------------------------------------
| rollout/                |              |
|    ep_len_mean          | 284          |
|    ep_rew_mean          | 35.9         |
| time/                   |              |
|    fps                  | 203          |
|    iterations           | 52           |
|    time_elapsed         | 2097         |
|    total_timesteps      | 425984       |
| train/                  |              |
|    approx_kl            | 0.0072740703 |
|    clip_fraction        | 0.0547       |
|    clip_range           | 0.2          |
|    entropy_loss         | -1.6         |
|    explained_variance   | 0.793        |
|    learning_rate        | 0.0003       |
|    loss                 | 0.00237      |
|    n_updates            | 255          |
|    policy_gradient_loss | -0.00577     |
|    value_loss           | 0.0864       |
------------------------------------------
-----------------------------------------
| rollout/                |             |
|    ep_len_mean          | 329         |
|    ep_rew_mean          | 33.5        |
| time/                   |             |
|    fps                  | 203         |
|    iterations           | 53          |
|    time_elapsed         | 2131        |
|    total_timesteps      | 434176      |
| train/                  |             |
|    approx_kl            | 0.005841942 |
|    clip_fraction        | 0.0481      |
|    clip_range           | 0.2         |
|    entropy_loss         | -1.57       |
|    explained_variance   | 0.908       |
|    learning_rate        | 0.0003      |
|    loss                 | 0.0149      |
|    n_updates            | 260         |
|    policy_gradient_loss | -0.00443    |
|    value_loss           | 0.0749      |
-----------------------------------------
-----------------------------------------
| rollout/                |             |
|    ep_len_mean          | 376         |
|    ep_rew_mean          | 39.6        |
| time/                   |             |
|    fps                  | 204         |
|    iterations           | 54          |
|    time_elapsed         | 2164        |
|    total_timesteps      | 442368      |
| train/                  |             |
|    approx_kl            | 0.007143434 |
|    clip_fraction        | 0.0622      |
|    clip_range           | 0.2         |
|    entropy_loss         | -1.6        |
|    explained_variance   | 0.957       |
|    learning_rate        | 0.0003      |
|    loss                 | -0.0139     |
|    n_updates            | 265         |
|    policy_gradient_loss | -0.00481    |
|    value_loss           | 0.0324      |
-----------------------------------------
-----------------------------------------
| rollout/                |             |
|    ep_len_mean          | 347         |
|    ep_rew_mean          | 38.1        |
| time/                   |             |
|    fps                  | 205         |
|    iterations           | 55          |
|    time_elapsed         | 2197        |
|    total_timesteps      | 450560      |
| train/                  |             |
|    approx_kl            | 0.005746495 |
|    clip_fraction        | 0.0482      |
|    clip_range           | 0.2         |
|    entropy_loss         | -1.66       |
|    explained_variance   | 0.783       |
|    learning_rate        | 0.0003      |
|    loss                 | 0.0791      |
|    n_updates            | 270         |
|    policy_gradient_loss | -0.00308    |
|    value_loss           | 0.183       |
-----------------------------------------
-----------------------------------------
| rollout/                |             |
|    ep_len_mean          | 308         |
|    ep_rew_mean          | 40          |
| time/                   |             |
|    fps                  | 205         |
|    iterations           | 56          |
|    time_elapsed         | 2229        |
|    total_timesteps      | 458752      |
| train/                  |             |
|    approx_kl            | 0.006615566 |
|    clip_fraction        | 0.0545      |
|    clip_range           | 0.2         |
|    entropy_loss         | -1.54       |
|    explained_variance   | 0.838       |
|    learning_rate        | 0.0003      |
|    loss                 | 0.00464     |
|    n_updates            | 275         |
|    policy_gradient_loss | -0.00538    |
|    value_loss           | 0.0792      |
-----------------------------------------
------------------------------------------
| rollout/                |              |
|    ep_len_mean          | 264          |
|    ep_rew_mean          | 35.2         |
| time/                   |              |
|    fps                  | 206          |
|    iterations           | 57           |
|    time_elapsed         | 2262         |
|    total_timesteps      | 466944       |
| train/                  |              |
|    approx_kl            | 0.0074400525 |
|    clip_fraction        | 0.0587       |
|    clip_range           | 0.2          |
|    entropy_loss         | -1.52        |
|    explained_variance   | 0.804        |
|    learning_rate        | 0.0003       |
|    loss                 | 0.0133       |
|    n_updates            | 280          |
|    policy_gradient_loss | -0.00522     |
|    value_loss           | 0.0758       |
------------------------------------------
------------------------------------------
| rollout/                |              |
|    ep_len_mean          | 229          |
|    ep_rew_mean          | 38.8         |
| time/                   |              |
|    fps                  | 206          |
|    iterations           | 58           |
|    time_elapsed         | 2297         |
|    total_timesteps      | 475136       |
| train/                  |              |
|    approx_kl            | 0.0063292626 |
|    clip_fraction        | 0.0444       |
|    clip_range           | 0.2          |
|    entropy_loss         | -1.61        |
|    explained_variance   | 0.896        |
|    learning_rate        | 0.0003       |
|    loss                 | -0.000287    |
|    n_updates            | 285          |
|    policy_gradient_loss | -0.00523     |
|    value_loss           | 0.0658       |
------------------------------------------
-----------------------------------------
| rollout/                |             |
|    ep_len_mean          | 331         |
|    ep_rew_mean          | 34.3        |
| time/                   |             |
|    fps                  | 207         |
|    iterations           | 59          |
|    time_elapsed         | 2331        |
|    total_timesteps      | 483328      |
| train/                  |             |
|    approx_kl            | 0.008826013 |
|    clip_fraction        | 0.0482      |
|    clip_range           | 0.2         |
|    entropy_loss         | -1.65       |
|    explained_variance   | 0.97        |
|    learning_rate        | 0.0003      |
|    loss                 | -0.00822    |
|    n_updates            | 290         |
|    policy_gradient_loss | -0.00579    |
|    value_loss           | 0.0283      |
-----------------------------------------
-----------------------------------------
| rollout/                |             |
|    ep_len_mean          | 368         |
|    ep_rew_mean          | 36.7        |
| time/                   |             |
|    fps                  | 207         |
|    iterations           | 60          |
|    time_elapsed         | 2365        |
|    total_timesteps      | 491520      |
| train/                  |             |
|    approx_kl            | 0.009547232 |
|    clip_fraction        | 0.0702      |
|    clip_range           | 0.2         |
|    entropy_loss         | -1.68       |
|    explained_variance   | 0.958       |
|    learning_rate        | 0.0003      |
|    loss                 | -0.00948    |
|    n_updates            | 295         |
|    policy_gradient_loss | -0.0058     |
|    value_loss           | 0.0401      |
-----------------------------------------
-----------------------------------------
| rollout/                |             |
|    ep_len_mean          | 392         |
|    ep_rew_mean          | 36.6        |
| time/                   |             |
|    fps                  | 208         |
|    iterations           | 61          |
|    time_elapsed         | 2399        |
|    total_timesteps      | 499712      |
| train/                  |             |
|    approx_kl            | 0.007104111 |
|    clip_fraction        | 0.0652      |
|    clip_range           | 0.2         |
|    entropy_loss         | -1.54       |
|    explained_variance   | 0.921       |
|    learning_rate        | 0.0003      |
|    loss                 | 0.00108     |
|    n_updates            | 300         |
|    policy_gradient_loss | -0.00615    |
|    value_loss           | 0.0515      |
-----------------------------------------
-----------------------------------------
| rollout/                |             |
|    ep_len_mean          | 425         |
|    ep_rew_mean          | 37.4        |
| time/                   |             |
|    fps                  | 208         |
|    iterations           | 62          |
|    time_elapsed         | 2435        |
|    total_timesteps      | 507904      |
| train/                  |             |
|    approx_kl            | 0.006959297 |
|    clip_fraction        | 0.0576      |
|    clip_range           | 0.2         |
|    entropy_loss         | -1.7        |
|    explained_variance   | 0.95        |
|    learning_rate        | 0.0003      |
|    loss                 | -0.0082     |
|    n_updates            | 305         |
|    policy_gradient_loss | -0.00518    |
|    value_loss           | 0.0356      |
-----------------------------------------
------------------------------------------
| rollout/                |              |
|    ep_len_mean          | 298          |
|    ep_rew_mean          | 38.5         |
| time/                   |              |
|    fps                  | 209          |
|    iterations           | 63           |
|    time_elapsed         | 2468         |
|    total_timesteps      | 516096       |
| train/                  |              |
|    approx_kl            | 0.0053040637 |
|    clip_fraction        | 0.0407       |
|    clip_range           | 0.2          |
|    entropy_loss         | -1.64        |
|    explained_variance   | 0.939        |
|    learning_rate        | 0.0003       |
|    loss                 | 0.00636      |
|    n_updates            | 310          |
|    policy_gradient_loss | -0.00384     |
|    value_loss           | 0.0486       |
------------------------------------------
------------------------------------------
| rollout/                |              |
|    ep_len_mean          | 276          |
|    ep_rew_mean          | 40.2         |
| time/                   |              |
|    fps                  | 209          |
|    iterations           | 64           |
|    time_elapsed         | 2502         |
|    total_timesteps      | 524288       |
| train/                  |              |
|    approx_kl            | 0.0061750766 |
|    clip_fraction        | 0.0573       |
|    clip_range           | 0.2          |
|    entropy_loss         | -1.53        |
|    explained_variance   | 0.811        |
|    learning_rate        | 0.0003       |
|    loss                 | 0.0386       |
|    n_updates            | 315          |
|    policy_gradient_loss | -0.00408     |
|    value_loss           | 0.111        |
------------------------------------------
----------------------------------------
| rollout/                |            |
|    ep_len_mean          | 254        |
|    ep_rew_mean          | 43.1       |
| time/                   |            |
|    fps                  | 209        |
|    iterations           | 65         |
|    time_elapsed         | 2536       |
|    total_timesteps      | 532480     |
| train/                  |            |
|    approx_kl            | 0.00608766 |
|    clip_fraction        | 0.0484     |
|    clip_range           | 0.2        |
|    entropy_loss         | -1.54      |
|    explained_variance   | 0.823      |
|    learning_rate        | 0.0003     |
|    loss                 | 0.0132     |
|    n_updates            | 320        |
|    policy_gradient_loss | -0.00421   |
|    value_loss           | 0.101      |
----------------------------------------
-----------------------------------------
| rollout/                |             |
|    ep_len_mean          | 257         |
|    ep_rew_mean          | 47.4        |
| time/                   |             |
|    fps                  | 210         |
|    iterations           | 66          |
|    time_elapsed         | 2570        |
|    total_timesteps      | 540672      |
| train/                  |             |
|    approx_kl            | 0.006936165 |
|    clip_fraction        | 0.0486      |
|    clip_range           | 0.2         |
|    entropy_loss         | -1.58       |
|    explained_variance   | 0.818       |
|    learning_rate        | 0.0003      |
|    loss                 | 0.0818      |
|    n_updates            | 325         |
|    policy_gradient_loss | -0.0041     |
|    value_loss           | 0.105       |
-----------------------------------------
------------------------------------------
| rollout/                |              |
|    ep_len_mean          | 269          |
|    ep_rew_mean          | 50.4         |
| time/                   |              |
|    fps                  | 210          |
|    iterations           | 67           |
|    time_elapsed         | 2604         |
|    total_timesteps      | 548864       |
| train/                  |              |
|    approx_kl            | 0.0054911696 |
|    clip_fraction        | 0.0425       |
|    clip_range           | 0.2          |
|    entropy_loss         | -1.63        |
|    explained_variance   | 0.805        |
|    learning_rate        | 0.0003       |
|    loss                 | 0.0176       |
|    n_updates            | 330          |
|    policy_gradient_loss | -0.00288     |
|    value_loss           | 0.114        |
------------------------------------------
-----------------------------------------
| rollout/                |             |
|    ep_len_mean          | 324         |
|    ep_rew_mean          | 50.6        |
| time/                   |             |
|    fps                  | 211         |
|    iterations           | 68          |
|    time_elapsed         | 2638        |
|    total_timesteps      | 557056      |
| train/                  |             |
|    approx_kl            | 0.007918784 |
|    clip_fraction        | 0.0539      |
|    clip_range           | 0.2         |
|    entropy_loss         | -1.55       |
|    explained_variance   | 0.862       |
|    learning_rate        | 0.0003      |
|    loss                 | 0.0347      |
|    n_updates            | 335         |
|    policy_gradient_loss | -0.00429    |
|    value_loss           | 0.123       |
-----------------------------------------
-----------------------------------------
| rollout/                |             |
|    ep_len_mean          | 331         |
|    ep_rew_mean          | 52.8        |
| time/                   |             |
|    fps                  | 211         |
|    iterations           | 69          |
|    time_elapsed         | 2673        |
|    total_timesteps      | 565248      |
| train/                  |             |
|    approx_kl            | 0.006019807 |
|    clip_fraction        | 0.0404      |
|    clip_range           | 0.2         |
|    entropy_loss         | -1.64       |
|    explained_variance   | 0.845       |
|    learning_rate        | 0.0003      |
|    loss                 | 0.0237      |
|    n_updates            | 340         |
|    policy_gradient_loss | -0.0028     |
|    value_loss           | 0.102       |
-----------------------------------------
-----------------------------------------
| rollout/                |             |
|    ep_len_mean          | 365         |
|    ep_rew_mean          | 47.3        |
| time/                   |             |
|    fps                  | 211         |
|    iterations           | 70          |
|    time_elapsed         | 2706        |
|    total_timesteps      | 573440      |
| train/                  |             |
|    approx_kl            | 0.006768578 |
|    clip_fraction        | 0.0545      |
|    clip_range           | 0.2         |
|    entropy_loss         | -1.63       |
|    explained_variance   | 0.789       |
|    learning_rate        | 0.0003      |
|    loss                 | 0.0565      |
|    n_updates            | 345         |
|    policy_gradient_loss | -0.00316    |
|    value_loss           | 0.13        |
-----------------------------------------
------------------------------------------
| rollout/                |              |
|    ep_len_mean          | 384          |
|    ep_rew_mean          | 47.9         |
| time/                   |              |
|    fps                  | 212          |
|    iterations           | 71           |
|    time_elapsed         | 2741         |
|    total_timesteps      | 581632       |
| train/                  |              |
|    approx_kl            | 0.0055167796 |
|    clip_fraction        | 0.0389       |
|    clip_range           | 0.2          |
|    entropy_loss         | -1.59        |
|    explained_variance   | 0.901        |
|    learning_rate        | 0.0003       |
|    loss                 | -0.00543     |
|    n_updates            | 350          |
|    policy_gradient_loss | -0.00403     |
|    value_loss           | 0.0516       |
------------------------------------------
------------------------------------------
| rollout/                |              |
|    ep_len_mean          | 393          |
|    ep_rew_mean          | 44.6         |
| time/                   |              |
|    fps                  | 212          |
|    iterations           | 72           |
|    time_elapsed         | 2774         |
|    total_timesteps      | 589824       |
| train/                  |              |
|    approx_kl            | 0.0074799443 |
|    clip_fraction        | 0.0616       |
|    clip_range           | 0.2          |
|    entropy_loss         | -1.68        |
|    explained_variance   | 0.877        |
|    learning_rate        | 0.0003       |
|    loss                 | -0.00338     |
|    n_updates            | 355          |
|    policy_gradient_loss | -0.00578     |
|    value_loss           | 0.0489       |
------------------------------------------
-----------------------------------------
| rollout/                |             |
|    ep_len_mean          | 392         |
|    ep_rew_mean          | 45.3        |
| time/                   |             |
|    fps                  | 212         |
|    iterations           | 73          |
|    time_elapsed         | 2810        |
|    total_timesteps      | 598016      |
| train/                  |             |
|    approx_kl            | 0.008908134 |
|    clip_fraction        | 0.0794      |
|    clip_range           | 0.2         |
|    entropy_loss         | -1.6        |
|    explained_variance   | 0.872       |
|    learning_rate        | 0.0003      |
|    loss                 | 0.0415      |
|    n_updates            | 360         |
|    policy_gradient_loss | -0.00508    |
|    value_loss           | 0.0849      |
-----------------------------------------
[Checkpoint] Saved at 600000 steps > C:\Users\Admin\Desktop\disciple\realnewdisciples-main\Big_map\campaign_checkpoints\default-green-dragon-classic-2m-20260913-222410\campaign_ppo_step_600000.zip
Eval num_timesteps=600000, det_reward=45.02 +/- 109.92
Episode length: det=603.60 +/- 1247.32
Victory rate: det=5.00%
--------------------------------------------------
| eval/                           |              |
|    deterministic_mean_ep_length | 604          |
|    deterministic_mean_reward    | 45           |
|    deterministic_victory_rate   | 0.05         |
|    mean_ep_length               | 604          |
|    mean_reward                  | 45           |
|    victory_rate                 | 0.05         |
| time/                           |              |
|    total_timesteps              | 600000       |
| train/                          |              |
|    approx_kl                    | 0.0056041745 |
|    clip_fraction                | 0.0408       |
|    clip_range                   | 0.2          |
|    entropy_loss                 | -1.55        |
|    explained_variance           | 0.889        |
|    learning_rate                | 0.0003       |
|    loss                         | -0.0108      |
|    n_updates                    | 365          |
|    policy_gradient_loss         | -0.00375     |
|    value_loss                   | 0.0723       |
--------------------------------------------------
New best model by deterministic victory rate!
---------------------------------
| rollout/           |          |
|    ep_len_mean     | 405      |
|    ep_rew_mean     | 46.1     |
| time/              |          |
|    fps             | 209      |
|    iterations      | 74       |
|    time_elapsed    | 2893     |
|    total_timesteps | 606208   |
---------------------------------
-----------------------------------------
| rollout/                |             |
|    ep_len_mean          | 375         |
|    ep_rew_mean          | 52.2        |
| time/                   |             |
|    fps                  | 209         |
|    iterations           | 75          |
|    time_elapsed         | 2927        |
|    total_timesteps      | 614400      |
| train/                  |             |
|    approx_kl            | 0.006113858 |
|    clip_fraction        | 0.0479      |
|    clip_range           | 0.2         |
|    entropy_loss         | -1.52       |
|    explained_variance   | 0.87        |
|    learning_rate        | 0.0003      |
|    loss                 | -0.00473    |
|    n_updates            | 370         |
|    policy_gradient_loss | -0.00345    |
|    value_loss           | 0.0522      |
-----------------------------------------
------------------------------------------
| rollout/                |              |
|    ep_len_mean          | 363          |
|    ep_rew_mean          | 49.8         |
| time/                   |              |
|    fps                  | 210          |
|    iterations           | 76           |
|    time_elapsed         | 2959         |
|    total_timesteps      | 622592       |
| train/                  |              |
|    approx_kl            | 0.0062815296 |
|    clip_fraction        | 0.0462       |
|    clip_range           | 0.2          |
|    entropy_loss         | -1.61        |
|    explained_variance   | 0.824        |
|    learning_rate        | 0.0003       |
|    loss                 | -0.00899     |
|    n_updates            | 375          |
|    policy_gradient_loss | -0.00497     |
|    value_loss           | 0.0734       |
------------------------------------------
------------------------------------------
| rollout/                |              |
|    ep_len_mean          | 296          |
|    ep_rew_mean          | 47.8         |
| time/                   |              |
|    fps                  | 210          |
|    iterations           | 77           |
|    time_elapsed         | 2992         |
|    total_timesteps      | 630784       |
| train/                  |              |
|    approx_kl            | 0.0050788336 |
|    clip_fraction        | 0.033        |
|    clip_range           | 0.2          |
|    entropy_loss         | -1.46        |
|    explained_variance   | 0.864        |
|    learning_rate        | 0.0003       |
|    loss                 | 0.00241      |
|    n_updates            | 380          |
|    policy_gradient_loss | -0.00304     |
|    value_loss           | 0.0615       |
------------------------------------------
------------------------------------------
| rollout/                |              |
|    ep_len_mean          | 304          |
|    ep_rew_mean          | 49.5         |
| time/                   |              |
|    fps                  | 211          |
|    iterations           | 78           |
|    time_elapsed         | 3026         |
|    total_timesteps      | 638976       |
| train/                  |              |
|    approx_kl            | 0.0063211364 |
|    clip_fraction        | 0.0473       |
|    clip_range           | 0.2          |
|    entropy_loss         | -1.46        |
|    explained_variance   | 0.865        |
|    learning_rate        | 0.0003       |
|    loss                 | 0.00612      |
|    n_updates            | 385          |
|    policy_gradient_loss | -0.00587     |
|    value_loss           | 0.0644       |
------------------------------------------
-----------------------------------------
| rollout/                |             |
|    ep_len_mean          | 308         |
|    ep_rew_mean          | 50.3        |
| time/                   |             |
|    fps                  | 211         |
|    iterations           | 79          |
|    time_elapsed         | 3060        |
|    total_timesteps      | 647168      |
| train/                  |             |
|    approx_kl            | 0.006958461 |
|    clip_fraction        | 0.0535      |
|    clip_range           | 0.2         |
|    entropy_loss         | -1.61       |
|    explained_variance   | 0.919       |
|    learning_rate        | 0.0003      |
|    loss                 | -0.00316    |
|    n_updates            | 390         |
|    policy_gradient_loss | -0.00475    |
|    value_loss           | 0.0389      |
-----------------------------------------
------------------------------------------
| rollout/                |              |
|    ep_len_mean          | 433          |
|    ep_rew_mean          | 44.2         |
| time/                   |              |
|    fps                  | 211          |
|    iterations           | 80           |
|    time_elapsed         | 3094         |
|    total_timesteps      | 655360       |
| train/                  |              |
|    approx_kl            | 0.0068826117 |
|    clip_fraction        | 0.0415       |
|    clip_range           | 0.2          |
|    entropy_loss         | -1.46        |
|    explained_variance   | 0.962        |
|    learning_rate        | 0.0003       |
|    loss                 | -0.0153      |
|    n_updates            | 395          |
|    policy_gradient_loss | -0.00455     |
|    value_loss           | 0.0157       |
------------------------------------------
------------------------------------------
| rollout/                |              |
|    ep_len_mean          | 415          |
|    ep_rew_mean          | 46.8         |
| time/                   |              |
|    fps                  | 212          |
|    iterations           | 81           |
|    time_elapsed         | 3127         |
|    total_timesteps      | 663552       |
| train/                  |              |
|    approx_kl            | 0.0062838434 |
|    clip_fraction        | 0.0465       |
|    clip_range           | 0.2          |
|    entropy_loss         | -1.53        |
|    explained_variance   | 0.882        |
|    learning_rate        | 0.0003       |
|    loss                 | -0.011       |
|    n_updates            | 400          |
|    policy_gradient_loss | -0.00413     |
|    value_loss           | 0.0824       |
------------------------------------------
------------------------------------------
| rollout/                |              |
|    ep_len_mean          | 464          |
|    ep_rew_mean          | 46.5         |
| time/                   |              |
|    fps                  | 212          |
|    iterations           | 82           |
|    time_elapsed         | 3161         |
|    total_timesteps      | 671744       |
| train/                  |              |
|    approx_kl            | 0.0072855377 |
|    clip_fraction        | 0.049        |
|    clip_range           | 0.2          |
|    entropy_loss         | -1.53        |
|    explained_variance   | 0.911        |
|    learning_rate        | 0.0003       |
|    loss                 | 0.00401      |
|    n_updates            | 405          |
|    policy_gradient_loss | -0.00408     |
|    value_loss           | 0.0643       |
------------------------------------------
-----------------------------------------
| rollout/                |             |
|    ep_len_mean          | 566         |
|    ep_rew_mean          | 46.2        |
| time/                   |             |
|    fps                  | 212         |
|    iterations           | 83          |
|    time_elapsed         | 3194        |
|    total_timesteps      | 679936      |
| train/                  |             |
|    approx_kl            | 0.006987389 |
|    clip_fraction        | 0.0573      |
|    clip_range           | 0.2         |
|    entropy_loss         | -1.72       |
|    explained_variance   | 0.942       |
|    learning_rate        | 0.0003      |
|    loss                 | -0.0149     |
|    n_updates            | 410         |
|    policy_gradient_loss | -0.00497    |
|    value_loss           | 0.0235      |
-----------------------------------------
------------------------------------------
| rollout/                |              |
|    ep_len_mean          | 608          |
|    ep_rew_mean          | 51.4         |
| time/                   |              |
|    fps                  | 213          |
|    iterations           | 84           |
|    time_elapsed         | 3229         |
|    total_timesteps      | 688128       |
| train/                  |              |
|    approx_kl            | 0.0062765973 |
|    clip_fraction        | 0.0409       |
|    clip_range           | 0.2          |
|    entropy_loss         | -1.57        |
|    explained_variance   | 0.908        |
|    learning_rate        | 0.0003       |
|    loss                 | 0.0271       |
|    n_updates            | 415          |
|    policy_gradient_loss | -0.00315     |
|    value_loss           | 0.0936       |
------------------------------------------
------------------------------------------
| rollout/                |              |
|    ep_len_mean          | 602          |
|    ep_rew_mean          | 50.3         |
| time/                   |              |
|    fps                  | 213          |
|    iterations           | 85           |
|    time_elapsed         | 3264         |
|    total_timesteps      | 696320       |
| train/                  |              |
|    approx_kl            | 0.0064484635 |
|    clip_fraction        | 0.053        |
|    clip_range           | 0.2          |
|    entropy_loss         | -1.63        |
|    explained_variance   | 0.873        |
|    learning_rate        | 0.0003       |
|    loss                 | 0.0222       |
|    n_updates            | 420          |
|    policy_gradient_loss | -0.0045      |
|    value_loss           | 0.0747       |
------------------------------------------
-----------------------------------------
| rollout/                |             |
|    ep_len_mean          | 602         |
|    ep_rew_mean          | 50.6        |
| time/                   |             |
|    fps                  | 213         |
|    iterations           | 86          |
|    time_elapsed         | 3298        |
|    total_timesteps      | 704512      |
| train/                  |             |
|    approx_kl            | 0.006453747 |
|    clip_fraction        | 0.0517      |
|    clip_range           | 0.2         |
|    entropy_loss         | -1.73       |
|    explained_variance   | 0.948       |
|    learning_rate        | 0.0003      |
|    loss                 | -0.0144     |
|    n_updates            | 425         |
|    policy_gradient_loss | -0.00513    |
|    value_loss           | 0.0301      |
-----------------------------------------
----------------------------------------
| rollout/                |            |
|    ep_len_mean          | 698        |
|    ep_rew_mean          | 50         |
| time/                   |            |
|    fps                  | 213        |
|    iterations           | 87         |
|    time_elapsed         | 3333       |
|    total_timesteps      | 712704     |
| train/                  |            |
|    approx_kl            | 0.01285481 |
|    clip_fraction        | 0.0719     |
|    clip_range           | 0.2        |
|    entropy_loss         | -1.76      |
|    explained_variance   | 0.962      |
|    learning_rate        | 0.0003     |
|    loss                 | -0.0168    |
|    n_updates            | 430        |
|    policy_gradient_loss | -0.00476   |
|    value_loss           | 0.0124     |
----------------------------------------
-----------------------------------------
| rollout/                |             |
|    ep_len_mean          | 628         |
|    ep_rew_mean          | 54.1        |
| time/                   |             |
|    fps                  | 214         |
|    iterations           | 88          |
|    time_elapsed         | 3367        |
|    total_timesteps      | 720896      |
| train/                  |             |
|    approx_kl            | 0.008872319 |
|    clip_fraction        | 0.0628      |
|    clip_range           | 0.2         |
|    entropy_loss         | -1.68       |
|    explained_variance   | 0.953       |
|    learning_rate        | 0.0003      |
|    loss                 | -0.0138     |
|    n_updates            | 435         |
|    policy_gradient_loss | -0.00636    |
|    value_loss           | 0.0342      |
-----------------------------------------
------------------------------------------
| rollout/                |              |
|    ep_len_mean          | 590          |
|    ep_rew_mean          | 55.3         |
| time/                   |              |
|    fps                  | 214          |
|    iterations           | 89           |
|    time_elapsed         | 3403         |
|    total_timesteps      | 729088       |
| train/                  |              |
|    approx_kl            | 0.0062248823 |
|    clip_fraction        | 0.0477       |
|    clip_range           | 0.2          |
|    entropy_loss         | -1.46        |
|    explained_variance   | 0.913        |
|    learning_rate        | 0.0003       |
|    loss                 | -0.00826     |
|    n_updates            | 440          |
|    policy_gradient_loss | -0.00568     |
|    value_loss           | 0.0445       |
------------------------------------------
-----------------------------------------
| rollout/                |             |
|    ep_len_mean          | 588         |
|    ep_rew_mean          | 55          |
| time/                   |             |
|    fps                  | 214         |
|    iterations           | 90          |
|    time_elapsed         | 3437        |
|    total_timesteps      | 737280      |
| train/                  |             |
|    approx_kl            | 0.007276359 |
|    clip_fraction        | 0.0487      |
|    clip_range           | 0.2         |
|    entropy_loss         | -1.62       |
|    explained_variance   | 0.92        |
|    learning_rate        | 0.0003      |
|    loss                 | -0.014      |
|    n_updates            | 445         |
|    policy_gradient_loss | -0.00471    |
|    value_loss           | 0.0303      |
-----------------------------------------
-----------------------------------------
| rollout/                |             |
|    ep_len_mean          | 588         |
|    ep_rew_mean          | 53.6        |
| time/                   |             |
|    fps                  | 214         |
|    iterations           | 91          |
|    time_elapsed         | 3471        |
|    total_timesteps      | 745472      |
| train/                  |             |
|    approx_kl            | 0.006779179 |
|    clip_fraction        | 0.0546      |
|    clip_range           | 0.2         |
|    entropy_loss         | -1.62       |
|    explained_variance   | 0.965       |
|    learning_rate        | 0.0003      |
|    loss                 | -0.0236     |
|    n_updates            | 450         |
|    policy_gradient_loss | -0.00493    |
|    value_loss           | 0.0184      |
-----------------------------------------
------------------------------------------
| rollout/                |              |
|    ep_len_mean          | 603          |
|    ep_rew_mean          | 56.4         |
| time/                   |              |
|    fps                  | 214          |
|    iterations           | 92           |
|    time_elapsed         | 3505         |
|    total_timesteps      | 753664       |
| train/                  |              |
|    approx_kl            | 0.0056892624 |
|    clip_fraction        | 0.0405       |
|    clip_range           | 0.2          |
|    entropy_loss         | -1.53        |
|    explained_variance   | 0.915        |
|    learning_rate        | 0.0003       |
|    loss                 | 0.00116      |
|    n_updates            | 455          |
|    policy_gradient_loss | -0.0041      |
|    value_loss           | 0.0613       |
------------------------------------------
-----------------------------------------
| rollout/                |             |
|    ep_len_mean          | 507         |
|    ep_rew_mean          | 57.3        |
| time/                   |             |
|    fps                  | 215         |
|    iterations           | 93          |
|    time_elapsed         | 3539        |
|    total_timesteps      | 761856      |
| train/                  |             |
|    approx_kl            | 0.004906015 |
|    clip_fraction        | 0.0379      |
|    clip_range           | 0.2         |
|    entropy_loss         | -1.5        |
|    explained_variance   | 0.922       |
|    learning_rate        | 0.0003      |
|    loss                 | -0.0109     |
|    n_updates            | 460         |
|    policy_gradient_loss | -0.00457    |
|    value_loss           | 0.0603      |
-----------------------------------------
-----------------------------------------
| rollout/                |             |
|    ep_len_mean          | 498         |
|    ep_rew_mean          | 54.7        |
| time/                   |             |
|    fps                  | 215         |
|    iterations           | 94          |
|    time_elapsed         | 3574        |
|    total_timesteps      | 770048      |
| train/                  |             |
|    approx_kl            | 0.007022932 |
|    clip_fraction        | 0.051       |
|    clip_range           | 0.2         |
|    entropy_loss         | -1.59       |
|    explained_variance   | 0.937       |
|    learning_rate        | 0.0003      |
|    loss                 | -0.000147   |
|    n_updates            | 465         |
|    policy_gradient_loss | -0.00403    |
|    value_loss           | 0.0355      |
-----------------------------------------
-----------------------------------------
| rollout/                |             |
|    ep_len_mean          | 547         |
|    ep_rew_mean          | 54.1        |
| time/                   |             |
|    fps                  | 215         |
|    iterations           | 95          |
|    time_elapsed         | 3607        |
|    total_timesteps      | 778240      |
| train/                  |             |
|    approx_kl            | 0.006338325 |
|    clip_fraction        | 0.0475      |
|    clip_range           | 0.2         |
|    entropy_loss         | -1.68       |
|    explained_variance   | 0.958       |
|    learning_rate        | 0.0003      |
|    loss                 | -0.0183     |
|    n_updates            | 470         |
|    policy_gradient_loss | -0.00554    |
|    value_loss           | 0.0254      |
-----------------------------------------
------------------------------------------
| rollout/                |              |
|    ep_len_mean          | 565          |
|    ep_rew_mean          | 53.2         |
| time/                   |              |
|    fps                  | 215          |
|    iterations           | 96           |
|    time_elapsed         | 3642         |
|    total_timesteps      | 786432       |
| train/                  |              |
|    approx_kl            | 0.0077479817 |
|    clip_fraction        | 0.0762       |
|    clip_range           | 0.2          |
|    entropy_loss         | -1.64        |
|    explained_variance   | 0.959        |
|    learning_rate        | 0.0003       |
|    loss                 | -0.0127      |
|    n_updates            | 475          |
|    policy_gradient_loss | -0.00541     |
|    value_loss           | 0.0262       |
------------------------------------------
------------------------------------------
| rollout/                |              |
|    ep_len_mean          | 474          |
|    ep_rew_mean          | 57           |
| time/                   |              |
|    fps                  | 216          |
|    iterations           | 97           |
|    time_elapsed         | 3676         |
|    total_timesteps      | 794624       |
| train/                  |              |
|    approx_kl            | 0.0064976504 |
|    clip_fraction        | 0.0494       |
|    clip_range           | 0.2          |
|    entropy_loss         | -1.59        |
|    explained_variance   | 0.94         |
|    learning_rate        | 0.0003       |
|    loss                 | -0.0044      |
|    n_updates            | 480          |
|    policy_gradient_loss | -0.0047      |
|    value_loss           | 0.0362       |
------------------------------------------
-----------------------------------------
| rollout/                |             |
|    ep_len_mean          | 524         |
|    ep_rew_mean          | 54.9        |
| time/                   |             |
|    fps                  | 216         |
|    iterations           | 98          |
|    time_elapsed         | 3710        |
|    total_timesteps      | 802816      |
| train/                  |             |
|    approx_kl            | 0.005448263 |
|    clip_fraction        | 0.0383      |
|    clip_range           | 0.2         |
|    entropy_loss         | -1.6        |
|    explained_variance   | 0.935       |
|    learning_rate        | 0.0003      |
|    loss                 | -0.0109     |
|    n_updates            | 485         |
|    policy_gradient_loss | -0.00353    |
|    value_loss           | 0.0406      |
-----------------------------------------
------------------------------------------
| rollout/                |              |
|    ep_len_mean          | 564          |
|    ep_rew_mean          | 54.3         |
| time/                   |              |
|    fps                  | 216          |
|    iterations           | 99           |
|    time_elapsed         | 3744         |
|    total_timesteps      | 811008       |
| train/                  |              |
|    approx_kl            | 0.0060219057 |
|    clip_fraction        | 0.0506       |
|    clip_range           | 0.2          |
|    entropy_loss         | -1.63        |
|    explained_variance   | 0.962        |
|    learning_rate        | 0.0003       |
|    loss                 | -0.0219      |
|    n_updates            | 490          |
|    policy_gradient_loss | -0.00489     |
|    value_loss           | 0.0216       |
------------------------------------------
------------------------------------------
| rollout/                |              |
|    ep_len_mean          | 617          |
|    ep_rew_mean          | 52.9         |
| time/                   |              |
|    fps                  | 216          |
|    iterations           | 100          |
|    time_elapsed         | 3779         |
|    total_timesteps      | 819200       |
| train/                  |              |
|    approx_kl            | 0.0068807495 |
|    clip_fraction        | 0.0502       |
|    clip_range           | 0.2          |
|    entropy_loss         | -1.62        |
|    explained_variance   | 0.933        |
|    learning_rate        | 0.0003       |
|    loss                 | -0.0188      |
|    n_updates            | 495          |
|    policy_gradient_loss | -0.00499     |
|    value_loss           | 0.0361       |
------------------------------------------
-----------------------------------------
| rollout/                |             |
|    ep_len_mean          | 583         |
|    ep_rew_mean          | 58.4        |
| time/                   |             |
|    fps                  | 216         |
|    iterations           | 101         |
|    time_elapsed         | 3813        |
|    total_timesteps      | 827392      |
| train/                  |             |
|    approx_kl            | 0.005361702 |
|    clip_fraction        | 0.0393      |
|    clip_range           | 0.2         |
|    entropy_loss         | -1.63       |
|    explained_variance   | 0.895       |
|    learning_rate        | 0.0003      |
|    loss                 | 0.0127      |
|    n_updates            | 500         |
|    policy_gradient_loss | -0.00464    |
|    value_loss           | 0.0672      |
-----------------------------------------
-----------------------------------------
| rollout/                |             |
|    ep_len_mean          | 625         |
|    ep_rew_mean          | 61.4        |
| time/                   |             |
|    fps                  | 217         |
|    iterations           | 102         |
|    time_elapsed         | 3848        |
|    total_timesteps      | 835584      |
| train/                  |             |
|    approx_kl            | 0.008004846 |
|    clip_fraction        | 0.0565      |
|    clip_range           | 0.2         |
|    entropy_loss         | -1.59       |
|    explained_variance   | 0.907       |
|    learning_rate        | 0.0003      |
|    loss                 | -0.00543    |
|    n_updates            | 505         |
|    policy_gradient_loss | -0.00379    |
|    value_loss           | 0.056       |
-----------------------------------------
------------------------------------------
| rollout/                |              |
|    ep_len_mean          | 619          |
|    ep_rew_mean          | 65.4         |
| time/                   |              |
|    fps                  | 217          |
|    iterations           | 103          |
|    time_elapsed         | 3881         |
|    total_timesteps      | 843776       |
| train/                  |              |
|    approx_kl            | 0.0069718147 |
|    clip_fraction        | 0.0481       |
|    clip_range           | 0.2          |
|    entropy_loss         | -1.72        |
|    explained_variance   | 0.905        |
|    learning_rate        | 0.0003       |
|    loss                 | -0.00895     |
|    n_updates            | 510          |
|    policy_gradient_loss | -0.00255     |
|    value_loss           | 0.0552       |
------------------------------------------
-----------------------------------------
| rollout/                |             |
|    ep_len_mean          | 645         |
|    ep_rew_mean          | 67.1        |
| time/                   |             |
|    fps                  | 217         |
|    iterations           | 104         |
|    time_elapsed         | 3915        |
|    total_timesteps      | 851968      |
| train/                  |             |
|    approx_kl            | 0.005534109 |
|    clip_fraction        | 0.0486      |
|    clip_range           | 0.2         |
|    entropy_loss         | -1.56       |
|    explained_variance   | 0.906       |
|    learning_rate        | 0.0003      |
|    loss                 | 0.00204     |
|    n_updates            | 515         |
|    policy_gradient_loss | -0.00433    |
|    value_loss           | 0.0743      |
-----------------------------------------
------------------------------------------
| rollout/                |              |
|    ep_len_mean          | 683          |
|    ep_rew_mean          | 68.1         |
| time/                   |              |
|    fps                  | 217          |
|    iterations           | 105          |
|    time_elapsed         | 3950         |
|    total_timesteps      | 860160       |
| train/                  |              |
|    approx_kl            | 0.0045715375 |
|    clip_fraction        | 0.0271       |
|    clip_range           | 0.2          |
|    entropy_loss         | -1.59        |
|    explained_variance   | 0.889        |
|    learning_rate        | 0.0003       |
|    loss                 | -0.00786     |
|    n_updates            | 520          |
|    policy_gradient_loss | -0.00243     |
|    value_loss           | 0.0648       |
------------------------------------------
-----------------------------------------
| rollout/                |             |
|    ep_len_mean          | 663         |
|    ep_rew_mean          | 70.3        |
| time/                   |             |
|    fps                  | 217         |
|    iterations           | 106         |
|    time_elapsed         | 3984        |
|    total_timesteps      | 868352      |
| train/                  |             |
|    approx_kl            | 0.006509045 |
|    clip_fraction        | 0.0623      |
|    clip_range           | 0.2         |
|    entropy_loss         | -1.6        |
|    explained_variance   | 0.823       |
|    learning_rate        | 0.0003      |
|    loss                 | 0.00452     |
|    n_updates            | 525         |
|    policy_gradient_loss | -0.00383    |
|    value_loss           | 0.0757      |
-----------------------------------------
------------------------------------------
| rollout/                |              |
|    ep_len_mean          | 658          |
|    ep_rew_mean          | 70.2         |
| time/                   |              |
|    fps                  | 218          |
|    iterations           | 107          |
|    time_elapsed         | 4019         |
|    total_timesteps      | 876544       |
| train/                  |              |
|    approx_kl            | 0.0059532183 |
|    clip_fraction        | 0.0483       |
|    clip_range           | 0.2          |
|    entropy_loss         | -1.55        |
|    explained_variance   | 0.877        |
|    learning_rate        | 0.0003       |
|    loss                 | 0.0108       |
|    n_updates            | 530          |
|    policy_gradient_loss | -0.00395     |
|    value_loss           | 0.0724       |
------------------------------------------
-----------------------------------------
| rollout/                |             |
|    ep_len_mean          | 625         |
|    ep_rew_mean          | 75.4        |
| time/                   |             |
|    fps                  | 218         |
|    iterations           | 108         |
|    time_elapsed         | 4053        |
|    total_timesteps      | 884736      |
| train/                  |             |
|    approx_kl            | 0.006858105 |
|    clip_fraction        | 0.0581      |
|    clip_range           | 0.2         |
|    entropy_loss         | -1.69       |
|    explained_variance   | 0.911       |
|    learning_rate        | 0.0003      |
|    loss                 | 0.00038     |
|    n_updates            | 535         |
|    policy_gradient_loss | -0.00441    |
|    value_loss           | 0.0615      |
-----------------------------------------
------------------------------------------
| rollout/                |              |
|    ep_len_mean          | 712          |
|    ep_rew_mean          | 69           |
| time/                   |              |
|    fps                  | 218          |
|    iterations           | 109          |
|    time_elapsed         | 4088         |
|    total_timesteps      | 892928       |
| train/                  |              |
|    approx_kl            | 0.0052238926 |
|    clip_fraction        | 0.0388       |
|    clip_range           | 0.2          |
|    entropy_loss         | -1.75        |
|    explained_variance   | 0.957        |
|    learning_rate        | 0.0003       |
|    loss                 | -0.0187      |
|    n_updates            | 540          |
|    policy_gradient_loss | -0.00403     |
|    value_loss           | 0.0191       |
------------------------------------------
[Checkpoint] Saved at 900000 steps > C:\Users\Admin\Desktop\disciple\realnewdisciples-main\Big_map\campaign_checkpoints\default-green-dragon-classic-2m-20260913-222410\campaign_ppo_step_900000.zip
Eval num_timesteps=900000, det_reward=-80.50 +/- 150.53
Episode length: det=2377.80 +/- 2021.89
Victory rate: det=0.00%
-------------------------------------------------
| eval/                           |             |
|    deterministic_mean_ep_length | 2.38e+03    |
|    deterministic_mean_reward    | -80.5       |
|    deterministic_victory_rate   | 0           |
|    mean_ep_length               | 2.38e+03    |
|    mean_reward                  | -80.5       |
|    victory_rate                 | 0           |
| time/                           |             |
|    total_timesteps              | 900000      |
| train/                          |             |
|    approx_kl                    | 0.008729015 |
|    clip_fraction                | 0.0672      |
|    clip_range                   | 0.2         |
|    entropy_loss                 | -1.79       |
|    explained_variance           | 0.907       |
|    learning_rate                | 0.0003      |
|    loss                         | -0.00376    |
|    n_updates                    | 545         |
|    policy_gradient_loss         | -0.0049     |
|    value_loss                   | 0.0443      |
-------------------------------------------------
---------------------------------
| rollout/           |          |
|    ep_len_mean     | 787      |
|    ep_rew_mean     | 67.7     |
| time/              |          |
|    fps             | 208      |
|    iterations      | 110      |
|    time_elapsed    | 4317     |
|    total_timesteps | 901120   |
---------------------------------
-----------------------------------------
| rollout/                |             |
|    ep_len_mean          | 657         |
|    ep_rew_mean          | 65.3        |
| time/                   |             |
|    fps                  | 209         |
|    iterations           | 111         |
|    time_elapsed         | 4350        |
|    total_timesteps      | 909312      |
| train/                  |             |
|    approx_kl            | 0.007275829 |
|    clip_fraction        | 0.0647      |
|    clip_range           | 0.2         |
|    entropy_loss         | -1.65       |
|    explained_variance   | 0.926       |
|    learning_rate        | 0.0003      |
|    loss                 | -0.00174    |
|    n_updates            | 550         |
|    policy_gradient_loss | -0.00397    |
|    value_loss           | 0.0557      |
-----------------------------------------
------------------------------------------
| rollout/                |              |
|    ep_len_mean          | 650          |
|    ep_rew_mean          | 66.2         |
| time/                   |              |
|    fps                  | 209          |
|    iterations           | 112          |
|    time_elapsed         | 4385         |
|    total_timesteps      | 917504       |
| train/                  |              |
|    approx_kl            | 0.0055384915 |
|    clip_fraction        | 0.04         |
|    clip_range           | 0.2          |
|    entropy_loss         | -1.46        |
|    explained_variance   | 0.838        |
|    learning_rate        | 0.0003       |
|    loss                 | 0.0166       |
|    n_updates            | 555          |
|    policy_gradient_loss | -0.00393     |
|    value_loss           | 0.0883       |
------------------------------------------
-----------------------------------------
| rollout/                |             |
|    ep_len_mean          | 650         |
|    ep_rew_mean          | 66.2        |
| time/                   |             |
|    fps                  | 209         |
|    iterations           | 113         |
|    time_elapsed         | 4420        |
|    total_timesteps      | 925696      |
| train/                  |             |
|    approx_kl            | 0.007094368 |
|    clip_fraction        | 0.0554      |
|    clip_range           | 0.2         |
|    entropy_loss         | -1.8        |
|    explained_variance   | 0.857       |
|    learning_rate        | 0.0003      |
|    loss                 | -0.0181     |
|    n_updates            | 560         |
|    policy_gradient_loss | -0.00452    |
|    value_loss           | 0.0562      |
-----------------------------------------
-----------------------------------------
| rollout/                |             |
|    ep_len_mean          | 745         |
|    ep_rew_mean          | 61.2        |
| time/                   |             |
|    fps                  | 209         |
|    iterations           | 114         |
|    time_elapsed         | 4454        |
|    total_timesteps      | 933888      |
| train/                  |             |
|    approx_kl            | 0.008068722 |
|    clip_fraction        | 0.0515      |
|    clip_range           | 0.2         |
|    entropy_loss         | -1.95       |
|    explained_variance   | 0.864       |
|    learning_rate        | 0.0003      |
|    loss                 | -0.0222     |
|    n_updates            | 565         |
|    policy_gradient_loss | -0.00349    |
|    value_loss           | 0.0107      |
-----------------------------------------
-----------------------------------------
| rollout/                |             |
|    ep_len_mean          | 754         |
|    ep_rew_mean          | 61.1        |
| time/                   |             |
|    fps                  | 209         |
|    iterations           | 115         |
|    time_elapsed         | 4489        |
|    total_timesteps      | 942080      |
| train/                  |             |
|    approx_kl            | 0.006874389 |
|    clip_fraction        | 0.0489      |
|    clip_range           | 0.2         |
|    entropy_loss         | -1.83       |
|    explained_variance   | 0.957       |
|    learning_rate        | 0.0003      |
|    loss                 | -0.0201     |
|    n_updates            | 570         |
|    policy_gradient_loss | -0.00399    |
|    value_loss           | 0.0158      |
-----------------------------------------
-----------------------------------------
| rollout/                |             |
|    ep_len_mean          | 797         |
|    ep_rew_mean          | 56.8        |
| time/                   |             |
|    fps                  | 210         |
|    iterations           | 116         |
|    time_elapsed         | 4524        |
|    total_timesteps      | 950272      |
| train/                  |             |
|    approx_kl            | 0.006291043 |
|    clip_fraction        | 0.0628      |
|    clip_range           | 0.2         |
|    entropy_loss         | -1.69       |
|    explained_variance   | 0.845       |
|    learning_rate        | 0.0003      |
|    loss                 | 0.0122      |
|    n_updates            | 575         |
|    policy_gradient_loss | -0.00461    |
|    value_loss           | 0.0688      |
-----------------------------------------
------------------------------------------
| rollout/                |              |
|    ep_len_mean          | 800          |
|    ep_rew_mean          | 55.9         |
| time/                   |              |
|    fps                  | 210          |
|    iterations           | 117          |
|    time_elapsed         | 4559         |
|    total_timesteps      | 958464       |
| train/                  |              |
|    approx_kl            | 0.0057772957 |
|    clip_fraction        | 0.0403       |
|    clip_range           | 0.2          |
|    entropy_loss         | -1.71        |
|    explained_variance   | 0.927        |
|    learning_rate        | 0.0003       |
|    loss                 | -0.00885     |
|    n_updates            | 580          |
|    policy_gradient_loss | -0.0046      |
|    value_loss           | 0.0312       |
------------------------------------------
------------------------------------------
| rollout/                |              |
|    ep_len_mean          | 654          |
|    ep_rew_mean          | 66.7         |
| time/                   |              |
|    fps                  | 210          |
|    iterations           | 118          |
|    time_elapsed         | 4593         |
|    total_timesteps      | 966656       |
| train/                  |              |
|    approx_kl            | 0.0067493794 |
|    clip_fraction        | 0.0537       |
|    clip_range           | 0.2          |
|    entropy_loss         | -1.61        |
|    explained_variance   | 0.76         |
|    learning_rate        | 0.0003       |
|    loss                 | 0.00568      |
|    n_updates            | 585          |
|    policy_gradient_loss | -0.00291     |
|    value_loss           | 0.0961       |
------------------------------------------
------------------------------------------
| rollout/                |              |
|    ep_len_mean          | 656          |
|    ep_rew_mean          | 68.7         |
| time/                   |              |
|    fps                  | 210          |
|    iterations           | 119          |
|    time_elapsed         | 4627         |
|    total_timesteps      | 974848       |
| train/                  |              |
|    approx_kl            | 0.0061878967 |
|    clip_fraction        | 0.0499       |
|    clip_range           | 0.2          |
|    entropy_loss         | -1.57        |
|    explained_variance   | 0.721        |
|    learning_rate        | 0.0003       |
|    loss                 | 0.0107       |
|    n_updates            | 590          |
|    policy_gradient_loss | -0.00409     |
|    value_loss           | 0.114        |
------------------------------------------
------------------------------------------
| rollout/                |              |
|    ep_len_mean          | 656          |
|    ep_rew_mean          | 68.5         |
| time/                   |              |
|    fps                  | 211          |
|    iterations           | 120          |
|    time_elapsed         | 4656         |
|    total_timesteps      | 983040       |
| train/                  |              |
|    approx_kl            | 0.0057572443 |
|    clip_fraction        | 0.0442       |
|    clip_range           | 0.2          |
|    entropy_loss         | -1.6         |
|    explained_variance   | 0.794        |
|    learning_rate        | 0.0003       |
|    loss                 | 0.0218       |
|    n_updates            | 595          |
|    policy_gradient_loss | -0.00427     |
|    value_loss           | 0.105        |
------------------------------------------
-----------------------------------------
| rollout/                |             |
|    ep_len_mean          | 509         |
|    ep_rew_mean          | 69.2        |
| time/                   |             |
|    fps                  | 211         |
|    iterations           | 121         |
|    time_elapsed         | 4690        |
|    total_timesteps      | 991232      |
| train/                  |             |
|    approx_kl            | 0.005060142 |
|    clip_fraction        | 0.0453      |
|    clip_range           | 0.2         |
|    entropy_loss         | -0.98       |
|    explained_variance   | 0.871       |
|    learning_rate        | 0.0003      |
|    loss                 | 0.0235      |
|    n_updates            | 600         |
|    policy_gradient_loss | -0.00375    |
|    value_loss           | 0.108       |
-----------------------------------------
------------------------------------------
| rollout/                |              |
|    ep_len_mean          | 469          |
|    ep_rew_mean          | 77.9         |
| time/                   |              |
|    fps                  | 211          |
|    iterations           | 122          |
|    time_elapsed         | 4724         |
|    total_timesteps      | 999424       |
| train/                  |              |
|    approx_kl            | 0.0067125475 |
|    clip_fraction        | 0.0582       |
|    clip_range           | 0.2          |
|    entropy_loss         | -1.49        |
|    explained_variance   | 0.854        |
|    learning_rate        | 0.0003       |
|    loss                 | 0.0143       |
|    n_updates            | 605          |
|    policy_gradient_loss | -0.00552     |
|    value_loss           | 0.0815       |
------------------------------------------
------------------------------------------
| rollout/                |              |
|    ep_len_mean          | 495          |
|    ep_rew_mean          | 78.2         |
| time/                   |              |
|    fps                  | 211          |
|    iterations           | 123          |
|    time_elapsed         | 4760         |
|    total_timesteps      | 1007616      |
| train/                  |              |
|    approx_kl            | 0.0065957513 |
|    clip_fraction        | 0.0452       |
|    clip_range           | 0.2          |
|    entropy_loss         | -1.52        |
|    explained_variance   | 0.805        |
|    learning_rate        | 0.0003       |
|    loss                 | 0.0148       |
|    n_updates            | 610          |
|    policy_gradient_loss | -0.00382     |
|    value_loss           | 0.115        |
------------------------------------------
-----------------------------------------
| rollout/                |             |
|    ep_len_mean          | 494         |
|    ep_rew_mean          | 77.9        |
| time/                   |             |
|    fps                  | 211         |
|    iterations           | 124         |
|    time_elapsed         | 4797        |
|    total_timesteps      | 1015808     |
| train/                  |             |
|    approx_kl            | 0.007238341 |
|    clip_fraction        | 0.0551      |
|    clip_range           | 0.2         |
|    entropy_loss         | -1.62       |
|    explained_variance   | 0.894       |
|    learning_rate        | 0.0003      |
|    loss                 | -0.00572    |
|    n_updates            | 615         |
|    policy_gradient_loss | -0.00291    |
|    value_loss           | 0.0734      |
-----------------------------------------
------------------------------------------
| rollout/                |              |
|    ep_len_mean          | 512          |
|    ep_rew_mean          | 77.9         |
| time/                   |              |
|    fps                  | 211          |
|    iterations           | 125          |
|    time_elapsed         | 4831         |
|    total_timesteps      | 1024000      |
| train/                  |              |
|    approx_kl            | 0.0067924857 |
|    clip_fraction        | 0.0539       |
|    clip_range           | 0.2          |
|    entropy_loss         | -1.66        |
|    explained_variance   | 0.827        |
|    learning_rate        | 0.0003       |
|    loss                 | -0.00743     |
|    n_updates            | 620          |
|    policy_gradient_loss | -0.0055      |
|    value_loss           | 0.0376       |
------------------------------------------
------------------------------------------
| rollout/                |              |
|    ep_len_mean          | 590          |
|    ep_rew_mean          | 78.6         |
| time/                   |              |
|    fps                  | 212          |
|    iterations           | 126          |
|    time_elapsed         | 4866         |
|    total_timesteps      | 1032192      |
| train/                  |              |
|    approx_kl            | 0.0062392675 |
|    clip_fraction        | 0.047        |
|    clip_range           | 0.2          |
|    entropy_loss         | -1.65        |
|    explained_variance   | 0.926        |
|    learning_rate        | 0.0003       |
|    loss                 | -0.0139      |
|    n_updates            | 625          |
|    policy_gradient_loss | -0.00437     |
|    value_loss           | 0.05         |
------------------------------------------
-----------------------------------------
| rollout/                |             |
|    ep_len_mean          | 604         |
|    ep_rew_mean          | 79.5        |
| time/                   |             |
|    fps                  | 212         |
|    iterations           | 127         |
|    time_elapsed         | 4901        |
|    total_timesteps      | 1040384     |
| train/                  |             |
|    approx_kl            | 0.006410015 |
|    clip_fraction        | 0.0432      |
|    clip_range           | 0.2         |
|    entropy_loss         | -1.65       |
|    explained_variance   | 0.911       |
|    learning_rate        | 0.0003      |
|    loss                 | -0.00485    |
|    n_updates            | 630         |
|    policy_gradient_loss | -0.00474    |
|    value_loss           | 0.0276      |
-----------------------------------------
------------------------------------------
| rollout/                |              |
|    ep_len_mean          | 678          |
|    ep_rew_mean          | 80.6         |
| time/                   |              |
|    fps                  | 212          |
|    iterations           | 128          |
|    time_elapsed         | 4936         |
|    total_timesteps      | 1048576      |
| train/                  |              |
|    approx_kl            | 0.0062822974 |
|    clip_fraction        | 0.0478       |
|    clip_range           | 0.2          |
|    entropy_loss         | -1.71        |
|    explained_variance   | 0.946        |
|    learning_rate        | 0.0003       |
|    loss                 | -0.0192      |
|    n_updates            | 635          |
|    policy_gradient_loss | -0.00467     |
|    value_loss           | 0.0222       |
------------------------------------------
-----------------------------------------
| rollout/                |             |
|    ep_len_mean          | 673         |
|    ep_rew_mean          | 82          |
| time/                   |             |
|    fps                  | 212         |
|    iterations           | 129         |
|    time_elapsed         | 4970        |
|    total_timesteps      | 1056768     |
| train/                  |             |
|    approx_kl            | 0.007205466 |
|    clip_fraction        | 0.0403      |
|    clip_range           | 0.2         |
|    entropy_loss         | -1.69       |
|    explained_variance   | 0.942       |
|    learning_rate        | 0.0003      |
|    loss                 | -0.00956    |
|    n_updates            | 640         |
|    policy_gradient_loss | -0.00453    |
|    value_loss           | 0.0229      |
-----------------------------------------
-----------------------------------------
| rollout/                |             |
|    ep_len_mean          | 770         |
|    ep_rew_mean          | 77.9        |
| time/                   |             |
|    fps                  | 212         |
|    iterations           | 130         |
|    time_elapsed         | 5004        |
|    total_timesteps      | 1064960     |
| train/                  |             |
|    approx_kl            | 0.006970967 |
|    clip_fraction        | 0.0637      |
|    clip_range           | 0.2         |
|    entropy_loss         | -1.64       |
|    explained_variance   | 0.945       |
|    learning_rate        | 0.0003      |
|    loss                 | -0.0178     |
|    n_updates            | 645         |
|    policy_gradient_loss | -0.00446    |
|    value_loss           | 0.0274      |
-----------------------------------------
------------------------------------------
| rollout/                |              |
|    ep_len_mean          | 772          |
|    ep_rew_mean          | 77.7         |
| time/                   |              |
|    fps                  | 212          |
|    iterations           | 131          |
|    time_elapsed         | 5040         |
|    total_timesteps      | 1073152      |
| train/                  |              |
|    approx_kl            | 0.0061879894 |
|    clip_fraction        | 0.0431       |
|    clip_range           | 0.2          |
|    entropy_loss         | -1.54        |
|    explained_variance   | 0.937        |
|    learning_rate        | 0.0003       |
|    loss                 | -0.00304     |
|    n_updates            | 650          |
|    policy_gradient_loss | -0.000436    |
|    value_loss           | 0.046        |
------------------------------------------
-----------------------------------------
| rollout/                |             |
|    ep_len_mean          | 816         |
|    ep_rew_mean          | 78          |
| time/                   |             |
|    fps                  | 213         |
|    iterations           | 132         |
|    time_elapsed         | 5074        |
|    total_timesteps      | 1081344     |
| train/                  |             |
|    approx_kl            | 0.005953621 |
|    clip_fraction        | 0.0453      |
|    clip_range           | 0.2         |
|    entropy_loss         | -1.67       |
|    explained_variance   | 0.909       |
|    learning_rate        | 0.0003      |
|    loss                 | -0.000582   |
|    n_updates            | 655         |
|    policy_gradient_loss | -0.00495    |
|    value_loss           | 0.0311      |
-----------------------------------------
-----------------------------------------
| rollout/                |             |
|    ep_len_mean          | 788         |
|    ep_rew_mean          | 75.8        |
| time/                   |             |
|    fps                  | 213         |
|    iterations           | 133         |
|    time_elapsed         | 5108        |
|    total_timesteps      | 1089536     |
| train/                  |             |
|    approx_kl            | 0.005882187 |
|    clip_fraction        | 0.0405      |
|    clip_range           | 0.2         |
|    entropy_loss         | -1.5        |
|    explained_variance   | 0.908       |
|    learning_rate        | 0.0003      |
|    loss                 | -0.00204    |
|    n_updates            | 660         |
|    policy_gradient_loss | -0.00356    |
|    value_loss           | 0.0512      |
-----------------------------------------
------------------------------------------
| rollout/                |              |
|    ep_len_mean          | 771          |
|    ep_rew_mean          | 73.3         |
| time/                   |              |
|    fps                  | 213          |
|    iterations           | 134          |
|    time_elapsed         | 5143         |
|    total_timesteps      | 1097728      |
| train/                  |              |
|    approx_kl            | 0.0060071605 |
|    clip_fraction        | 0.0421       |
|    clip_range           | 0.2          |
|    entropy_loss         | -1.48        |
|    explained_variance   | 0.848        |
|    learning_rate        | 0.0003       |
|    loss                 | -0.00279     |
|    n_updates            | 665          |
|    policy_gradient_loss | -0.00367     |
|    value_loss           | 0.0613       |
------------------------------------------
------------------------------------------
| rollout/                |              |
|    ep_len_mean          | 731          |
|    ep_rew_mean          | 73.5         |
| time/                   |              |
|    fps                  | 213          |
|    iterations           | 135          |
|    time_elapsed         | 5178         |
|    total_timesteps      | 1105920      |
| train/                  |              |
|    approx_kl            | 0.0064151054 |
|    clip_fraction        | 0.0465       |
|    clip_range           | 0.2          |
|    entropy_loss         | -1.54        |
|    explained_variance   | 0.925        |
|    learning_rate        | 0.0003       |
|    loss                 | -0.0041      |
|    n_updates            | 670          |
|    policy_gradient_loss | -0.00452     |
|    value_loss           | 0.0414       |
------------------------------------------
------------------------------------------
| rollout/                |              |
|    ep_len_mean          | 655          |
|    ep_rew_mean          | 72.8         |
| time/                   |              |
|    fps                  | 213          |
|    iterations           | 136          |
|    time_elapsed         | 5212         |
|    total_timesteps      | 1114112      |
| train/                  |              |
|    approx_kl            | 0.0058273263 |
|    clip_fraction        | 0.042        |
|    clip_range           | 0.2          |
|    entropy_loss         | -1.46        |
|    explained_variance   | 0.931        |
|    learning_rate        | 0.0003       |
|    loss                 | -0.00959     |
|    n_updates            | 675          |
|    policy_gradient_loss | -0.00483     |
|    value_loss           | 0.0306       |
------------------------------------------
------------------------------------------
| rollout/                |              |
|    ep_len_mean          | 681          |
|    ep_rew_mean          | 69.6         |
| time/                   |              |
|    fps                  | 213          |
|    iterations           | 137          |
|    time_elapsed         | 5246         |
|    total_timesteps      | 1122304      |
| train/                  |              |
|    approx_kl            | 0.0056871995 |
|    clip_fraction        | 0.0518       |
|    clip_range           | 0.2          |
|    entropy_loss         | -1.53        |
|    explained_variance   | 0.884        |
|    learning_rate        | 0.0003       |
|    loss                 | -0.0167      |
|    n_updates            | 680          |
|    policy_gradient_loss | -0.00268     |
|    value_loss           | 0.0265       |
------------------------------------------
------------------------------------------
| rollout/                |              |
|    ep_len_mean          | 718          |
|    ep_rew_mean          | 72.8         |
| time/                   |              |
|    fps                  | 214          |
|    iterations           | 138          |
|    time_elapsed         | 5281         |
|    total_timesteps      | 1130496      |
| train/                  |              |
|    approx_kl            | 0.0061314693 |
|    clip_fraction        | 0.0472       |
|    clip_range           | 0.2          |
|    entropy_loss         | -1.51        |
|    explained_variance   | 0.944        |
|    learning_rate        | 0.0003       |
|    loss                 | -0.0137      |
|    n_updates            | 685          |
|    policy_gradient_loss | -0.00617     |
|    value_loss           | 0.028        |
------------------------------------------
------------------------------------------
| rollout/                |              |
|    ep_len_mean          | 669          |
|    ep_rew_mean          | 76.7         |
| time/                   |              |
|    fps                  | 214          |
|    iterations           | 139          |
|    time_elapsed         | 5317         |
|    total_timesteps      | 1138688      |
| train/                  |              |
|    approx_kl            | 0.0077366764 |
|    clip_fraction        | 0.0611       |
|    clip_range           | 0.2          |
|    entropy_loss         | -1.51        |
|    explained_variance   | 0.957        |
|    learning_rate        | 0.0003       |
|    loss                 | -0.0103      |
|    n_updates            | 690          |
|    policy_gradient_loss | -0.00626     |
|    value_loss           | 0.0294       |
------------------------------------------
------------------------------------------
| rollout/                |              |
|    ep_len_mean          | 681          |
|    ep_rew_mean          | 71.2         |
| time/                   |              |
|    fps                  | 214          |
|    iterations           | 140          |
|    time_elapsed         | 5350         |
|    total_timesteps      | 1146880      |
| train/                  |              |
|    approx_kl            | 0.0063176397 |
|    clip_fraction        | 0.0364       |
|    clip_range           | 0.2          |
|    entropy_loss         | -1.47        |
|    explained_variance   | 0.895        |
|    learning_rate        | 0.0003       |
|    loss                 | -0.00386     |
|    n_updates            | 695          |
|    policy_gradient_loss | -0.00438     |
|    value_loss           | 0.0378       |
------------------------------------------
-----------------------------------------
| rollout/                |             |
|    ep_len_mean          | 676         |
|    ep_rew_mean          | 72          |
| time/                   |             |
|    fps                  | 214         |
|    iterations           | 141         |
|    time_elapsed         | 5385        |
|    total_timesteps      | 1155072     |
| train/                  |             |
|    approx_kl            | 0.006556276 |
|    clip_fraction        | 0.0456      |
|    clip_range           | 0.2         |
|    entropy_loss         | -1.48       |
|    explained_variance   | 0.94        |
|    learning_rate        | 0.0003      |
|    loss                 | -0.0111     |
|    n_updates            | 700         |
|    policy_gradient_loss | -0.00524    |
|    value_loss           | 0.0285      |
-----------------------------------------
---------------------------------------
| rollout/                |           |
|    ep_len_mean          | 676       |
|    ep_rew_mean          | 72.8      |
| time/                   |           |
|    fps                  | 214       |
|    iterations           | 142       |
|    time_elapsed         | 5418      |
|    total_timesteps      | 1163264   |
| train/                  |           |
|    approx_kl            | 0.0060059 |
|    clip_fraction        | 0.0452    |
|    clip_range           | 0.2       |
|    entropy_loss         | -1.43     |
|    explained_variance   | 0.873     |
|    learning_rate        | 0.0003    |
|    loss                 | -0.00511  |
|    n_updates            | 705       |
|    policy_gradient_loss | -0.00491  |
|    value_loss           | 0.0529    |
---------------------------------------
-----------------------------------------
| rollout/                |             |
|    ep_len_mean          | 766         |
|    ep_rew_mean          | 72.1        |
| time/                   |             |
|    fps                  | 214         |
|    iterations           | 143         |
|    time_elapsed         | 5451        |
|    total_timesteps      | 1171456     |
| train/                  |             |
|    approx_kl            | 0.005398267 |
|    clip_fraction        | 0.0368      |
|    clip_range           | 0.2         |
|    entropy_loss         | -1.48       |
|    explained_variance   | 0.951       |
|    learning_rate        | 0.0003      |
|    loss                 | -0.011      |
|    n_updates            | 710         |
|    policy_gradient_loss | -0.00422    |
|    value_loss           | 0.0174      |
-----------------------------------------
-----------------------------------------
| rollout/                |             |
|    ep_len_mean          | 811         |
|    ep_rew_mean          | 69.4        |
| time/                   |             |
|    fps                  | 215         |
|    iterations           | 144         |
|    time_elapsed         | 5486        |
|    total_timesteps      | 1179648     |
| train/                  |             |
|    approx_kl            | 0.005964299 |
|    clip_fraction        | 0.0414      |
|    clip_range           | 0.2         |
|    entropy_loss         | -1.33       |
|    explained_variance   | 0.918       |
|    learning_rate        | 0.0003      |
|    loss                 | -0.0141     |
|    n_updates            | 715         |
|    policy_gradient_loss | -0.00359    |
|    value_loss           | 0.0423      |
-----------------------------------------
------------------------------------------
| rollout/                |              |
|    ep_len_mean          | 869          |
|    ep_rew_mean          | 69.7         |
| time/                   |              |
|    fps                  | 215          |
|    iterations           | 145          |
|    time_elapsed         | 5520         |
|    total_timesteps      | 1187840      |
| train/                  |              |
|    approx_kl            | 0.0076024774 |
|    clip_fraction        | 0.0602       |
|    clip_range           | 0.2          |
|    entropy_loss         | -1.55        |
|    explained_variance   | 0.924        |
|    learning_rate        | 0.0003       |
|    loss                 | -0.0183      |
|    n_updates            | 720          |
|    policy_gradient_loss | -0.00539     |
|    value_loss           | 0.0215       |
------------------------------------------
------------------------------------------
| rollout/                |              |
|    ep_len_mean          | 884          |
|    ep_rew_mean          | 71.2         |
| time/                   |              |
|    fps                  | 215          |
|    iterations           | 146          |
|    time_elapsed         | 5555         |
|    total_timesteps      | 1196032      |
| train/                  |              |
|    approx_kl            | 0.0075915502 |
|    clip_fraction        | 0.0601       |
|    clip_range           | 0.2          |
|    entropy_loss         | -1.61        |
|    explained_variance   | 0.798        |
|    learning_rate        | 0.0003       |
|    loss                 | -0.00997     |
|    n_updates            | 725          |
|    policy_gradient_loss | -0.0036      |
|    value_loss           | 0.0408       |
------------------------------------------
[Checkpoint] Saved at 1200000 steps > C:\Users\Admin\Desktop\disciple\realnewdisciples-main\Big_map\campaign_checkpoints\default-green-dragon-classic-2m-20260913-222410\campaign_ppo_step_1200000.zip
Eval num_timesteps=1200000, det_reward=-202.22 +/- 102.14
Episode length: det=4377.65 +/- 1412.52
Victory rate: det=0.00%
-------------------------------------------------
| eval/                           |             |
|    deterministic_mean_ep_length | 4.38e+03    |
|    deterministic_mean_reward    | -202        |
|    deterministic_victory_rate   | 0           |
|    mean_ep_length               | 4.38e+03    |
|    mean_reward                  | -202        |
|    victory_rate                 | 0           |
| time/                           |             |
|    total_timesteps              | 1200000     |
| train/                          |             |
|    approx_kl                    | 0.007305893 |
|    clip_fraction                | 0.0663      |
|    clip_range                   | 0.2         |
|    entropy_loss                 | -1.52       |
|    explained_variance           | 0.894       |
|    learning_rate                | 0.0003      |
|    loss                         | 0.00881     |
|    n_updates                    | 730         |
|    policy_gradient_loss         | -0.00412    |
|    value_loss                   | 0.0373      |
-------------------------------------------------
---------------------------------
| rollout/           |          |
|    ep_len_mean     | 883      |
|    ep_rew_mean     | 71.5     |
| time/              |          |
|    fps             | 202      |
|    iterations      | 147      |
|    time_elapsed    | 5948     |
|    total_timesteps | 1204224  |
---------------------------------
-----------------------------------------
| rollout/                |             |
|    ep_len_mean          | 995         |
|    ep_rew_mean          | 68.6        |
| time/                   |             |
|    fps                  | 202         |
|    iterations           | 148         |
|    time_elapsed         | 5981        |
|    total_timesteps      | 1212416     |
| train/                  |             |
|    approx_kl            | 0.007222643 |
|    clip_fraction        | 0.0648      |
|    clip_range           | 0.2         |
|    entropy_loss         | -1.62       |
|    explained_variance   | 0.885       |
|    learning_rate        | 0.0003      |
|    loss                 | -0.0143     |
|    n_updates            | 735         |
|    policy_gradient_loss | -0.0049     |
|    value_loss           | 0.0211      |
-----------------------------------------
------------------------------------------
| rollout/                |              |
|    ep_len_mean          | 953          |
|    ep_rew_mean          | 75.3         |
| time/                   |              |
|    fps                  | 202          |
|    iterations           | 149          |
|    time_elapsed         | 6017         |
|    total_timesteps      | 1220608      |
| train/                  |              |
|    approx_kl            | 0.0062138895 |
|    clip_fraction        | 0.0508       |
|    clip_range           | 0.2          |
|    entropy_loss         | -1.48        |
|    explained_variance   | 0.954        |
|    learning_rate        | 0.0003       |
|    loss                 | -0.00594     |
|    n_updates            | 740          |
|    policy_gradient_loss | -0.00302     |
|    value_loss           | 0.0227       |
------------------------------------------
------------------------------------------
| rollout/                |              |
|    ep_len_mean          | 926          |
|    ep_rew_mean          | 73.2         |
| time/                   |              |
|    fps                  | 203          |
|    iterations           | 150          |
|    time_elapsed         | 6051         |
|    total_timesteps      | 1228800      |
| train/                  |              |
|    approx_kl            | 0.0070131556 |
|    clip_fraction        | 0.0498       |
|    clip_range           | 0.2          |
|    entropy_loss         | -1.58        |
|    explained_variance   | 0.919        |
|    learning_rate        | 0.0003       |
|    loss                 | 0.011        |
|    n_updates            | 745          |
|    policy_gradient_loss | -0.00596     |
|    value_loss           | 0.041        |
------------------------------------------
-----------------------------------------
| rollout/                |             |
|    ep_len_mean          | 940         |
|    ep_rew_mean          | 77.9        |
| time/                   |             |
|    fps                  | 203         |
|    iterations           | 151         |
|    time_elapsed         | 6085        |
|    total_timesteps      | 1236992     |
| train/                  |             |
|    approx_kl            | 0.004975621 |
|    clip_fraction        | 0.0354      |
|    clip_range           | 0.2         |
|    entropy_loss         | -1.4        |
|    explained_variance   | 0.938       |
|    learning_rate        | 0.0003      |
|    loss                 | -0.0122     |
|    n_updates            | 750         |
|    policy_gradient_loss | -0.00445    |
|    value_loss           | 0.037       |
-----------------------------------------
------------------------------------------
| rollout/                |              |
|    ep_len_mean          | 959          |
|    ep_rew_mean          | 78           |
| time/                   |              |
|    fps                  | 203          |
|    iterations           | 152          |
|    time_elapsed         | 6118         |
|    total_timesteps      | 1245184      |
| train/                  |              |
|    approx_kl            | 0.0052634226 |
|    clip_fraction        | 0.0279       |
|    clip_range           | 0.2          |
|    entropy_loss         | -1.39        |
|    explained_variance   | 0.916        |
|    learning_rate        | 0.0003       |
|    loss                 | -0.00928     |
|    n_updates            | 755          |
|    policy_gradient_loss | -0.00373     |
|    value_loss           | 0.041        |
------------------------------------------
------------------------------------------
| rollout/                |              |
|    ep_len_mean          | 986          |
|    ep_rew_mean          | 79.3         |
| time/                   |              |
|    fps                  | 203          |
|    iterations           | 153          |
|    time_elapsed         | 6151         |
|    total_timesteps      | 1253376      |
| train/                  |              |
|    approx_kl            | 0.0067591034 |
|    clip_fraction        | 0.0575       |
|    clip_range           | 0.2          |
|    entropy_loss         | -1.49        |
|    explained_variance   | 0.941        |
|    learning_rate        | 0.0003       |
|    loss                 | -0.0149      |
|    n_updates            | 760          |
|    policy_gradient_loss | -0.00484     |
|    value_loss           | 0.014        |
------------------------------------------
------------------------------------------
| rollout/                |              |
|    ep_len_mean          | 1.03e+03     |
|    ep_rew_mean          | 77.5         |
| time/                   |              |
|    fps                  | 203          |
|    iterations           | 154          |
|    time_elapsed         | 6185         |
|    total_timesteps      | 1261568      |
| train/                  |              |
|    approx_kl            | 0.0066014277 |
|    clip_fraction        | 0.0623       |
|    clip_range           | 0.2          |
|    entropy_loss         | -1.45        |
|    explained_variance   | 0.909        |
|    learning_rate        | 0.0003       |
|    loss                 | -0.0125      |
|    n_updates            | 765          |
|    policy_gradient_loss | -0.00515     |
|    value_loss           | 0.0439       |
------------------------------------------
-----------------------------------------
| rollout/                |             |
|    ep_len_mean          | 1.08e+03    |
|    ep_rew_mean          | 78.8        |
| time/                   |             |
|    fps                  | 204         |
|    iterations           | 155         |
|    time_elapsed         | 6219        |
|    total_timesteps      | 1269760     |
| train/                  |             |
|    approx_kl            | 0.006961884 |
|    clip_fraction        | 0.0396      |
|    clip_range           | 0.2         |
|    entropy_loss         | -1.49       |
|    explained_variance   | 0.927       |
|    learning_rate        | 0.0003      |
|    loss                 | -0.0118     |
|    n_updates            | 770         |
|    policy_gradient_loss | -0.00392    |
|    value_loss           | 0.0332      |
-----------------------------------------
------------------------------------------
| rollout/                |              |
|    ep_len_mean          | 1.03e+03     |
|    ep_rew_mean          | 79           |
| time/                   |              |
|    fps                  | 204          |
|    iterations           | 156          |
|    time_elapsed         | 6252         |
|    total_timesteps      | 1277952      |
| train/                  |              |
|    approx_kl            | 0.0060410444 |
|    clip_fraction        | 0.0564       |
|    clip_range           | 0.2          |
|    entropy_loss         | -1.48        |
|    explained_variance   | 0.93         |
|    learning_rate        | 0.0003       |
|    loss                 | 0.00374      |
|    n_updates            | 775          |
|    policy_gradient_loss | -0.00385     |
|    value_loss           | 0.0324       |
------------------------------------------
-----------------------------------------
| rollout/                |             |
|    ep_len_mean          | 1.08e+03    |
|    ep_rew_mean          | 85.3        |
| time/                   |             |
|    fps                  | 204         |
|    iterations           | 157         |
|    time_elapsed         | 6287        |
|    total_timesteps      | 1286144     |
| train/                  |             |
|    approx_kl            | 0.011597892 |
|    clip_fraction        | 0.0683      |
|    clip_range           | 0.2         |
|    entropy_loss         | -1.55       |
|    explained_variance   | 0.91        |
|    learning_rate        | 0.0003      |
|    loss                 | -0.0161     |
|    n_updates            | 780         |
|    policy_gradient_loss | -0.00658    |
|    value_loss           | 0.013       |
-----------------------------------------
----------------------------------------
| rollout/                |            |
|    ep_len_mean          | 1.01e+03   |
|    ep_rew_mean          | 82         |
| time/                   |            |
|    fps                  | 204        |
|    iterations           | 158        |
|    time_elapsed         | 6321       |
|    total_timesteps      | 1294336    |
| train/                  |            |
|    approx_kl            | 0.01059256 |
|    clip_fraction        | 0.0642     |
|    clip_range           | 0.2        |
|    entropy_loss         | -1.54      |
|    explained_variance   | 0.952      |
|    learning_rate        | 0.0003     |
|    loss                 | -0.012     |
|    n_updates            | 785        |
|    policy_gradient_loss | -0.00701   |
|    value_loss           | 0.0213     |
----------------------------------------
------------------------------------------
| rollout/                |              |
|    ep_len_mean          | 1.05e+03     |
|    ep_rew_mean          | 83.8         |
| time/                   |              |
|    fps                  | 204          |
|    iterations           | 159          |
|    time_elapsed         | 6355         |
|    total_timesteps      | 1302528      |
| train/                  |              |
|    approx_kl            | 0.0069432454 |
|    clip_fraction        | 0.0418       |
|    clip_range           | 0.2          |
|    entropy_loss         | -1.48        |
|    explained_variance   | 0.931        |
|    learning_rate        | 0.0003       |
|    loss                 | -0.00758     |
|    n_updates            | 790          |
|    policy_gradient_loss | -0.00403     |
|    value_loss           | 0.0315       |
------------------------------------------
-----------------------------------------
| rollout/                |             |
|    ep_len_mean          | 982         |
|    ep_rew_mean          | 82.3        |
| time/                   |             |
|    fps                  | 205         |
|    iterations           | 160         |
|    time_elapsed         | 6386        |
|    total_timesteps      | 1310720     |
| train/                  |             |
|    approx_kl            | 0.007881891 |
|    clip_fraction        | 0.0601      |
|    clip_range           | 0.2         |
|    entropy_loss         | -1.48       |
|    explained_variance   | 0.952       |
|    learning_rate        | 0.0003      |
|    loss                 | -0.0132     |
|    n_updates            | 795         |
|    policy_gradient_loss | -0.0065     |
|    value_loss           | 0.0169      |
-----------------------------------------
-----------------------------------------
| rollout/                |             |
|    ep_len_mean          | 985         |
|    ep_rew_mean          | 82.2        |
| time/                   |             |
|    fps                  | 205         |
|    iterations           | 161         |
|    time_elapsed         | 6420        |
|    total_timesteps      | 1318912     |
| train/                  |             |
|    approx_kl            | 0.004043209 |
|    clip_fraction        | 0.0279      |
|    clip_range           | 0.2         |
|    entropy_loss         | -1.04       |
|    explained_variance   | 0.94        |
|    learning_rate        | 0.0003      |
|    loss                 | -0.018      |
|    n_updates            | 800         |
|    policy_gradient_loss | -0.00409    |
|    value_loss           | 0.0229      |
-----------------------------------------
------------------------------------------
| rollout/                |              |
|    ep_len_mean          | 978          |
|    ep_rew_mean          | 81.6         |
| time/                   |              |
|    fps                  | 205          |
|    iterations           | 162          |
|    time_elapsed         | 6455         |
|    total_timesteps      | 1327104      |
| train/                  |              |
|    approx_kl            | 0.0055746576 |
|    clip_fraction        | 0.0452       |
|    clip_range           | 0.2          |
|    entropy_loss         | -1.29        |
|    explained_variance   | 0.926        |
|    learning_rate        | 0.0003       |
|    loss                 | -0.00405     |
|    n_updates            | 805          |
|    policy_gradient_loss | -0.00539     |
|    value_loss           | 0.0402       |
------------------------------------------
------------------------------------------
| rollout/                |              |
|    ep_len_mean          | 1.08e+03     |
|    ep_rew_mean          | 83           |
| time/                   |              |
|    fps                  | 205          |
|    iterations           | 163          |
|    time_elapsed         | 6488         |
|    total_timesteps      | 1335296      |
| train/                  |              |
|    approx_kl            | 0.0077550546 |
|    clip_fraction        | 0.0575       |
|    clip_range           | 0.2          |
|    entropy_loss         | -1.51        |
|    explained_variance   | 0.904        |
|    learning_rate        | 0.0003       |
|    loss                 | -0.0163      |
|    n_updates            | 810          |
|    policy_gradient_loss | -0.00422     |
|    value_loss           | 0.0263       |
------------------------------------------
------------------------------------------
| rollout/                |              |
|    ep_len_mean          | 1.1e+03      |
|    ep_rew_mean          | 83.8         |
| time/                   |              |
|    fps                  | 205          |
|    iterations           | 164          |
|    time_elapsed         | 6523         |
|    total_timesteps      | 1343488      |
| train/                  |              |
|    approx_kl            | 0.0069878045 |
|    clip_fraction        | 0.0682       |
|    clip_range           | 0.2          |
|    entropy_loss         | -1.53        |
|    explained_variance   | 0.969        |
|    learning_rate        | 0.0003       |
|    loss                 | -0.0148      |
|    n_updates            | 815          |
|    policy_gradient_loss | -0.00604     |
|    value_loss           | 0.0129       |
------------------------------------------
-----------------------------------------
| rollout/                |             |
|    ep_len_mean          | 1.17e+03    |
|    ep_rew_mean          | 83.8        |
| time/                   |             |
|    fps                  | 206         |
|    iterations           | 165         |
|    time_elapsed         | 6557        |
|    total_timesteps      | 1351680     |
| train/                  |             |
|    approx_kl            | 0.005254871 |
|    clip_fraction        | 0.0393      |
|    clip_range           | 0.2         |
|    entropy_loss         | -1.47       |
|    explained_variance   | 0.936       |
|    learning_rate        | 0.0003      |
|    loss                 | -0.00389    |
|    n_updates            | 820         |
|    policy_gradient_loss | -0.00413    |
|    value_loss           | 0.0332      |
-----------------------------------------
------------------------------------------
| rollout/                |              |
|    ep_len_mean          | 1.18e+03     |
|    ep_rew_mean          | 84.2         |
| time/                   |              |
|    fps                  | 206          |
|    iterations           | 166          |
|    time_elapsed         | 6591         |
|    total_timesteps      | 1359872      |
| train/                  |              |
|    approx_kl            | 0.0072409045 |
|    clip_fraction        | 0.079        |
|    clip_range           | 0.2          |
|    entropy_loss         | -1.67        |
|    explained_variance   | 0.903        |
|    learning_rate        | 0.0003       |
|    loss                 | -0.0127      |
|    n_updates            | 825          |
|    policy_gradient_loss | -0.00441     |
|    value_loss           | 0.0326       |
------------------------------------------
-----------------------------------------
| rollout/                |             |
|    ep_len_mean          | 1.2e+03     |
|    ep_rew_mean          | 85.3        |
| time/                   |             |
|    fps                  | 206         |
|    iterations           | 167         |
|    time_elapsed         | 6625        |
|    total_timesteps      | 1368064     |
| train/                  |             |
|    approx_kl            | 0.006658208 |
|    clip_fraction        | 0.0581      |
|    clip_range           | 0.2         |
|    entropy_loss         | -1.5        |
|    explained_variance   | 0.916       |
|    learning_rate        | 0.0003      |
|    loss                 | -0.0144     |
|    n_updates            | 830         |
|    policy_gradient_loss | -0.00461    |
|    value_loss           | 0.0334      |
-----------------------------------------
------------------------------------------
| rollout/                |              |
|    ep_len_mean          | 1.14e+03     |
|    ep_rew_mean          | 85.4         |
| time/                   |              |
|    fps                  | 206          |
|    iterations           | 168          |
|    time_elapsed         | 6659         |
|    total_timesteps      | 1376256      |
| train/                  |              |
|    approx_kl            | 0.0059102224 |
|    clip_fraction        | 0.0455       |
|    clip_range           | 0.2          |
|    entropy_loss         | -1.51        |
|    explained_variance   | 0.932        |
|    learning_rate        | 0.0003       |
|    loss                 | -0.0108      |
|    n_updates            | 835          |
|    policy_gradient_loss | -0.00452     |
|    value_loss           | 0.0254       |
------------------------------------------
-----------------------------------------
| rollout/                |             |
|    ep_len_mean          | 1.18e+03    |
|    ep_rew_mean          | 83.2        |
| time/                   |             |
|    fps                  | 206         |
|    iterations           | 169         |
|    time_elapsed         | 6693        |
|    total_timesteps      | 1384448     |
| train/                  |             |
|    approx_kl            | 0.006606011 |
|    clip_fraction        | 0.0502      |
|    clip_range           | 0.2         |
|    entropy_loss         | -1.5        |
|    explained_variance   | 0.935       |
|    learning_rate        | 0.0003      |
|    loss                 | -0.00844    |
|    n_updates            | 840         |
|    policy_gradient_loss | -0.00553    |
|    value_loss           | 0.0289      |
-----------------------------------------
-----------------------------------------
| rollout/                |             |
|    ep_len_mean          | 1.11e+03    |
|    ep_rew_mean          | 89.1        |
| time/                   |             |
|    fps                  | 206         |
|    iterations           | 170         |
|    time_elapsed         | 6728        |
|    total_timesteps      | 1392640     |
| train/                  |             |
|    approx_kl            | 0.007499741 |
|    clip_fraction        | 0.0667      |
|    clip_range           | 0.2         |
|    entropy_loss         | -1.5        |
|    explained_variance   | 0.902       |
|    learning_rate        | 0.0003      |
|    loss                 | -0.00895    |
|    n_updates            | 845         |
|    policy_gradient_loss | -0.00537    |
|    value_loss           | 0.0403      |
-----------------------------------------
-----------------------------------------
| rollout/                |             |
|    ep_len_mean          | 1.16e+03    |
|    ep_rew_mean          | 88.8        |
| time/                   |             |
|    fps                  | 207         |
|    iterations           | 171         |
|    time_elapsed         | 6762        |
|    total_timesteps      | 1400832     |
| train/                  |             |
|    approx_kl            | 0.007980192 |
|    clip_fraction        | 0.0716      |
|    clip_range           | 0.2         |
|    entropy_loss         | -1.62       |
|    explained_variance   | 0.804       |
|    learning_rate        | 0.0003      |
|    loss                 | 0.0103      |
|    n_updates            | 850         |
|    policy_gradient_loss | -0.00352    |
|    value_loss           | 0.0688      |
-----------------------------------------
-----------------------------------------
| rollout/                |             |
|    ep_len_mean          | 1.1e+03     |
|    ep_rew_mean          | 94.4        |
| time/                   |             |
|    fps                  | 207         |
|    iterations           | 172         |
|    time_elapsed         | 6796        |
|    total_timesteps      | 1409024     |
| train/                  |             |
|    approx_kl            | 0.006246526 |
|    clip_fraction        | 0.0489      |
|    clip_range           | 0.2         |
|    entropy_loss         | -1.49       |
|    explained_variance   | 0.902       |
|    learning_rate        | 0.0003      |
|    loss                 | -0.0167     |
|    n_updates            | 855         |
|    policy_gradient_loss | -0.00389    |
|    value_loss           | 0.0197      |
-----------------------------------------
------------------------------------------
| rollout/                |              |
|    ep_len_mean          | 1.01e+03     |
|    ep_rew_mean          | 102          |
| time/                   |              |
|    fps                  | 207          |
|    iterations           | 173          |
|    time_elapsed         | 6830         |
|    total_timesteps      | 1417216      |
| train/                  |              |
|    approx_kl            | 0.0069593186 |
|    clip_fraction        | 0.0678       |
|    clip_range           | 0.2          |
|    entropy_loss         | -1.32        |
|    explained_variance   | 0.757        |
|    learning_rate        | 0.0003       |
|    loss                 | 0.0324       |
|    n_updates            | 860          |
|    policy_gradient_loss | -0.00393     |
|    value_loss           | 0.123        |
------------------------------------------
-----------------------------------------
| rollout/                |             |
|    ep_len_mean          | 844         |
|    ep_rew_mean          | 105         |
| time/                   |             |
|    fps                  | 207         |
|    iterations           | 174         |
|    time_elapsed         | 6865        |
|    total_timesteps      | 1425408     |
| train/                  |             |
|    approx_kl            | 0.005312998 |
|    clip_fraction        | 0.0472      |
|    clip_range           | 0.2         |
|    entropy_loss         | -1.31       |
|    explained_variance   | 0.765       |
|    learning_rate        | 0.0003      |
|    loss                 | 0.0257      |
|    n_updates            | 865         |
|    policy_gradient_loss | -0.0036     |
|    value_loss           | 0.101       |
-----------------------------------------
-----------------------------------------
| rollout/                |             |
|    ep_len_mean          | 793         |
|    ep_rew_mean          | 106         |
| time/                   |             |
|    fps                  | 207         |
|    iterations           | 175         |
|    time_elapsed         | 6898        |
|    total_timesteps      | 1433600     |
| train/                  |             |
|    approx_kl            | 0.005703589 |
|    clip_fraction        | 0.0407      |
|    clip_range           | 0.2         |
|    entropy_loss         | -1.39       |
|    explained_variance   | 0.793       |
|    learning_rate        | 0.0003      |
|    loss                 | 0.0349      |
|    n_updates            | 870         |
|    policy_gradient_loss | -0.00361    |
|    value_loss           | 0.131       |
-----------------------------------------
-----------------------------------------
| rollout/                |             |
|    ep_len_mean          | 605         |
|    ep_rew_mean          | 110         |
| time/                   |             |
|    fps                  | 207         |
|    iterations           | 176         |
|    time_elapsed         | 6933        |
|    total_timesteps      | 1441792     |
| train/                  |             |
|    approx_kl            | 0.006212273 |
|    clip_fraction        | 0.046       |
|    clip_range           | 0.2         |
|    entropy_loss         | -1.44       |
|    explained_variance   | 0.811       |
|    learning_rate        | 0.0003      |
|    loss                 | 0.0336      |
|    n_updates            | 875         |
|    policy_gradient_loss | -0.00312    |
|    value_loss           | 0.0954      |
-----------------------------------------
-----------------------------------------
| rollout/                |             |
|    ep_len_mean          | 561         |
|    ep_rew_mean          | 106         |
| time/                   |             |
|    fps                  | 208         |
|    iterations           | 177         |
|    time_elapsed         | 6967        |
|    total_timesteps      | 1449984     |
| train/                  |             |
|    approx_kl            | 0.005877123 |
|    clip_fraction        | 0.0607      |
|    clip_range           | 0.2         |
|    entropy_loss         | -1.24       |
|    explained_variance   | 0.775       |
|    learning_rate        | 0.0003      |
|    loss                 | 0.0543      |
|    n_updates            | 880         |
|    policy_gradient_loss | -0.00392    |
|    value_loss           | 0.147       |
-----------------------------------------
-----------------------------------------
| rollout/                |             |
|    ep_len_mean          | 544         |
|    ep_rew_mean          | 102         |
| time/                   |             |
|    fps                  | 208         |
|    iterations           | 178         |
|    time_elapsed         | 7001        |
|    total_timesteps      | 1458176     |
| train/                  |             |
|    approx_kl            | 0.007431096 |
|    clip_fraction        | 0.0583      |
|    clip_range           | 0.2         |
|    entropy_loss         | -1.42       |
|    explained_variance   | 0.783       |
|    learning_rate        | 0.0003      |
|    loss                 | 0.00351     |
|    n_updates            | 885         |
|    policy_gradient_loss | -0.00404    |
|    value_loss           | 0.0709      |
-----------------------------------------
----------------------------------------
| rollout/                |            |
|    ep_len_mean          | 562        |
|    ep_rew_mean          | 105        |
| time/                   |            |
|    fps                  | 208        |
|    iterations           | 179        |
|    time_elapsed         | 7036       |
|    total_timesteps      | 1466368    |
| train/                  |            |
|    approx_kl            | 0.00669475 |
|    clip_fraction        | 0.0505     |
|    clip_range           | 0.2        |
|    entropy_loss         | -1.37      |
|    explained_variance   | 0.848      |
|    learning_rate        | 0.0003     |
|    loss                 | 0.00932    |
|    n_updates            | 890        |
|    policy_gradient_loss | -0.00434   |
|    value_loss           | 0.0623     |
----------------------------------------
------------------------------------------
| rollout/                |              |
|    ep_len_mean          | 577          |
|    ep_rew_mean          | 106          |
| time/                   |              |
|    fps                  | 208          |
|    iterations           | 180          |
|    time_elapsed         | 7070         |
|    total_timesteps      | 1474560      |
| train/                  |              |
|    approx_kl            | 0.0061124796 |
|    clip_fraction        | 0.0345       |
|    clip_range           | 0.2          |
|    entropy_loss         | -1.46        |
|    explained_variance   | 0.845        |
|    learning_rate        | 0.0003       |
|    loss                 | -0.000842    |
|    n_updates            | 895          |
|    policy_gradient_loss | -0.00466     |
|    value_loss           | 0.0632       |
------------------------------------------
-----------------------------------------
| rollout/                |             |
|    ep_len_mean          | 607         |
|    ep_rew_mean          | 110         |
| time/                   |             |
|    fps                  | 208         |
|    iterations           | 181         |
|    time_elapsed         | 7104        |
|    total_timesteps      | 1482752     |
| train/                  |             |
|    approx_kl            | 0.006689615 |
|    clip_fraction        | 0.057       |
|    clip_range           | 0.2         |
|    entropy_loss         | -1.41       |
|    explained_variance   | 0.791       |
|    learning_rate        | 0.0003      |
|    loss                 | 0.0263      |
|    n_updates            | 900         |
|    policy_gradient_loss | -0.00465    |
|    value_loss           | 0.0927      |
-----------------------------------------
------------------------------------------
| rollout/                |              |
|    ep_len_mean          | 667          |
|    ep_rew_mean          | 107          |
| time/                   |              |
|    fps                  | 208          |
|    iterations           | 182          |
|    time_elapsed         | 7138         |
|    total_timesteps      | 1490944      |
| train/                  |              |
|    approx_kl            | 0.0066539766 |
|    clip_fraction        | 0.046        |
|    clip_range           | 0.2          |
|    entropy_loss         | -1.53        |
|    explained_variance   | 0.844        |
|    learning_rate        | 0.0003       |
|    loss                 | 0.00702      |
|    n_updates            | 905          |
|    policy_gradient_loss | -0.0031      |
|    value_loss           | 0.0671       |
------------------------------------------
------------------------------------------
| rollout/                |              |
|    ep_len_mean          | 644          |
|    ep_rew_mean          | 102          |
| time/                   |              |
|    fps                  | 209          |
|    iterations           | 183          |
|    time_elapsed         | 7172         |
|    total_timesteps      | 1499136      |
| train/                  |              |
|    approx_kl            | 0.0081556905 |
|    clip_fraction        | 0.11         |
|    clip_range           | 0.2          |
|    entropy_loss         | -1.47        |
|    explained_variance   | 0.92         |
|    learning_rate        | 0.0003       |
|    loss                 | -0.00653     |
|    n_updates            | 910          |
|    policy_gradient_loss | -0.00684     |
|    value_loss           | 0.0344       |
------------------------------------------
[Checkpoint] Saved at 1500000 steps > C:\Users\Admin\Desktop\disciple\realnewdisciples-main\Big_map\campaign_checkpoints\default-green-dragon-classic-2m-20260913-222410\campaign_ppo_step_1500000.zip
Eval num_timesteps=1500000, det_reward=-209.73 +/- 60.99
Episode length: det=3795.05 +/- 451.34
Victory rate: det=5.00%
------------------------------------------------
| eval/                           |            |
|    deterministic_mean_ep_length | 3.8e+03    |
|    deterministic_mean_reward    | -210       |
|    deterministic_victory_rate   | 0.05       |
|    mean_ep_length               | 3.8e+03    |
|    mean_reward                  | -210       |
|    victory_rate                 | 0.05       |
| time/                           |            |
|    total_timesteps              | 1500000    |
| train/                          |            |
|    approx_kl                    | 0.00793838 |
|    clip_fraction                | 0.0772     |
|    clip_range                   | 0.2        |
|    entropy_loss                 | -1.63      |
|    explained_variance           | 0.899      |
|    learning_rate                | 0.0003     |
|    loss                         | -0.019     |
|    n_updates                    | 915        |
|    policy_gradient_loss         | -0.00478   |
|    value_loss                   | 0.0229     |
------------------------------------------------
---------------------------------
| rollout/           |          |
|    ep_len_mean     | 692      |
|    ep_rew_mean     | 108      |
| time/              |          |
|    fps             | 200      |
|    iterations      | 184      |
|    time_elapsed    | 7517     |
|    total_timesteps | 1507328  |
---------------------------------
-----------------------------------------
| rollout/                |             |
|    ep_len_mean          | 712         |
|    ep_rew_mean          | 111         |
| time/                   |             |
|    fps                  | 200         |
|    iterations           | 185         |
|    time_elapsed         | 7551        |
|    total_timesteps      | 1515520     |
| train/                  |             |
|    approx_kl            | 0.006409736 |
|    clip_fraction        | 0.0604      |
|    clip_range           | 0.2         |
|    entropy_loss         | -1.45       |
|    explained_variance   | 0.821       |
|    learning_rate        | 0.0003      |
|    loss                 | 0.0125      |
|    n_updates            | 920         |
|    policy_gradient_loss | -0.00477    |
|    value_loss           | 0.0855      |
-----------------------------------------
-----------------------------------------
| rollout/                |             |
|    ep_len_mean          | 742         |
|    ep_rew_mean          | 111         |
| time/                   |             |
|    fps                  | 200         |
|    iterations           | 186         |
|    time_elapsed         | 7585        |
|    total_timesteps      | 1523712     |
| train/                  |             |
|    approx_kl            | 0.006267156 |
|    clip_fraction        | 0.0546      |
|    clip_range           | 0.2         |
|    entropy_loss         | -1.65       |
|    explained_variance   | 0.818       |
|    learning_rate        | 0.0003      |
|    loss                 | -0.019      |
|    n_updates            | 925         |
|    policy_gradient_loss | -0.00287    |
|    value_loss           | 0.0429      |
-----------------------------------------
-----------------------------------------
| rollout/                |             |
|    ep_len_mean          | 896         |
|    ep_rew_mean          | 108         |
| time/                   |             |
|    fps                  | 201         |
|    iterations           | 187         |
|    time_elapsed         | 7620        |
|    total_timesteps      | 1531904     |
| train/                  |             |
|    approx_kl            | 0.006610141 |
|    clip_fraction        | 0.0536      |
|    clip_range           | 0.2         |
|    entropy_loss         | -1.51       |
|    explained_variance   | 0.89        |
|    learning_rate        | 0.0003      |
|    loss                 | -0.00854    |
|    n_updates            | 930         |
|    policy_gradient_loss | -0.00447    |
|    value_loss           | 0.0257      |
-----------------------------------------
------------------------------------------
| rollout/                |              |
|    ep_len_mean          | 913          |
|    ep_rew_mean          | 112          |
| time/                   |              |
|    fps                  | 201          |
|    iterations           | 188          |
|    time_elapsed         | 7655         |
|    total_timesteps      | 1540096      |
| train/                  |              |
|    approx_kl            | 0.0058130315 |
|    clip_fraction        | 0.0539       |
|    clip_range           | 0.2          |
|    entropy_loss         | -1.52        |
|    explained_variance   | 0.846        |
|    learning_rate        | 0.0003       |
|    loss                 | 0.00489      |
|    n_updates            | 935          |
|    policy_gradient_loss | -0.00436     |
|    value_loss           | 0.0575       |
------------------------------------------
----------------------------------------
| rollout/                |            |
|    ep_len_mean          | 1e+03      |
|    ep_rew_mean          | 117        |
| time/                   |            |
|    fps                  | 201        |
|    iterations           | 189        |
|    time_elapsed         | 7688       |
|    total_timesteps      | 1548288    |
| train/                  |            |
|    approx_kl            | 0.00500243 |
|    clip_fraction        | 0.0348     |
|    clip_range           | 0.2        |
|    entropy_loss         | -1.53      |
|    explained_variance   | 0.843      |
|    learning_rate        | 0.0003     |
|    loss                 | 0.0192     |
|    n_updates            | 940        |
|    policy_gradient_loss | -0.00288   |
|    value_loss           | 0.103      |
----------------------------------------
------------------------------------------
| rollout/                |              |
|    ep_len_mean          | 949          |
|    ep_rew_mean          | 122          |
| time/                   |              |
|    fps                  | 201          |
|    iterations           | 190          |
|    time_elapsed         | 7723         |
|    total_timesteps      | 1556480      |
| train/                  |              |
|    approx_kl            | 0.0070102513 |
|    clip_fraction        | 0.0742       |
|    clip_range           | 0.2          |
|    entropy_loss         | -1.61        |
|    explained_variance   | 0.797        |
|    learning_rate        | 0.0003       |
|    loss                 | 0.0377       |
|    n_updates            | 945          |
|    policy_gradient_loss | -0.00399     |
|    value_loss           | 0.123        |
------------------------------------------
-----------------------------------------
| rollout/                |             |
|    ep_len_mean          | 913         |
|    ep_rew_mean          | 118         |
| time/                   |             |
|    fps                  | 201         |
|    iterations           | 191         |
|    time_elapsed         | 7757        |
|    total_timesteps      | 1564672     |
| train/                  |             |
|    approx_kl            | 0.006840715 |
|    clip_fraction        | 0.0797      |
|    clip_range           | 0.2         |
|    entropy_loss         | -1.45       |
|    explained_variance   | 0.793       |
|    learning_rate        | 0.0003      |
|    loss                 | 0.028       |
|    n_updates            | 950         |
|    policy_gradient_loss | -0.00574    |
|    value_loss           | 0.0954      |
-----------------------------------------
----------------------------------------
| rollout/                |            |
|    ep_len_mean          | 945        |
|    ep_rew_mean          | 113        |
| time/                   |            |
|    fps                  | 201        |
|    iterations           | 192        |
|    time_elapsed         | 7791       |
|    total_timesteps      | 1572864    |
| train/                  |            |
|    approx_kl            | 0.00582932 |
|    clip_fraction        | 0.0393     |
|    clip_range           | 0.2        |
|    entropy_loss         | -1.4       |
|    explained_variance   | 0.906      |
|    learning_rate        | 0.0003     |
|    loss                 | -0.0131    |
|    n_updates            | 955        |
|    policy_gradient_loss | -0.00368   |
|    value_loss           | 0.033      |
----------------------------------------
------------------------------------------
| rollout/                |              |
|    ep_len_mean          | 921          |
|    ep_rew_mean          | 118          |
| time/                   |              |
|    fps                  | 202          |
|    iterations           | 193          |
|    time_elapsed         | 7825         |
|    total_timesteps      | 1581056      |
| train/                  |              |
|    approx_kl            | 0.0063487287 |
|    clip_fraction        | 0.0466       |
|    clip_range           | 0.2          |
|    entropy_loss         | -1.33        |
|    explained_variance   | 0.887        |
|    learning_rate        | 0.0003       |
|    loss                 | -0.00927     |
|    n_updates            | 960          |
|    policy_gradient_loss | -0.0034      |
|    value_loss           | 0.0584       |
------------------------------------------
-----------------------------------------
| rollout/                |             |
|    ep_len_mean          | 859         |
|    ep_rew_mean          | 120         |
| time/                   |             |
|    fps                  | 202         |
|    iterations           | 194         |
|    time_elapsed         | 7860        |
|    total_timesteps      | 1589248     |
| train/                  |             |
|    approx_kl            | 0.006083066 |
|    clip_fraction        | 0.0511      |
|    clip_range           | 0.2         |
|    entropy_loss         | -1.44       |
|    explained_variance   | 0.797       |
|    learning_rate        | 0.0003      |
|    loss                 | 0.0102      |
|    n_updates            | 965         |
|    policy_gradient_loss | -0.00399    |
|    value_loss           | 0.0843      |
-----------------------------------------
------------------------------------------
| rollout/                |              |
|    ep_len_mean          | 777          |
|    ep_rew_mean          | 121          |
| time/                   |              |
|    fps                  | 202          |
|    iterations           | 195          |
|    time_elapsed         | 7894         |
|    total_timesteps      | 1597440      |
| train/                  |              |
|    approx_kl            | 0.0066348636 |
|    clip_fraction        | 0.0704       |
|    clip_range           | 0.2          |
|    entropy_loss         | -1.41        |
|    explained_variance   | 0.878        |
|    learning_rate        | 0.0003       |
|    loss                 | -0.00429     |
|    n_updates            | 970          |
|    policy_gradient_loss | -0.00523     |
|    value_loss           | 0.0685       |
------------------------------------------
------------------------------------------
| rollout/                |              |
|    ep_len_mean          | 728          |
|    ep_rew_mean          | 120          |
| time/                   |              |
|    fps                  | 202          |
|    iterations           | 196          |
|    time_elapsed         | 7927         |
|    total_timesteps      | 1605632      |
| train/                  |              |
|    approx_kl            | 0.0065833144 |
|    clip_fraction        | 0.059        |
|    clip_range           | 0.2          |
|    entropy_loss         | -1.39        |
|    explained_variance   | 0.879        |
|    learning_rate        | 0.0003       |
|    loss                 | 0.027        |
|    n_updates            | 975          |
|    policy_gradient_loss | -0.00411     |
|    value_loss           | 0.0695       |
------------------------------------------
-----------------------------------------
| rollout/                |             |
|    ep_len_mean          | 774         |
|    ep_rew_mean          | 117         |
| time/                   |             |
|    fps                  | 202         |
|    iterations           | 197         |
|    time_elapsed         | 7961        |
|    total_timesteps      | 1613824     |
| train/                  |             |
|    approx_kl            | 0.007761267 |
|    clip_fraction        | 0.0708      |
|    clip_range           | 0.2         |
|    entropy_loss         | -1.56       |
|    explained_variance   | 0.929       |
|    learning_rate        | 0.0003      |
|    loss                 | -0.0187     |
|    n_updates            | 980         |
|    policy_gradient_loss | -0.0054     |
|    value_loss           | 0.0161      |
-----------------------------------------
------------------------------------------
| rollout/                |              |
|    ep_len_mean          | 693          |
|    ep_rew_mean          | 114          |
| time/                   |              |
|    fps                  | 202          |
|    iterations           | 198          |
|    time_elapsed         | 7995         |
|    total_timesteps      | 1622016      |
| train/                  |              |
|    approx_kl            | 0.0056639444 |
|    clip_fraction        | 0.0522       |
|    clip_range           | 0.2          |
|    entropy_loss         | -1.4         |
|    explained_variance   | 0.843        |
|    learning_rate        | 0.0003       |
|    loss                 | 0.0206       |
|    n_updates            | 985          |
|    policy_gradient_loss | -0.00427     |
|    value_loss           | 0.101        |
------------------------------------------
-----------------------------------------
| rollout/                |             |
|    ep_len_mean          | 709         |
|    ep_rew_mean          | 112         |
| time/                   |             |
|    fps                  | 203         |
|    iterations           | 199         |
|    time_elapsed         | 8029        |
|    total_timesteps      | 1630208     |
| train/                  |             |
|    approx_kl            | 0.006790392 |
|    clip_fraction        | 0.0625      |
|    clip_range           | 0.2         |
|    entropy_loss         | -1.43       |
|    explained_variance   | 0.92        |
|    learning_rate        | 0.0003      |
|    loss                 | 0.00357     |
|    n_updates            | 990         |
|    policy_gradient_loss | -0.00367    |
|    value_loss           | 0.0452      |
-----------------------------------------
----------------------------------------
| rollout/                |            |
|    ep_len_mean          | 678        |
|    ep_rew_mean          | 114        |
| time/                   |            |
|    fps                  | 203        |
|    iterations           | 200        |
|    time_elapsed         | 8064       |
|    total_timesteps      | 1638400    |
| train/                  |            |
|    approx_kl            | 0.00572884 |
|    clip_fraction        | 0.055      |
|    clip_range           | 0.2        |
|    entropy_loss         | -1.4       |
|    explained_variance   | 0.91       |
|    learning_rate        | 0.0003     |
|    loss                 | 0.00442    |
|    n_updates            | 995        |
|    policy_gradient_loss | -0.00447   |
|    value_loss           | 0.0617     |
----------------------------------------
------------------------------------------
| rollout/                |              |
|    ep_len_mean          | 686          |
|    ep_rew_mean          | 116          |
| time/                   |              |
|    fps                  | 203          |
|    iterations           | 201          |
|    time_elapsed         | 8098         |
|    total_timesteps      | 1646592      |
| train/                  |              |
|    approx_kl            | 0.0065390384 |
|    clip_fraction        | 0.0539       |
|    clip_range           | 0.2          |
|    entropy_loss         | -1.26        |
|    explained_variance   | 0.911        |
|    learning_rate        | 0.0003       |
|    loss                 | 0.00436      |
|    n_updates            | 1000         |
|    policy_gradient_loss | -0.00431     |
|    value_loss           | 0.0532       |
------------------------------------------
------------------------------------------
| rollout/                |              |
|    ep_len_mean          | 732          |
|    ep_rew_mean          | 115          |
| time/                   |              |
|    fps                  | 203          |
|    iterations           | 202          |
|    time_elapsed         | 8131         |
|    total_timesteps      | 1654784      |
| train/                  |              |
|    approx_kl            | 0.0073698577 |
|    clip_fraction        | 0.0536       |
|    clip_range           | 0.2          |
|    entropy_loss         | -1.58        |
|    explained_variance   | 0.947        |
|    learning_rate        | 0.0003       |
|    loss                 | -0.0136      |
|    n_updates            | 1005         |
|    policy_gradient_loss | -0.00484     |
|    value_loss           | 0.021        |
------------------------------------------
-----------------------------------------
| rollout/                |             |
|    ep_len_mean          | 798         |
|    ep_rew_mean          | 108         |
| time/                   |             |
|    fps                  | 203         |
|    iterations           | 203         |
|    time_elapsed         | 8165        |
|    total_timesteps      | 1662976     |
| train/                  |             |
|    approx_kl            | 0.007141797 |
|    clip_fraction        | 0.0597      |
|    clip_range           | 0.2         |
|    entropy_loss         | -1.63       |
|    explained_variance   | 0.89        |
|    learning_rate        | 0.0003      |
|    loss                 | -0.0205     |
|    n_updates            | 1010        |
|    policy_gradient_loss | -0.00347    |
|    value_loss           | 0.00622     |
-----------------------------------------
-----------------------------------------
| rollout/                |             |
|    ep_len_mean          | 798         |
|    ep_rew_mean          | 106         |
| time/                   |             |
|    fps                  | 203         |
|    iterations           | 204         |
|    time_elapsed         | 8199        |
|    total_timesteps      | 1671168     |
| train/                  |             |
|    approx_kl            | 0.007035112 |
|    clip_fraction        | 0.0427      |
|    clip_range           | 0.2         |
|    entropy_loss         | -1.54       |
|    explained_variance   | 0.966       |
|    learning_rate        | 0.0003      |
|    loss                 | -0.0205     |
|    n_updates            | 1015        |
|    policy_gradient_loss | -0.00618    |
|    value_loss           | 0.0193      |
-----------------------------------------
-----------------------------------------
| rollout/                |             |
|    ep_len_mean          | 869         |
|    ep_rew_mean          | 106         |
| time/                   |             |
|    fps                  | 203         |
|    iterations           | 205         |
|    time_elapsed         | 8232        |
|    total_timesteps      | 1679360     |
| train/                  |             |
|    approx_kl            | 0.006951402 |
|    clip_fraction        | 0.0621      |
|    clip_range           | 0.2         |
|    entropy_loss         | -1.4        |
|    explained_variance   | 0.964       |
|    learning_rate        | 0.0003      |
|    loss                 | -0.0203     |
|    n_updates            | 1020        |
|    policy_gradient_loss | -0.00578    |
|    value_loss           | 0.0188      |
-----------------------------------------
------------------------------------------
| rollout/                |              |
|    ep_len_mean          | 909          |
|    ep_rew_mean          | 102          |
| time/                   |              |
|    fps                  | 204          |
|    iterations           | 206          |
|    time_elapsed         | 8265         |
|    total_timesteps      | 1687552      |
| train/                  |              |
|    approx_kl            | 0.0062268367 |
|    clip_fraction        | 0.0471       |
|    clip_range           | 0.2          |
|    entropy_loss         | -1.5         |
|    explained_variance   | 0.946        |
|    learning_rate        | 0.0003       |
|    loss                 | -0.017       |
|    n_updates            | 1025         |
|    policy_gradient_loss | -0.00417     |
|    value_loss           | 0.00945      |
------------------------------------------
------------------------------------------
| rollout/                |              |
|    ep_len_mean          | 897          |
|    ep_rew_mean          | 97.5         |
| time/                   |              |
|    fps                  | 204          |
|    iterations           | 207          |
|    time_elapsed         | 8299         |
|    total_timesteps      | 1695744      |
| train/                  |              |
|    approx_kl            | 0.0066421563 |
|    clip_fraction        | 0.0633       |
|    clip_range           | 0.2          |
|    entropy_loss         | -1.22        |
|    explained_variance   | 0.946        |
|    learning_rate        | 0.0003       |
|    loss                 | -0.00954     |
|    n_updates            | 1030         |
|    policy_gradient_loss | -0.00575     |
|    value_loss           | 0.025        |
------------------------------------------
-----------------------------------------
| rollout/                |             |
|    ep_len_mean          | 893         |
|    ep_rew_mean          | 99          |
| time/                   |             |
|    fps                  | 204         |
|    iterations           | 208         |
|    time_elapsed         | 8328        |
|    total_timesteps      | 1703936     |
| train/                  |             |
|    approx_kl            | 0.005601297 |
|    clip_fraction        | 0.0563      |
|    clip_range           | 0.2         |
|    entropy_loss         | -1.29       |
|    explained_variance   | 0.931       |
|    learning_rate        | 0.0003      |
|    loss                 | -0.00468    |
|    n_updates            | 1035        |
|    policy_gradient_loss | -0.00463    |
|    value_loss           | 0.044       |
-----------------------------------------
-----------------------------------------
| rollout/                |             |
|    ep_len_mean          | 940         |
|    ep_rew_mean          | 93.9        |
| time/                   |             |
|    fps                  | 204         |
|    iterations           | 209         |
|    time_elapsed         | 8360        |
|    total_timesteps      | 1712128     |
| train/                  |             |
|    approx_kl            | 0.006086085 |
|    clip_fraction        | 0.0609      |
|    clip_range           | 0.2         |
|    entropy_loss         | -1.15       |
|    explained_variance   | 0.839       |
|    learning_rate        | 0.0003      |
|    loss                 | -0.00907    |
|    n_updates            | 1040        |
|    policy_gradient_loss | -0.00546    |
|    value_loss           | 0.0322      |
-----------------------------------------
-----------------------------------------
| rollout/                |             |
|    ep_len_mean          | 1.05e+03    |
|    ep_rew_mean          | 87.6        |
| time/                   |             |
|    fps                  | 204         |
|    iterations           | 210         |
|    time_elapsed         | 8394        |
|    total_timesteps      | 1720320     |
| train/                  |             |
|    approx_kl            | 0.005562804 |
|    clip_fraction        | 0.0499      |
|    clip_range           | 0.2         |
|    entropy_loss         | -1.35       |
|    explained_variance   | 0.951       |
|    learning_rate        | 0.0003      |
|    loss                 | -0.00813    |
|    n_updates            | 1045        |
|    policy_gradient_loss | -0.00343    |
|    value_loss           | 0.0063      |
-----------------------------------------
-----------------------------------------
| rollout/                |             |
|    ep_len_mean          | 1.05e+03    |
|    ep_rew_mean          | 88          |
| time/                   |             |
|    fps                  | 205         |
|    iterations           | 211         |
|    time_elapsed         | 8429        |
|    total_timesteps      | 1728512     |
| train/                  |             |
|    approx_kl            | 0.007397271 |
|    clip_fraction        | 0.0486      |
|    clip_range           | 0.2         |
|    entropy_loss         | -1.36       |
|    explained_variance   | 0.943       |
|    learning_rate        | 0.0003      |
|    loss                 | -0.0128     |
|    n_updates            | 1050        |
|    policy_gradient_loss | -0.00497    |
|    value_loss           | 0.0261      |
-----------------------------------------
------------------------------------------
| rollout/                |              |
|    ep_len_mean          | 1.07e+03     |
|    ep_rew_mean          | 88.4         |
| time/                   |              |
|    fps                  | 205          |
|    iterations           | 212          |
|    time_elapsed         | 8464         |
|    total_timesteps      | 1736704      |
| train/                  |              |
|    approx_kl            | 0.0072516873 |
|    clip_fraction        | 0.0632       |
|    clip_range           | 0.2          |
|    entropy_loss         | -1.6         |
|    explained_variance   | 0.951        |
|    learning_rate        | 0.0003       |
|    loss                 | -0.0148      |
|    n_updates            | 1055         |
|    policy_gradient_loss | -0.00575     |
|    value_loss           | 0.0188       |
------------------------------------------
------------------------------------------
| rollout/                |              |
|    ep_len_mean          | 1.13e+03     |
|    ep_rew_mean          | 94.1         |
| time/                   |              |
|    fps                  | 205          |
|    iterations           | 213          |
|    time_elapsed         | 8498         |
|    total_timesteps      | 1744896      |
| train/                  |              |
|    approx_kl            | 0.0061553847 |
|    clip_fraction        | 0.0692       |
|    clip_range           | 0.2          |
|    entropy_loss         | -1.58        |
|    explained_variance   | 0.896        |
|    learning_rate        | 0.0003       |
|    loss                 | -0.00854     |
|    n_updates            | 1060         |
|    policy_gradient_loss | -0.00208     |
|    value_loss           | 0.0384       |
------------------------------------------
-----------------------------------------
| rollout/                |             |
|    ep_len_mean          | 1.14e+03    |
|    ep_rew_mean          | 94.8        |
| time/                   |             |
|    fps                  | 205         |
|    iterations           | 214         |
|    time_elapsed         | 8533        |
|    total_timesteps      | 1753088     |
| train/                  |             |
|    approx_kl            | 0.005335573 |
|    clip_fraction        | 0.052       |
|    clip_range           | 0.2         |
|    entropy_loss         | -1.44       |
|    explained_variance   | 0.891       |
|    learning_rate        | 0.0003      |
|    loss                 | 0.0515      |
|    n_updates            | 1065        |
|    policy_gradient_loss | -0.00232    |
|    value_loss           | 0.0798      |
-----------------------------------------
-----------------------------------------
| rollout/                |             |
|    ep_len_mean          | 1.17e+03    |
|    ep_rew_mean          | 95.1        |
| time/                   |             |
|    fps                  | 205         |
|    iterations           | 215         |
|    time_elapsed         | 8567        |
|    total_timesteps      | 1761280     |
| train/                  |             |
|    approx_kl            | 0.007175168 |
|    clip_fraction        | 0.0733      |
|    clip_range           | 0.2         |
|    entropy_loss         | -1.5        |
|    explained_variance   | 0.948       |
|    learning_rate        | 0.0003      |
|    loss                 | -0.00683    |
|    n_updates            | 1070        |
|    policy_gradient_loss | -0.0059     |
|    value_loss           | 0.0229      |
-----------------------------------------
------------------------------------------
| rollout/                |              |
|    ep_len_mean          | 1.13e+03     |
|    ep_rew_mean          | 97.5         |
| time/                   |              |
|    fps                  | 205          |
|    iterations           | 216          |
|    time_elapsed         | 8602         |
|    total_timesteps      | 1769472      |
| train/                  |              |
|    approx_kl            | 0.0077832527 |
|    clip_fraction        | 0.0625       |
|    clip_range           | 0.2          |
|    entropy_loss         | -1.55        |
|    explained_variance   | 0.961        |
|    learning_rate        | 0.0003       |
|    loss                 | -0.00891     |
|    n_updates            | 1075         |
|    policy_gradient_loss | -0.00542     |
|    value_loss           | 0.0209       |
------------------------------------------
-----------------------------------------
| rollout/                |             |
|    ep_len_mean          | 1.2e+03     |
|    ep_rew_mean          | 97.2        |
| time/                   |             |
|    fps                  | 205         |
|    iterations           | 217         |
|    time_elapsed         | 8636        |
|    total_timesteps      | 1777664     |
| train/                  |             |
|    approx_kl            | 0.006484932 |
|    clip_fraction        | 0.048       |
|    clip_range           | 0.2         |
|    entropy_loss         | -1.5        |
|    explained_variance   | 0.953       |
|    learning_rate        | 0.0003      |
|    loss                 | -0.0163     |
|    n_updates            | 1080        |
|    policy_gradient_loss | -0.00519    |
|    value_loss           | 0.0193      |
-----------------------------------------
------------------------------------------
| rollout/                |              |
|    ep_len_mean          | 1.18e+03     |
|    ep_rew_mean          | 97.4         |
| time/                   |              |
|    fps                  | 205          |
|    iterations           | 218          |
|    time_elapsed         | 8670         |
|    total_timesteps      | 1785856      |
| train/                  |              |
|    approx_kl            | 0.0073820893 |
|    clip_fraction        | 0.0457       |
|    clip_range           | 0.2          |
|    entropy_loss         | -1.4         |
|    explained_variance   | 0.958        |
|    learning_rate        | 0.0003       |
|    loss                 | -0.0131      |
|    n_updates            | 1085         |
|    policy_gradient_loss | -0.00574     |
|    value_loss           | 0.0108       |
------------------------------------------
------------------------------------------
| rollout/                |              |
|    ep_len_mean          | 1.11e+03     |
|    ep_rew_mean          | 103          |
| time/                   |              |
|    fps                  | 206          |
|    iterations           | 219          |
|    time_elapsed         | 8705         |
|    total_timesteps      | 1794048      |
| train/                  |              |
|    approx_kl            | 0.0067516975 |
|    clip_fraction        | 0.0486       |
|    clip_range           | 0.2          |
|    entropy_loss         | -1.38        |
|    explained_variance   | 0.96         |
|    learning_rate        | 0.0003       |
|    loss                 | -0.0181      |
|    n_updates            | 1090         |
|    policy_gradient_loss | -0.00574     |
|    value_loss           | 0.0216       |
------------------------------------------
[Checkpoint] Saved at 1800000 steps > C:\Users\Admin\Desktop\disciple\realnewdisciples-main\Big_map\campaign_checkpoints\default-green-dragon-classic-2m-20260913-222410\campaign_ppo_step_1800000.zip
Eval num_timesteps=1800000, det_reward=-144.63 +/- 83.35
Episode length: det=4567.90 +/- 1029.45
Victory rate: det=0.00%
-------------------------------------------------
| eval/                           |             |
|    deterministic_mean_ep_length | 4.57e+03    |
|    deterministic_mean_reward    | -145        |
|    deterministic_victory_rate   | 0           |
|    mean_ep_length               | 4.57e+03    |
|    mean_reward                  | -145        |
|    victory_rate                 | 0           |
| time/                           |             |
|    total_timesteps              | 1800000     |
| train/                          |             |
|    approx_kl                    | 0.006164743 |
|    clip_fraction                | 0.0577      |
|    clip_range                   | 0.2         |
|    entropy_loss                 | -1.46       |
|    explained_variance           | 0.891       |
|    learning_rate                | 0.0003      |
|    loss                         | -0.0153     |
|    n_updates                    | 1095        |
|    policy_gradient_loss         | -0.00451    |
|    value_loss                   | 0.0562      |
-------------------------------------------------
---------------------------------
| rollout/           |          |
|    ep_len_mean     | 1.08e+03 |
|    ep_rew_mean     | 107      |
| time/              |          |
|    fps             | 197      |
|    iterations      | 220      |
|    time_elapsed    | 9119     |
|    total_timesteps | 1802240  |
---------------------------------
------------------------------------------
| rollout/                |              |
|    ep_len_mean          | 1.15e+03     |
|    ep_rew_mean          | 110          |
| time/                   |              |
|    fps                  | 197          |
|    iterations           | 221          |
|    time_elapsed         | 9154         |
|    total_timesteps      | 1810432      |
| train/                  |              |
|    approx_kl            | 0.0066490974 |
|    clip_fraction        | 0.0837       |
|    clip_range           | 0.2          |
|    entropy_loss         | -1.43        |
|    explained_variance   | 0.953        |
|    learning_rate        | 0.0003       |
|    loss                 | 0.00294      |
|    n_updates            | 1100         |
|    policy_gradient_loss | -0.00496     |
|    value_loss           | 0.0411       |
------------------------------------------
------------------------------------------
| rollout/                |              |
|    ep_len_mean          | 949          |
|    ep_rew_mean          | 122          |
| time/                   |              |
|    fps                  | 197          |
|    iterations           | 222          |
|    time_elapsed         | 9188         |
|    total_timesteps      | 1818624      |
| train/                  |              |
|    approx_kl            | 0.0066000735 |
|    clip_fraction        | 0.0788       |
|    clip_range           | 0.2          |
|    entropy_loss         | -1.4         |
|    explained_variance   | 0.898        |
|    learning_rate        | 0.0003       |
|    loss                 | 0.0144       |
|    n_updates            | 1105         |
|    policy_gradient_loss | -0.00415     |
|    value_loss           | 0.0659       |
------------------------------------------
------------------------------------------
| rollout/                |              |
|    ep_len_mean          | 920          |
|    ep_rew_mean          | 117          |
| time/                   |              |
|    fps                  | 198          |
|    iterations           | 223          |
|    time_elapsed         | 9223         |
|    total_timesteps      | 1826816      |
| train/                  |              |
|    approx_kl            | 0.0063298065 |
|    clip_fraction        | 0.0588       |
|    clip_range           | 0.2          |
|    entropy_loss         | -1.31        |
|    explained_variance   | 0.92         |
|    learning_rate        | 0.0003       |
|    loss                 | 0.0127       |
|    n_updates            | 1110         |
|    policy_gradient_loss | -0.00437     |
|    value_loss           | 0.0487       |
------------------------------------------
------------------------------------------
| rollout/                |              |
|    ep_len_mean          | 828          |
|    ep_rew_mean          | 114          |
| time/                   |              |
|    fps                  | 198          |
|    iterations           | 224          |
|    time_elapsed         | 9257         |
|    total_timesteps      | 1835008      |
| train/                  |              |
|    approx_kl            | 0.0066714454 |
|    clip_fraction        | 0.0618       |
|    clip_range           | 0.2          |
|    entropy_loss         | -1.35        |
|    explained_variance   | 0.928        |
|    learning_rate        | 0.0003       |
|    loss                 | -0.00341     |
|    n_updates            | 1115         |
|    policy_gradient_loss | -0.00421     |
|    value_loss           | 0.0438       |
------------------------------------------
-----------------------------------------
| rollout/                |             |
|    ep_len_mean          | 699         |
|    ep_rew_mean          | 114         |
| time/                   |             |
|    fps                  | 198         |
|    iterations           | 225         |
|    time_elapsed         | 9291        |
|    total_timesteps      | 1843200     |
| train/                  |             |
|    approx_kl            | 0.005599254 |
|    clip_fraction        | 0.049       |
|    clip_range           | 0.2         |
|    entropy_loss         | -1.16       |
|    explained_variance   | 0.875       |
|    learning_rate        | 0.0003      |
|    loss                 | 0.0208      |
|    n_updates            | 1120        |
|    policy_gradient_loss | -0.00392    |
|    value_loss           | 0.0773      |
-----------------------------------------
------------------------------------------
| rollout/                |              |
|    ep_len_mean          | 650          |
|    ep_rew_mean          | 116          |
| time/                   |              |
|    fps                  | 198          |
|    iterations           | 226          |
|    time_elapsed         | 9324         |
|    total_timesteps      | 1851392      |
| train/                  |              |
|    approx_kl            | 0.0051132343 |
|    clip_fraction        | 0.0361       |
|    clip_range           | 0.2          |
|    entropy_loss         | -1.31        |
|    explained_variance   | 0.897        |
|    learning_rate        | 0.0003       |
|    loss                 | 0.00756      |
|    n_updates            | 1125         |
|    policy_gradient_loss | -0.00372     |
|    value_loss           | 0.0534       |
------------------------------------------
-----------------------------------------
| rollout/                |             |
|    ep_len_mean          | 654         |
|    ep_rew_mean          | 114         |
| time/                   |             |
|    fps                  | 198         |
|    iterations           | 227         |
|    time_elapsed         | 9358        |
|    total_timesteps      | 1859584     |
| train/                  |             |
|    approx_kl            | 0.006400963 |
|    clip_fraction        | 0.0604      |
|    clip_range           | 0.2         |
|    entropy_loss         | -1.21       |
|    explained_variance   | 0.933       |
|    learning_rate        | 0.0003      |
|    loss                 | -0.00496    |
|    n_updates            | 1130        |
|    policy_gradient_loss | -0.00386    |
|    value_loss           | 0.0458      |
-----------------------------------------
------------------------------------------
| rollout/                |              |
|    ep_len_mean          | 654          |
|    ep_rew_mean          | 114          |
| time/                   |              |
|    fps                  | 198          |
|    iterations           | 228          |
|    time_elapsed         | 9391         |
|    total_timesteps      | 1867776      |
| train/                  |              |
|    approx_kl            | 0.0077255275 |
|    clip_fraction        | 0.071        |
|    clip_range           | 0.2          |
|    entropy_loss         | -1.33        |
|    explained_variance   | 0.913        |
|    learning_rate        | 0.0003       |
|    loss                 | -0.00276     |
|    n_updates            | 1135         |
|    policy_gradient_loss | -0.00451     |
|    value_loss           | 0.0437       |
------------------------------------------
-----------------------------------------
| rollout/                |             |
|    ep_len_mean          | 759         |
|    ep_rew_mean          | 107         |
| time/                   |             |
|    fps                  | 199         |
|    iterations           | 229         |
|    time_elapsed         | 9424        |
|    total_timesteps      | 1875968     |
| train/                  |             |
|    approx_kl            | 0.006204864 |
|    clip_fraction        | 0.0533      |
|    clip_range           | 0.2         |
|    entropy_loss         | -1.37       |
|    explained_variance   | 0.925       |
|    learning_rate        | 0.0003      |
|    loss                 | -0.0197     |
|    n_updates            | 1140        |
|    policy_gradient_loss | -0.00411    |
|    value_loss           | 0.00837     |
-----------------------------------------
-----------------------------------------
| rollout/                |             |
|    ep_len_mean          | 809         |
|    ep_rew_mean          | 105         |
| time/                   |             |
|    fps                  | 199         |
|    iterations           | 230         |
|    time_elapsed         | 9458        |
|    total_timesteps      | 1884160     |
| train/                  |             |
|    approx_kl            | 0.005991226 |
|    clip_fraction        | 0.0374      |
|    clip_range           | 0.2         |
|    entropy_loss         | -1.27       |
|    explained_variance   | 0.958       |
|    learning_rate        | 0.0003      |
|    loss                 | -0.0144     |
|    n_updates            | 1145        |
|    policy_gradient_loss | -0.00462    |
|    value_loss           | 0.0208      |
-----------------------------------------
------------------------------------------
| rollout/                |              |
|    ep_len_mean          | 776          |
|    ep_rew_mean          | 106          |
| time/                   |              |
|    fps                  | 199          |
|    iterations           | 231          |
|    time_elapsed         | 9492         |
|    total_timesteps      | 1892352      |
| train/                  |              |
|    approx_kl            | 0.0056327954 |
|    clip_fraction        | 0.0401       |
|    clip_range           | 0.2          |
|    entropy_loss         | -1.38        |
|    explained_variance   | 0.875        |
|    learning_rate        | 0.0003       |
|    loss                 | 0.0125       |
|    n_updates            | 1150         |
|    policy_gradient_loss | -0.00213     |
|    value_loss           | 0.0583       |
------------------------------------------
-----------------------------------------
| rollout/                |             |
|    ep_len_mean          | 855         |
|    ep_rew_mean          | 99.8        |
| time/                   |             |
|    fps                  | 199         |
|    iterations           | 232         |
|    time_elapsed         | 9526        |
|    total_timesteps      | 1900544     |
| train/                  |             |
|    approx_kl            | 0.007473587 |
|    clip_fraction        | 0.055       |
|    clip_range           | 0.2         |
|    entropy_loss         | -1.34       |
|    explained_variance   | 0.935       |
|    learning_rate        | 0.0003      |
|    loss                 | -0.0137     |
|    n_updates            | 1155        |
|    policy_gradient_loss | -0.00427    |
|    value_loss           | 0.0352      |
-----------------------------------------
----------------------------------------
| rollout/                |            |
|    ep_len_mean          | 847        |
|    ep_rew_mean          | 101        |
| time/                   |            |
|    fps                  | 199        |
|    iterations           | 233        |
|    time_elapsed         | 9559       |
|    total_timesteps      | 1908736    |
| train/                  |            |
|    approx_kl            | 0.00634107 |
|    clip_fraction        | 0.0476     |
|    clip_range           | 0.2        |
|    entropy_loss         | -1.3       |
|    explained_variance   | 0.925      |
|    learning_rate        | 0.0003     |
|    loss                 | 0.00306    |
|    n_updates            | 1160       |
|    policy_gradient_loss | -0.00294   |
|    value_loss           | 0.0453     |
----------------------------------------
------------------------------------------
| rollout/                |              |
|    ep_len_mean          | 853          |
|    ep_rew_mean          | 102          |
| time/                   |              |
|    fps                  | 199          |
|    iterations           | 234          |
|    time_elapsed         | 9593         |
|    total_timesteps      | 1916928      |
| train/                  |              |
|    approx_kl            | 0.0075429194 |
|    clip_fraction        | 0.0596       |
|    clip_range           | 0.2          |
|    entropy_loss         | -1.21        |
|    explained_variance   | 0.954        |
|    learning_rate        | 0.0003       |
|    loss                 | -0.0125      |
|    n_updates            | 1165         |
|    policy_gradient_loss | -0.00568     |
|    value_loss           | 0.0435       |
------------------------------------------
------------------------------------------
| rollout/                |              |
|    ep_len_mean          | 916          |
|    ep_rew_mean          | 102          |
| time/                   |              |
|    fps                  | 199          |
|    iterations           | 235          |
|    time_elapsed         | 9627         |
|    total_timesteps      | 1925120      |
| train/                  |              |
|    approx_kl            | 0.0049979417 |
|    clip_fraction        | 0.0354       |
|    clip_range           | 0.2          |
|    entropy_loss         | -1.36        |
|    explained_variance   | 0.942        |
|    learning_rate        | 0.0003       |
|    loss                 | -0.00485     |
|    n_updates            | 1170         |
|    policy_gradient_loss | -0.00222     |
|    value_loss           | 0.026        |
------------------------------------------
-----------------------------------------
| rollout/                |             |
|    ep_len_mean          | 959         |
|    ep_rew_mean          | 99.4        |
| time/                   |             |
|    fps                  | 200         |
|    iterations           | 236         |
|    time_elapsed         | 9661        |
|    total_timesteps      | 1933312     |
| train/                  |             |
|    approx_kl            | 0.007659871 |
|    clip_fraction        | 0.0556      |
|    clip_range           | 0.2         |
|    entropy_loss         | -1.29       |
|    explained_variance   | 0.927       |
|    learning_rate        | 0.0003      |
|    loss                 | 0.000331    |
|    n_updates            | 1175        |
|    policy_gradient_loss | -0.00403    |
|    value_loss           | 0.0503      |
-----------------------------------------
------------------------------------------
| rollout/                |              |
|    ep_len_mean          | 1.02e+03     |
|    ep_rew_mean          | 96.4         |
| time/                   |              |
|    fps                  | 200          |
|    iterations           | 237          |
|    time_elapsed         | 9696         |
|    total_timesteps      | 1941504      |
| train/                  |              |
|    approx_kl            | 0.0061725695 |
|    clip_fraction        | 0.0572       |
|    clip_range           | 0.2          |
|    entropy_loss         | -1.33        |
|    explained_variance   | 0.959        |
|    learning_rate        | 0.0003       |
|    loss                 | -0.00735     |
|    n_updates            | 1180         |
|    policy_gradient_loss | -0.00351     |
|    value_loss           | 0.0408       |
------------------------------------------
-----------------------------------------
| rollout/                |             |
|    ep_len_mean          | 1.07e+03    |
|    ep_rew_mean          | 99.8        |
| time/                   |             |
|    fps                  | 200         |
|    iterations           | 238         |
|    time_elapsed         | 9731        |
|    total_timesteps      | 1949696     |
| train/                  |             |
|    approx_kl            | 0.007021253 |
|    clip_fraction        | 0.055       |
|    clip_range           | 0.2         |
|    entropy_loss         | -1.35       |
|    explained_variance   | 0.945       |
|    learning_rate        | 0.0003      |
|    loss                 | 0.00866     |
|    n_updates            | 1185        |
|    policy_gradient_loss | -0.00342    |
|    value_loss           | 0.0439      |
-----------------------------------------
------------------------------------------
| rollout/                |              |
|    ep_len_mean          | 1.03e+03     |
|    ep_rew_mean          | 99.8         |
| time/                   |              |
|    fps                  | 200          |
|    iterations           | 239          |
|    time_elapsed         | 9764         |
|    total_timesteps      | 1957888      |
| train/                  |              |
|    approx_kl            | 0.0058086175 |
|    clip_fraction        | 0.0473       |
|    clip_range           | 0.2          |
|    entropy_loss         | -1.44        |
|    explained_variance   | 0.865        |
|    learning_rate        | 0.0003       |
|    loss                 | 0.00224      |
|    n_updates            | 1190         |
|    policy_gradient_loss | -0.00275     |
|    value_loss           | 0.0872       |
------------------------------------------
------------------------------------------
| rollout/                |              |
|    ep_len_mean          | 1.09e+03     |
|    ep_rew_mean          | 98.1         |
| time/                   |              |
|    fps                  | 200          |
|    iterations           | 240          |
|    time_elapsed         | 9799         |
|    total_timesteps      | 1966080      |
| train/                  |              |
|    approx_kl            | 0.0074467035 |
|    clip_fraction        | 0.0756       |
|    clip_range           | 0.2          |
|    entropy_loss         | -1.4         |
|    explained_variance   | 0.954        |
|    learning_rate        | 0.0003       |
|    loss                 | -0.0118      |
|    n_updates            | 1195         |
|    policy_gradient_loss | -0.00503     |
|    value_loss           | 0.0288       |
------------------------------------------
-----------------------------------------
| rollout/                |             |
|    ep_len_mean          | 1.08e+03    |
|    ep_rew_mean          | 104         |
| time/                   |             |
|    fps                  | 200         |
|    iterations           | 241         |
|    time_elapsed         | 9834        |
|    total_timesteps      | 1974272     |
| train/                  |             |
|    approx_kl            | 0.007846209 |
|    clip_fraction        | 0.0684      |
|    clip_range           | 0.2         |
|    entropy_loss         | -1.53       |
|    explained_variance   | 0.904       |
|    learning_rate        | 0.0003      |
|    loss                 | -0.00713    |
|    n_updates            | 1200        |
|    policy_gradient_loss | -0.00296    |
|    value_loss           | 0.0506      |
-----------------------------------------
-----------------------------------------
| rollout/                |             |
|    ep_len_mean          | 1.02e+03    |
|    ep_rew_mean          | 110         |
| time/                   |             |
|    fps                  | 200         |
|    iterations           | 242         |
|    time_elapsed         | 9868        |
|    total_timesteps      | 1982464     |
| train/                  |             |
|    approx_kl            | 0.007363554 |
|    clip_fraction        | 0.0673      |
|    clip_range           | 0.2         |
|    entropy_loss         | -1.53       |
|    explained_variance   | 0.859       |
|    learning_rate        | 0.0003      |
|    loss                 | -0.0089     |
|    n_updates            | 1205        |
|    policy_gradient_loss | -0.00286    |
|    value_loss           | 0.0517      |
-----------------------------------------
-----------------------------------------
| rollout/                |             |
|    ep_len_mean          | 1.05e+03    |
|    ep_rew_mean          | 109         |
| time/                   |             |
|    fps                  | 201         |
|    iterations           | 243         |
|    time_elapsed         | 9903        |
|    total_timesteps      | 1990656     |
| train/                  |             |
|    approx_kl            | 0.006952856 |
|    clip_fraction        | 0.0693      |
|    clip_range           | 0.2         |
|    entropy_loss         | -1.47       |
|    explained_variance   | 0.97        |
|    learning_rate        | 0.0003      |
|    loss                 | -0.016      |
|    n_updates            | 1210        |
|    policy_gradient_loss | -0.00491    |
|    value_loss           | 0.0137      |
-----------------------------------------
---------------------------------------
| rollout/                |           |
|    ep_len_mean          | 1.01e+03  |
|    ep_rew_mean          | 112       |
| time/                   |           |
|    fps                  | 201       |
|    iterations           | 244       |
|    time_elapsed         | 9938      |
|    total_timesteps      | 1998848   |
| train/                  |           |
|    approx_kl            | 0.0085115 |
|    clip_fraction        | 0.0865    |
|    clip_range           | 0.2       |
|    entropy_loss         | -1.43     |
|    explained_variance   | 0.949     |
|    learning_rate        | 0.0003    |
|    loss                 | -0.0131   |
|    n_updates            | 1215      |
|    policy_gradient_loss | -0.00615  |
|    value_loss           | 0.043     |
---------------------------------------
-----------------------------------------
| rollout/                |             |
|    ep_len_mean          | 1.03e+03    |
|    ep_rew_mean          | 113         |
| time/                   |             |
|    fps                  | 201         |
|    iterations           | 245         |
|    time_elapsed         | 9973        |
|    total_timesteps      | 2007040     |
| train/                  |             |
|    approx_kl            | 0.008628515 |
|    clip_fraction        | 0.0777      |
|    clip_range           | 0.2         |
|    entropy_loss         | -1.48       |
|    explained_variance   | 0.909       |
|    learning_rate        | 0.0003      |
|    loss                 | 0.021       |
|    n_updates            | 1220        |
|    policy_gradient_loss | -0.00436    |
|    value_loss           | 0.0457      |
-----------------------------------------
VecNormalize stats saved: C:\Users\Admin\Desktop\disciple\realnewdisciples-main\Big_map\campaign_models\default-green-dragon-classic-2m-20260913-222410/vecnormalize.pkl

Финальная модель сохранена: C:\Users\Admin\Desktop\disciple\realnewdisciples-main\Big_map\campaign_models\default-green-dragon-classic-2m-20260913-222410/final_model.zip

============================================================
ИТОГИ ОБУЧЕНИЯ:
  Побед: 207
  Поражений: 3416
  Таймаутов: 38
  Побед бота столицы над врагами: 0
  Перестановок юнитов: 352603
  Терминальные поражения по противникам:
    enemy_31: 991 — Отряд: зеленый дракон
    enemy_22: 234 — Отряд Порта Бирмингем: титан и 2 скваера
    enemy_26: 212 — Отряд: орк в центре передней линии и гоблин лучник на задней линии
    enemy_34: 195 — Отряд Порта Полонис: Воин спереди, Колдун, Нигош (Носферату) и Привидение сзади
    enemy_28: 194 — Отряд: орк в центре и 2 гоблина на передней линии
    enemy_30: 192 — Отряд: орк чемпион на передней линии
    enemy_18: 165 — Отряд: людоед на передней линии
    enemy_24: 156 — Отряд: волк спереди и волк сзади
    enemy_11: 133 — Отряд: оборотень спереди и тень сзади
    enemy_15: 96 — Отряд: 2 привидения спереди, вампир сзади
    enemy_74: 91 — Руины (43, 34): Лорд Тьмы, Лич
    enemy_64: 78 — Отряд: Лесной эльф, Рейнджер
    enemy_61: 67 — Отряд: Зомби, Призрак
    enemy_65: 63 — Отряд: Кентавр копейщик, Рейнджер
    enemy_55: 62 — Отряд: Скелет рыцарь, Привидение, Привидение, Привидение, Привидение, Привидение
    enemy_29: 49 — Отряд: 3 скваера на передней линии
    enemy_33: 47 — Отряд Кордилии: Тифас (Рыцарь смерти), Злой дух, Призрак, Привидение
    enemy_25: 46 — Отряд: копейщик спереди и служка сзади
    enemy_35: 41 — Отряд Соругириллы: Унфегра (Королева личей), Виверна
    enemy_75: 38 — Страж столицы Империи: Мизраэль
    enemy_7: 33 — Отряд: воин + привидение спереди, колдун + призрак + привидение сзади
    enemy_72: 30 — Руины (30, 22): Привидение, Привидение, Некромант, Зомби
    enemy_20: 26 — Отряд: 2 воина спереди, призрак и привидение сзади
    enemy_21: 23 — Отряд: зомби спереди, привидение сзади
    enemy_8: 18 — Отряд: людоед на передней линии
    enemy_23: 16 — Отряд: волк на передней линии
    enemy_62: 16 — Отряд: Призрак, Привидение, Зомби, Воин
    enemy_68: 14 — Внутренний гарнизон Порта Полонис: Зомби, Воин
    enemy_27: 12 — Отряд: скваер в центре и 2 крестьянина на передней линии
    enemy_13: 9 — Отряд: 2 зомби спереди и привидение сзади
    enemy_71: 8 — Руины (3, 20): Привидение, Привидение, Виверна
    enemy_14: 8 — Отряд: орк чемпион на передней линии
    enemy_69: 8 — Внутренний гарнизон Соругириллы: Зомби, Воин
    enemy_19: 6 — Отряд: зомби спереди, привидение сзади
    enemy_4: 6 — Отряд: гигантский паук на передней линии
    enemy_57: 5 — Отряд: Призрак, Привидение, Воин
    enemy_66: 4 — Отряд: Демон, Привидение, Привидение
    enemy_59: 4 — Отряд: Зомби
    enemy_9: 4 — Отряд: тамплиер спереди, колдун и призрак сзади
    enemy_54: 3 — Отряд: Дракон Рока
    enemy_63: 2 — Отряд: Разбойник
    enemy_5: 2 — Отряд: орк чемпион на передней линии
    enemy_60: 1 — Отряд: Зомби
    enemy_10: 1 — Отряд: волк на передней линии
    enemy_32: 1 — Отряд Стагириаса: Сегерик (Королевский страж), Холмовой великан, Гном
    enemy_17: 1 — Отряд: воин спереди, 2 призрака и привидение сзади
    enemy_58: 1 — Отряд: Зомби
    enemy_38: 1 — Отряд: Призрак, Колдун, Воин
    enemy_43: 1 — Отряд: Призрак, Тамплиер
    enemy_70: 1 — Руины (15, 9): Орк, Гоблин, Гоблин
    enemy_48: 1 — Отряд: Жрец, Копейщик
  Winrate: 5.7%
============================================================
  График призывов за эпизод: C:\Users\Admin\Desktop\disciple\realnewdisciples-main\Big_map\outputs\campaign_summoned_units_per_episode.png
  График призывов за всё обучение: C:\Users\Admin\Desktop\disciple\realnewdisciples-main\Big_map\outputs\campaign_summoned_units_cumulative.png
  График найма за эпизод: C:\Users\Admin\Desktop\disciple\realnewdisciples-main\Big_map\outputs\campaign_hired_units_per_episode.png
  График найма за всё обучение: C:\Users\Admin\Desktop\disciple\realnewdisciples-main\Big_map\outputs\campaign_hired_units_cumulative.png
  График перестановок юнитов за эпизод: C:\Users\Admin\Desktop\disciple\realnewdisciples-main\Big_map\outputs\campaign_unit_swaps_per_episode.png
  График боевых предметов: C:\Users\Admin\Desktop\disciple\realnewdisciples-main\Big_map\outputs\campaign_battle_item_activity.png
  График побед бота столицы за эпизод: C:\Users\Admin\Desktop\disciple\realnewdisciples-main\Big_map\outputs\campaign_scripted_bot_victories_per_episode.png
  График применения заклинаний: C:\Users\Admin\Desktop\disciple\realnewdisciples-main\Big_map\outputs\campaign_spell_cast_activity.png
