Проверка среды CampaignEnv...
Среда прошла проверку!
[INFO] Comet disabled, running without experiment tracking
Создание 4 параллельных сред (dummy)...
Инициализация MaskablePPO...
Using cpu device

============================================================
Запуск обучения Campaign Agent
Всего шагов: 3,000,000
Параллельных сред: 4
VecEnv: dummy
Seed: 42
Checkpoint каждые: 300,000 шагов
Evaluation каждые: 75,000 шагов
Eval deterministic эпизодов: 20
Eval stochastic эпизодов: 0
Eval лимит шагов на эпизод: 5000
Campaign map: super_last_stand
Campaign objective: waves
System resources at training start:
  Platform: Windows 11 (AMD64)
  Python: 3.14.6
  PyTorch: 2.12.1+cpu
  Training device: cpu
  CPU model: Intel64 Family 6 Model 158 Stepping 10, GenuineIntel
  CPU vendor: unknown
  Logical CPUs visible: 6
  Process CPU affinity: 6
  Sockets: unknown
  Cores per socket: unknown
  Threads per core: unknown
  CPU max MHz: unknown
  CPU min MHz: unknown
  L1d cache: unknown
  L1i cache: unknown
  L2 cache: unknown
  L3 cache: unknown
  Virtualization: unknown
  Hypervisor: unknown
  RAM total: unknown
  RAM available at start: unknown
  Disk total: 237.56 GiB
  Disk free at start: 48.35 GiB
  Torch intra-op threads: 1
  Torch inter-op threads: 1
  OMP_NUM_THREADS: 1
  MKL_NUM_THREADS: 1
  OPENBLAS_NUM_THREADS: 1
PPO n_steps: 2,048
PPO batch_size: 512
PPO n_epochs: 5
PPO learning_rate: 0.0003
PPO clip_range: 0.2
PPO ent_coef: 0.01
PPO gamma: 0.995
PPO gae_lambda: 0.95
PPO target_kl: disabled
PPO gradient batches per rollout: 80
VecCheckNan: enabled
Freeze action layout: enabled
Empire territory: enabled
Torch threads per process: 1
Diagnostics: enabled
Wall-clock training limit: disabled
Diagnostics dir: C:\Users\Admin\Desktop\disciple\realnewdisciples-main\Big_map\campaign_diagnostics\super-last-stand-capital-3m-20260912-222556
Run ID: super-last-stand-capital-3m-20260912-222556
============================================================

Logging to C:\Users\Admin\Desktop\disciple\realnewdisciples-main\Big_map\campaign_tb_logs\super-last-stand-capital-3m-20260912-222556\MaskablePPO_1
---------------------------------
| rollout/           |          |
|    ep_len_mean     | 217      |
|    ep_rew_mean     | 5.87     |
| time/              |          |
|    fps             | 326      |
|    iterations      | 1        |
|    time_elapsed    | 25       |
|    total_timesteps | 8192     |
---------------------------------
-----------------------------------------
| rollout/                |             |
|    ep_len_mean          | 249         |
|    ep_rew_mean          | 8.92        |
| time/                   |             |
|    fps                  | 294         |
|    iterations           | 2           |
|    time_elapsed         | 55          |
|    total_timesteps      | 16384       |
| train/                  |             |
|    approx_kl            | 0.009827165 |
|    clip_fraction        | 0.0785      |
|    clip_range           | 0.2         |
|    entropy_loss         | -2.34       |
|    explained_variance   | 0.0562      |
|    learning_rate        | 0.0003      |
|    loss                 | 0.000833    |
|    n_updates            | 5           |
|    policy_gradient_loss | -0.0112     |
|    value_loss           | 0.0911      |
-----------------------------------------
------------------------------------------
| rollout/                |              |
|    ep_len_mean          | 248          |
|    ep_rew_mean          | 13.7         |
| time/                   |              |
|    fps                  | 281          |
|    iterations           | 3            |
|    time_elapsed         | 87           |
|    total_timesteps      | 24576        |
| train/                  |              |
|    approx_kl            | 0.0098243235 |
|    clip_fraction        | 0.0634       |
|    clip_range           | 0.2          |
|    entropy_loss         | -2.36        |
|    explained_variance   | 0.372        |
|    learning_rate        | 0.0003       |
|    loss                 | -0.0197      |
|    n_updates            | 10           |
|    policy_gradient_loss | -0.0104      |
|    value_loss           | 0.0582       |
------------------------------------------
-----------------------------------------
| rollout/                |             |
|    ep_len_mean          | 260         |
|    ep_rew_mean          | 19.5        |
| time/                   |             |
|    fps                  | 270         |
|    iterations           | 4           |
|    time_elapsed         | 121         |
|    total_timesteps      | 32768       |
| train/                  |             |
|    approx_kl            | 0.010034627 |
|    clip_fraction        | 0.092       |
|    clip_range           | 0.2         |
|    entropy_loss         | -2.37       |
|    explained_variance   | 0.519       |
|    learning_rate        | 0.0003      |
|    loss                 | -0.0232     |
|    n_updates            | 15          |
|    policy_gradient_loss | -0.0123     |
|    value_loss           | 0.0542      |
-----------------------------------------
-----------------------------------------
| rollout/                |             |
|    ep_len_mean          | 255         |
|    ep_rew_mean          | 27.2        |
| time/                   |             |
|    fps                  | 262         |
|    iterations           | 5           |
|    time_elapsed         | 156         |
|    total_timesteps      | 40960       |
| train/                  |             |
|    approx_kl            | 0.008494504 |
|    clip_fraction        | 0.0736      |
|    clip_range           | 0.2         |
|    entropy_loss         | -2.34       |
|    explained_variance   | 0.591       |
|    learning_rate        | 0.0003      |
|    loss                 | -0.0101     |
|    n_updates            | 20          |
|    policy_gradient_loss | -0.0112     |
|    value_loss           | 0.0608      |
-----------------------------------------
-----------------------------------------
| rollout/                |             |
|    ep_len_mean          | 271         |
|    ep_rew_mean          | 34          |
| time/                   |             |
|    fps                  | 260         |
|    iterations           | 6           |
|    time_elapsed         | 188         |
|    total_timesteps      | 49152       |
| train/                  |             |
|    approx_kl            | 0.009166597 |
|    clip_fraction        | 0.0816      |
|    clip_range           | 0.2         |
|    entropy_loss         | -2.31       |
|    explained_variance   | 0.631       |
|    learning_rate        | 0.0003      |
|    loss                 | -0.0207     |
|    n_updates            | 25          |
|    policy_gradient_loss | -0.0129     |
|    value_loss           | 0.0527      |
-----------------------------------------
-----------------------------------------
| rollout/                |             |
|    ep_len_mean          | 293         |
|    ep_rew_mean          | 39.9        |
| time/                   |             |
|    fps                  | 261         |
|    iterations           | 7           |
|    time_elapsed         | 219         |
|    total_timesteps      | 57344       |
| train/                  |             |
|    approx_kl            | 0.009894539 |
|    clip_fraction        | 0.0801      |
|    clip_range           | 0.2         |
|    entropy_loss         | -2.31       |
|    explained_variance   | 0.711       |
|    learning_rate        | 0.0003      |
|    loss                 | -0.00996    |
|    n_updates            | 30          |
|    policy_gradient_loss | -0.0121     |
|    value_loss           | 0.0586      |
-----------------------------------------
----------------------------------------
| rollout/                |            |
|    ep_len_mean          | 299        |
|    ep_rew_mean          | 49.5       |
| time/                   |            |
|    fps                  | 262        |
|    iterations           | 8          |
|    time_elapsed         | 249        |
|    total_timesteps      | 65536      |
| train/                  |            |
|    approx_kl            | 0.01040773 |
|    clip_fraction        | 0.0962     |
|    clip_range           | 0.2        |
|    entropy_loss         | -2.26      |
|    explained_variance   | 0.801      |
|    learning_rate        | 0.0003     |
|    loss                 | -0.00782   |
|    n_updates            | 35         |
|    policy_gradient_loss | -0.0121    |
|    value_loss           | 0.0457     |
----------------------------------------
-----------------------------------------
| rollout/                |             |
|    ep_len_mean          | 318         |
|    ep_rew_mean          | 57.6        |
| time/                   |             |
|    fps                  | 261         |
|    iterations           | 9           |
|    time_elapsed         | 281         |
|    total_timesteps      | 73728       |
| train/                  |             |
|    approx_kl            | 0.009864197 |
|    clip_fraction        | 0.0746      |
|    clip_range           | 0.2         |
|    entropy_loss         | -2.27       |
|    explained_variance   | 0.775       |
|    learning_rate        | 0.0003      |
|    loss                 | -0.015      |
|    n_updates            | 40          |
|    policy_gradient_loss | -0.0132     |
|    value_loss           | 0.0695      |
-----------------------------------------
-----------------------------------------
| rollout/                |             |
|    ep_len_mean          | 330         |
|    ep_rew_mean          | 65.2        |
| time/                   |             |
|    fps                  | 262         |
|    iterations           | 10          |
|    time_elapsed         | 312         |
|    total_timesteps      | 81920       |
| train/                  |             |
|    approx_kl            | 0.009317034 |
|    clip_fraction        | 0.0699      |
|    clip_range           | 0.2         |
|    entropy_loss         | -2.26       |
|    explained_variance   | 0.884       |
|    learning_rate        | 0.0003      |
|    loss                 | -0.0216     |
|    n_updates            | 45          |
|    policy_gradient_loss | -0.00983    |
|    value_loss           | 0.0393      |
-----------------------------------------
----------------------------------------
| rollout/                |            |
|    ep_len_mean          | 312        |
|    ep_rew_mean          | 71.8       |
| time/                   |            |
|    fps                  | 262        |
|    iterations           | 11         |
|    time_elapsed         | 343        |
|    total_timesteps      | 90112      |
| train/                  |            |
|    approx_kl            | 0.00872036 |
|    clip_fraction        | 0.0707     |
|    clip_range           | 0.2        |
|    entropy_loss         | -2.19      |
|    explained_variance   | 0.859      |
|    learning_rate        | 0.0003     |
|    loss                 | -0.017     |
|    n_updates            | 50         |
|    policy_gradient_loss | -0.0112    |
|    value_loss           | 0.0488     |
----------------------------------------
-----------------------------------------
| rollout/                |             |
|    ep_len_mean          | 324         |
|    ep_rew_mean          | 78.7        |
| time/                   |             |
|    fps                  | 263         |
|    iterations           | 12          |
|    time_elapsed         | 373         |
|    total_timesteps      | 98304       |
| train/                  |             |
|    approx_kl            | 0.009582025 |
|    clip_fraction        | 0.075       |
|    clip_range           | 0.2         |
|    entropy_loss         | -2.21       |
|    explained_variance   | 0.875       |
|    learning_rate        | 0.0003      |
|    loss                 | -0.0218     |
|    n_updates            | 55          |
|    policy_gradient_loss | -0.0107     |
|    value_loss           | 0.0541      |
-----------------------------------------
----------------------------------------
| rollout/                |            |
|    ep_len_mean          | 310        |
|    ep_rew_mean          | 82.6       |
| time/                   |            |
|    fps                  | 263        |
|    iterations           | 13         |
|    time_elapsed         | 404        |
|    total_timesteps      | 106496     |
| train/                  |            |
|    approx_kl            | 0.01109146 |
|    clip_fraction        | 0.0908     |
|    clip_range           | 0.2        |
|    entropy_loss         | -2.15      |
|    explained_variance   | 0.891      |
|    learning_rate        | 0.0003     |
|    loss                 | -0.0197    |
|    n_updates            | 60         |
|    policy_gradient_loss | -0.0118    |
|    value_loss           | 0.0473     |
----------------------------------------
----------------------------------------
| rollout/                |            |
|    ep_len_mean          | 287        |
|    ep_rew_mean          | 83.4       |
| time/                   |            |
|    fps                  | 263        |
|    iterations           | 14         |
|    time_elapsed         | 435        |
|    total_timesteps      | 114688     |
| train/                  |            |
|    approx_kl            | 0.00940741 |
|    clip_fraction        | 0.0738     |
|    clip_range           | 0.2        |
|    entropy_loss         | -2.12      |
|    explained_variance   | 0.899      |
|    learning_rate        | 0.0003     |
|    loss                 | -0.0232    |
|    n_updates            | 65         |
|    policy_gradient_loss | -0.0102    |
|    value_loss           | 0.0496     |
----------------------------------------
-----------------------------------------
| rollout/                |             |
|    ep_len_mean          | 261         |
|    ep_rew_mean          | 83.7        |
| time/                   |             |
|    fps                  | 263         |
|    iterations           | 15          |
|    time_elapsed         | 466         |
|    total_timesteps      | 122880      |
| train/                  |             |
|    approx_kl            | 0.008871362 |
|    clip_fraction        | 0.068       |
|    clip_range           | 0.2         |
|    entropy_loss         | -2.09       |
|    explained_variance   | 0.9         |
|    learning_rate        | 0.0003      |
|    loss                 | -0.0213     |
|    n_updates            | 70          |
|    policy_gradient_loss | -0.00915    |
|    value_loss           | 0.0495      |
-----------------------------------------
-----------------------------------------
| rollout/                |             |
|    ep_len_mean          | 255         |
|    ep_rew_mean          | 88.1        |
| time/                   |             |
|    fps                  | 263         |
|    iterations           | 16          |
|    time_elapsed         | 497         |
|    total_timesteps      | 131072      |
| train/                  |             |
|    approx_kl            | 0.010282544 |
|    clip_fraction        | 0.0956      |
|    clip_range           | 0.2         |
|    entropy_loss         | -2.05       |
|    explained_variance   | 0.877       |
|    learning_rate        | 0.0003      |
|    loss                 | -0.00769    |
|    n_updates            | 75          |
|    policy_gradient_loss | -0.0119     |
|    value_loss           | 0.0663      |
-----------------------------------------
-----------------------------------------
| rollout/                |             |
|    ep_len_mean          | 265         |
|    ep_rew_mean          | 90.6        |
| time/                   |             |
|    fps                  | 264         |
|    iterations           | 17          |
|    time_elapsed         | 527         |
|    total_timesteps      | 139264      |
| train/                  |             |
|    approx_kl            | 0.009535873 |
|    clip_fraction        | 0.0666      |
|    clip_range           | 0.2         |
|    entropy_loss         | -1.96       |
|    explained_variance   | 0.905       |
|    learning_rate        | 0.0003      |
|    loss                 | -0.0149     |
|    n_updates            | 80          |
|    policy_gradient_loss | -0.00936    |
|    value_loss           | 0.046       |
-----------------------------------------
-----------------------------------------
| rollout/                |             |
|    ep_len_mean          | 281         |
|    ep_rew_mean          | 93          |
| time/                   |             |
|    fps                  | 263         |
|    iterations           | 18          |
|    time_elapsed         | 559         |
|    total_timesteps      | 147456      |
| train/                  |             |
|    approx_kl            | 0.007819082 |
|    clip_fraction        | 0.048       |
|    clip_range           | 0.2         |
|    entropy_loss         | -1.91       |
|    explained_variance   | 0.935       |
|    learning_rate        | 0.0003      |
|    loss                 | -0.0205     |
|    n_updates            | 85          |
|    policy_gradient_loss | -0.00812    |
|    value_loss           | 0.0343      |
-----------------------------------------
-----------------------------------------
| rollout/                |             |
|    ep_len_mean          | 306         |
|    ep_rew_mean          | 102         |
| time/                   |             |
|    fps                  | 263         |
|    iterations           | 19          |
|    time_elapsed         | 589         |
|    total_timesteps      | 155648      |
| train/                  |             |
|    approx_kl            | 0.008666272 |
|    clip_fraction        | 0.0532      |
|    clip_range           | 0.2         |
|    entropy_loss         | -1.9        |
|    explained_variance   | 0.934       |
|    learning_rate        | 0.0003      |
|    loss                 | -0.0248     |
|    n_updates            | 90          |
|    policy_gradient_loss | -0.00832    |
|    value_loss           | 0.0393      |
-----------------------------------------
-----------------------------------------
| rollout/                |             |
|    ep_len_mean          | 304         |
|    ep_rew_mean          | 103         |
| time/                   |             |
|    fps                  | 264         |
|    iterations           | 20          |
|    time_elapsed         | 620         |
|    total_timesteps      | 163840      |
| train/                  |             |
|    approx_kl            | 0.008737928 |
|    clip_fraction        | 0.0501      |
|    clip_range           | 0.2         |
|    entropy_loss         | -1.86       |
|    explained_variance   | 0.948       |
|    learning_rate        | 0.0003      |
|    loss                 | -0.0124     |
|    n_updates            | 95          |
|    policy_gradient_loss | -0.00789    |
|    value_loss           | 0.0333      |
-----------------------------------------
------------------------------------------
| rollout/                |              |
|    ep_len_mean          | 302          |
|    ep_rew_mean          | 106          |
| time/                   |              |
|    fps                  | 264          |
|    iterations           | 21           |
|    time_elapsed         | 650          |
|    total_timesteps      | 172032       |
| train/                  |              |
|    approx_kl            | 0.0075393952 |
|    clip_fraction        | 0.0553       |
|    clip_range           | 0.2          |
|    entropy_loss         | -1.83        |
|    explained_variance   | 0.938        |
|    learning_rate        | 0.0003       |
|    loss                 | -0.00745     |
|    n_updates            | 100          |
|    policy_gradient_loss | -0.00862     |
|    value_loss           | 0.0378       |
------------------------------------------
------------------------------------------
| rollout/                |              |
|    ep_len_mean          | 297          |
|    ep_rew_mean          | 104          |
| time/                   |              |
|    fps                  | 264          |
|    iterations           | 22           |
|    time_elapsed         | 681          |
|    total_timesteps      | 180224       |
| train/                  |              |
|    approx_kl            | 0.0059765065 |
|    clip_fraction        | 0.0397       |
|    clip_range           | 0.2          |
|    entropy_loss         | -1.84        |
|    explained_variance   | 0.959        |
|    learning_rate        | 0.0003       |
|    loss                 | -0.00623     |
|    n_updates            | 105          |
|    policy_gradient_loss | -0.0065      |
|    value_loss           | 0.0298       |
------------------------------------------
-----------------------------------------
| rollout/                |             |
|    ep_len_mean          | 301         |
|    ep_rew_mean          | 106         |
| time/                   |             |
|    fps                  | 264         |
|    iterations           | 23          |
|    time_elapsed         | 711         |
|    total_timesteps      | 188416      |
| train/                  |             |
|    approx_kl            | 0.007763298 |
|    clip_fraction        | 0.0507      |
|    clip_range           | 0.2         |
|    entropy_loss         | -1.82       |
|    explained_variance   | 0.938       |
|    learning_rate        | 0.0003      |
|    loss                 | -0.00634    |
|    n_updates            | 110         |
|    policy_gradient_loss | -0.00853    |
|    value_loss           | 0.0454      |
-----------------------------------------
------------------------------------------
| rollout/                |              |
|    ep_len_mean          | 307          |
|    ep_rew_mean          | 106          |
| time/                   |              |
|    fps                  | 264          |
|    iterations           | 24           |
|    time_elapsed         | 742          |
|    total_timesteps      | 196608       |
| train/                  |              |
|    approx_kl            | 0.0080950055 |
|    clip_fraction        | 0.062        |
|    clip_range           | 0.2          |
|    entropy_loss         | -1.79        |
|    explained_variance   | 0.959        |
|    learning_rate        | 0.0003       |
|    loss                 | -0.000253    |
|    n_updates            | 115          |
|    policy_gradient_loss | -0.00728     |
|    value_loss           | 0.0327       |
------------------------------------------
------------------------------------------
| rollout/                |              |
|    ep_len_mean          | 310          |
|    ep_rew_mean          | 108          |
| time/                   |              |
|    fps                  | 264          |
|    iterations           | 25           |
|    time_elapsed         | 773          |
|    total_timesteps      | 204800       |
| train/                  |              |
|    approx_kl            | 0.0075087585 |
|    clip_fraction        | 0.0471       |
|    clip_range           | 0.2          |
|    entropy_loss         | -1.78        |
|    explained_variance   | 0.955        |
|    learning_rate        | 0.0003       |
|    loss                 | -0.0186      |
|    n_updates            | 120          |
|    policy_gradient_loss | -0.00839     |
|    value_loss           | 0.0349       |
------------------------------------------
------------------------------------------
| rollout/                |              |
|    ep_len_mean          | 310          |
|    ep_rew_mean          | 110          |
| time/                   |              |
|    fps                  | 264          |
|    iterations           | 26           |
|    time_elapsed         | 804          |
|    total_timesteps      | 212992       |
| train/                  |              |
|    approx_kl            | 0.0075377356 |
|    clip_fraction        | 0.0561       |
|    clip_range           | 0.2          |
|    entropy_loss         | -1.76        |
|    explained_variance   | 0.962        |
|    learning_rate        | 0.0003       |
|    loss                 | -0.0125      |
|    n_updates            | 125          |
|    policy_gradient_loss | -0.00821     |
|    value_loss           | 0.031        |
------------------------------------------
-----------------------------------------
| rollout/                |             |
|    ep_len_mean          | 307         |
|    ep_rew_mean          | 109         |
| time/                   |             |
|    fps                  | 264         |
|    iterations           | 27          |
|    time_elapsed         | 835         |
|    total_timesteps      | 221184      |
| train/                  |             |
|    approx_kl            | 0.007770938 |
|    clip_fraction        | 0.0484      |
|    clip_range           | 0.2         |
|    entropy_loss         | -1.76       |
|    explained_variance   | 0.959       |
|    learning_rate        | 0.0003      |
|    loss                 | -0.0148     |
|    n_updates            | 130         |
|    policy_gradient_loss | -0.00812    |
|    value_loss           | 0.0368      |
-----------------------------------------
-----------------------------------------
| rollout/                |             |
|    ep_len_mean          | 312         |
|    ep_rew_mean          | 110         |
| time/                   |             |
|    fps                  | 264         |
|    iterations           | 28          |
|    time_elapsed         | 867         |
|    total_timesteps      | 229376      |
| train/                  |             |
|    approx_kl            | 0.008313924 |
|    clip_fraction        | 0.0687      |
|    clip_range           | 0.2         |
|    entropy_loss         | -1.74       |
|    explained_variance   | 0.97        |
|    learning_rate        | 0.0003      |
|    loss                 | -0.0193     |
|    n_updates            | 135         |
|    policy_gradient_loss | -0.00802    |
|    value_loss           | 0.0252      |
-----------------------------------------
-----------------------------------------
| rollout/                |             |
|    ep_len_mean          | 313         |
|    ep_rew_mean          | 114         |
| time/                   |             |
|    fps                  | 264         |
|    iterations           | 29          |
|    time_elapsed         | 897         |
|    total_timesteps      | 237568      |
| train/                  |             |
|    approx_kl            | 0.007507937 |
|    clip_fraction        | 0.0473      |
|    clip_range           | 0.2         |
|    entropy_loss         | -1.69       |
|    explained_variance   | 0.971       |
|    learning_rate        | 0.0003      |
|    loss                 | -0.00242    |
|    n_updates            | 140         |
|    policy_gradient_loss | -0.00721    |
|    value_loss           | 0.0251      |
-----------------------------------------
------------------------------------------
| rollout/                |              |
|    ep_len_mean          | 306          |
|    ep_rew_mean          | 113          |
| time/                   |              |
|    fps                  | 264          |
|    iterations           | 30           |
|    time_elapsed         | 928          |
|    total_timesteps      | 245760       |
| train/                  |              |
|    approx_kl            | 0.0063298224 |
|    clip_fraction        | 0.0577       |
|    clip_range           | 0.2          |
|    entropy_loss         | -1.66        |
|    explained_variance   | 0.964        |
|    learning_rate        | 0.0003       |
|    loss                 | -0.0106      |
|    n_updates            | 145          |
|    policy_gradient_loss | -0.0069      |
|    value_loss           | 0.0286       |
------------------------------------------
-----------------------------------------
| rollout/                |             |
|    ep_len_mean          | 301         |
|    ep_rew_mean          | 115         |
| time/                   |             |
|    fps                  | 264         |
|    iterations           | 31          |
|    time_elapsed         | 959         |
|    total_timesteps      | 253952      |
| train/                  |             |
|    approx_kl            | 0.007548158 |
|    clip_fraction        | 0.0584      |
|    clip_range           | 0.2         |
|    entropy_loss         | -1.73       |
|    explained_variance   | 0.957       |
|    learning_rate        | 0.0003      |
|    loss                 | -0.00917    |
|    n_updates            | 150         |
|    policy_gradient_loss | -0.00758    |
|    value_loss           | 0.0383      |
-----------------------------------------
-----------------------------------------
| rollout/                |             |
|    ep_len_mean          | 296         |
|    ep_rew_mean          | 113         |
| time/                   |             |
|    fps                  | 264         |
|    iterations           | 32          |
|    time_elapsed         | 990         |
|    total_timesteps      | 262144      |
| train/                  |             |
|    approx_kl            | 0.009297517 |
|    clip_fraction        | 0.076       |
|    clip_range           | 0.2         |
|    entropy_loss         | -1.69       |
|    explained_variance   | 0.966       |
|    learning_rate        | 0.0003      |
|    loss                 | -0.0167     |
|    n_updates            | 155         |
|    policy_gradient_loss | -0.00795    |
|    value_loss           | 0.0299      |
-----------------------------------------
----------------------------------------
| rollout/                |            |
|    ep_len_mean          | 300        |
|    ep_rew_mean          | 112        |
| time/                   |            |
|    fps                  | 264        |
|    iterations           | 33         |
|    time_elapsed         | 1021       |
|    total_timesteps      | 270336     |
| train/                  |            |
|    approx_kl            | 0.00653721 |
|    clip_fraction        | 0.0459     |
|    clip_range           | 0.2        |
|    entropy_loss         | -1.68      |
|    explained_variance   | 0.959      |
|    learning_rate        | 0.0003     |
|    loss                 | -0.00983   |
|    n_updates            | 160        |
|    policy_gradient_loss | -0.00698   |
|    value_loss           | 0.0374     |
----------------------------------------
-----------------------------------------
| rollout/                |             |
|    ep_len_mean          | 304         |
|    ep_rew_mean          | 114         |
| time/                   |             |
|    fps                  | 264         |
|    iterations           | 34          |
|    time_elapsed         | 1053        |
|    total_timesteps      | 278528      |
| train/                  |             |
|    approx_kl            | 0.006434975 |
|    clip_fraction        | 0.0383      |
|    clip_range           | 0.2         |
|    entropy_loss         | -1.66       |
|    explained_variance   | 0.974       |
|    learning_rate        | 0.0003      |
|    loss                 | -0.00999    |
|    n_updates            | 165         |
|    policy_gradient_loss | -0.00516    |
|    value_loss           | 0.0245      |
-----------------------------------------
------------------------------------------
| rollout/                |              |
|    ep_len_mean          | 302          |
|    ep_rew_mean          | 114          |
| time/                   |              |
|    fps                  | 264          |
|    iterations           | 35           |
|    time_elapsed         | 1083         |
|    total_timesteps      | 286720       |
| train/                  |              |
|    approx_kl            | 0.0072174305 |
|    clip_fraction        | 0.0444       |
|    clip_range           | 0.2          |
|    entropy_loss         | -1.68        |
|    explained_variance   | 0.978        |
|    learning_rate        | 0.0003       |
|    loss                 | -0.0185      |
|    n_updates            | 170          |
|    policy_gradient_loss | -0.00701     |
|    value_loss           | 0.0222       |
------------------------------------------
-----------------------------------------
| rollout/                |             |
|    ep_len_mean          | 285         |
|    ep_rew_mean          | 112         |
| time/                   |             |
|    fps                  | 264         |
|    iterations           | 36          |
|    time_elapsed         | 1114        |
|    total_timesteps      | 294912      |
| train/                  |             |
|    approx_kl            | 0.008299881 |
|    clip_fraction        | 0.065       |
|    clip_range           | 0.2         |
|    entropy_loss         | -1.65       |
|    explained_variance   | 0.979       |
|    learning_rate        | 0.0003      |
|    loss                 | -0.0117     |
|    n_updates            | 175         |
|    policy_gradient_loss | -0.00722    |
|    value_loss           | 0.023       |
-----------------------------------------
[Checkpoint] Saved at 300000 steps > C:\Users\Admin\Desktop\disciple\realnewdisciples-main\Big_map\campaign_checkpoints\super-last-stand-capital-3m-20260912-222556\campaign_ppo_step_300000.zip
Eval num_timesteps=300000, det_reward=106.28 +/- 10.44
Episode length: det=206.70 +/- 24.25
Victory rate: det=0.00%
-------------------------------------------------
| eval/                           |             |
|    deterministic_mean_ep_length | 207         |
|    deterministic_mean_reward    | 106         |
|    deterministic_victory_rate   | 0           |
|    mean_ep_length               | 207         |
|    mean_reward                  | 106         |
|    victory_rate                 | 0           |
| time/                           |             |
|    total_timesteps              | 300000      |
| train/                          |             |
|    approx_kl                    | 0.006719486 |
|    clip_fraction                | 0.0369      |
|    clip_range                   | 0.2         |
|    entropy_loss                 | -1.61       |
|    explained_variance           | 0.958       |
|    learning_rate                | 0.0003      |
|    loss                         | -0.00212    |
|    n_updates                    | 180         |
|    policy_gradient_loss         | -0.00639    |
|    value_loss                   | 0.0408      |
-------------------------------------------------
New best model by deterministic victory rate!
---------------------------------
| rollout/           |          |
|    ep_len_mean     | 272      |
|    ep_rew_mean     | 110      |
| time/              |          |
|    fps             | 260      |
|    iterations      | 37       |
|    time_elapsed    | 1165     |
|    total_timesteps | 303104   |
---------------------------------
----------------------------------------
| rollout/                |            |
|    ep_len_mean          | 266        |
|    ep_rew_mean          | 110        |
| time/                   |            |
|    fps                  | 260        |
|    iterations           | 38         |
|    time_elapsed         | 1197       |
|    total_timesteps      | 311296     |
| train/                  |            |
|    approx_kl            | 0.00876434 |
|    clip_fraction        | 0.0771     |
|    clip_range           | 0.2        |
|    entropy_loss         | -1.69      |
|    explained_variance   | 0.958      |
|    learning_rate        | 0.0003     |
|    loss                 | -0.00647   |
|    n_updates            | 185        |
|    policy_gradient_loss | -0.00983   |
|    value_loss           | 0.043      |
----------------------------------------
------------------------------------------
| rollout/                |              |
|    ep_len_mean          | 277          |
|    ep_rew_mean          | 110          |
| time/                   |              |
|    fps                  | 260          |
|    iterations           | 39           |
|    time_elapsed         | 1227         |
|    total_timesteps      | 319488       |
| train/                  |              |
|    approx_kl            | 0.0070107672 |
|    clip_fraction        | 0.0552       |
|    clip_range           | 0.2          |
|    entropy_loss         | -1.64        |
|    explained_variance   | 0.97         |
|    learning_rate        | 0.0003       |
|    loss                 | -0.0156      |
|    n_updates            | 190          |
|    policy_gradient_loss | -0.0074      |
|    value_loss           | 0.0308       |
------------------------------------------
------------------------------------------
| rollout/                |              |
|    ep_len_mean          | 287          |
|    ep_rew_mean          | 114          |
| time/                   |              |
|    fps                  | 260          |
|    iterations           | 40           |
|    time_elapsed         | 1258         |
|    total_timesteps      | 327680       |
| train/                  |              |
|    approx_kl            | 0.0068323305 |
|    clip_fraction        | 0.0369       |
|    clip_range           | 0.2          |
|    entropy_loss         | -1.68        |
|    explained_variance   | 0.97         |
|    learning_rate        | 0.0003       |
|    loss                 | -0.0149      |
|    n_updates            | 195          |
|    policy_gradient_loss | -0.00667     |
|    value_loss           | 0.0327       |
------------------------------------------
---------------------------------------
| rollout/                |           |
|    ep_len_mean          | 283       |
|    ep_rew_mean          | 115       |
| time/                   |           |
|    fps                  | 260       |
|    iterations           | 41        |
|    time_elapsed         | 1289      |
|    total_timesteps      | 335872    |
| train/                  |           |
|    approx_kl            | 0.0083711 |
|    clip_fraction        | 0.0502    |
|    clip_range           | 0.2       |
|    entropy_loss         | -1.64     |
|    explained_variance   | 0.976     |
|    learning_rate        | 0.0003    |
|    loss                 | -0.0158   |
|    n_updates            | 200       |
|    policy_gradient_loss | -0.00662  |
|    value_loss           | 0.0247    |
---------------------------------------
------------------------------------------
| rollout/                |              |
|    ep_len_mean          | 281          |
|    ep_rew_mean          | 117          |
| time/                   |              |
|    fps                  | 260          |
|    iterations           | 42           |
|    time_elapsed         | 1318         |
|    total_timesteps      | 344064       |
| train/                  |              |
|    approx_kl            | 0.0065168487 |
|    clip_fraction        | 0.0489       |
|    clip_range           | 0.2          |
|    entropy_loss         | -1.59        |
|    explained_variance   | 0.975        |
|    learning_rate        | 0.0003       |
|    loss                 | -0.0121      |
|    n_updates            | 205          |
|    policy_gradient_loss | -0.00612     |
|    value_loss           | 0.0271       |
------------------------------------------
-----------------------------------------
| rollout/                |             |
|    ep_len_mean          | 268         |
|    ep_rew_mean          | 115         |
| time/                   |             |
|    fps                  | 260         |
|    iterations           | 43          |
|    time_elapsed         | 1351        |
|    total_timesteps      | 352256      |
| train/                  |             |
|    approx_kl            | 0.007949627 |
|    clip_fraction        | 0.0618      |
|    clip_range           | 0.2         |
|    entropy_loss         | -1.58       |
|    explained_variance   | 0.975       |
|    learning_rate        | 0.0003      |
|    loss                 | -0.0154     |
|    n_updates            | 210         |
|    policy_gradient_loss | -0.00777    |
|    value_loss           | 0.0282      |
-----------------------------------------
-----------------------------------------
| rollout/                |             |
|    ep_len_mean          | 260         |
|    ep_rew_mean          | 115         |
| time/                   |             |
|    fps                  | 260         |
|    iterations           | 44          |
|    time_elapsed         | 1382        |
|    total_timesteps      | 360448      |
| train/                  |             |
|    approx_kl            | 0.006383137 |
|    clip_fraction        | 0.047       |
|    clip_range           | 0.2         |
|    entropy_loss         | -1.55       |
|    explained_variance   | 0.975       |
|    learning_rate        | 0.0003      |
|    loss                 | -0.0207     |
|    n_updates            | 215         |
|    policy_gradient_loss | -0.00654    |
|    value_loss           | 0.0263      |
-----------------------------------------
-----------------------------------------
| rollout/                |             |
|    ep_len_mean          | 259         |
|    ep_rew_mean          | 115         |
| time/                   |             |
|    fps                  | 260         |
|    iterations           | 45          |
|    time_elapsed         | 1413        |
|    total_timesteps      | 368640      |
| train/                  |             |
|    approx_kl            | 0.007259381 |
|    clip_fraction        | 0.0458      |
|    clip_range           | 0.2         |
|    entropy_loss         | -1.5        |
|    explained_variance   | 0.976       |
|    learning_rate        | 0.0003      |
|    loss                 | -0.00411    |
|    n_updates            | 220         |
|    policy_gradient_loss | -0.00631    |
|    value_loss           | 0.0264      |
-----------------------------------------
-----------------------------------------
| rollout/                |             |
|    ep_len_mean          | 252         |
|    ep_rew_mean          | 116         |
| time/                   |             |
|    fps                  | 261         |
|    iterations           | 46          |
|    time_elapsed         | 1443        |
|    total_timesteps      | 376832      |
| train/                  |             |
|    approx_kl            | 0.007518559 |
|    clip_fraction        | 0.0499      |
|    clip_range           | 0.2         |
|    entropy_loss         | -1.53       |
|    explained_variance   | 0.98        |
|    learning_rate        | 0.0003      |
|    loss                 | -0.0222     |
|    n_updates            | 225         |
|    policy_gradient_loss | -0.00562    |
|    value_loss           | 0.0229      |
-----------------------------------------
------------------------------------------
| rollout/                |              |
|    ep_len_mean          | 243          |
|    ep_rew_mean          | 115          |
| time/                   |              |
|    fps                  | 260          |
|    iterations           | 47           |
|    time_elapsed         | 1476         |
|    total_timesteps      | 385024       |
| train/                  |              |
|    approx_kl            | 0.0051984177 |
|    clip_fraction        | 0.034        |
|    clip_range           | 0.2          |
|    entropy_loss         | -1.44        |
|    explained_variance   | 0.97         |
|    learning_rate        | 0.0003       |
|    loss                 | -0.0103      |
|    n_updates            | 230          |
|    policy_gradient_loss | -0.00536     |
|    value_loss           | 0.0293       |
------------------------------------------
-----------------------------------------
| rollout/                |             |
|    ep_len_mean          | 234         |
|    ep_rew_mean          | 114         |
| time/                   |             |
|    fps                  | 260         |
|    iterations           | 48          |
|    time_elapsed         | 1507        |
|    total_timesteps      | 393216      |
| train/                  |             |
|    approx_kl            | 0.008119068 |
|    clip_fraction        | 0.0649      |
|    clip_range           | 0.2         |
|    entropy_loss         | -1.44       |
|    explained_variance   | 0.966       |
|    learning_rate        | 0.0003      |
|    loss                 | -0.0143     |
|    n_updates            | 235         |
|    policy_gradient_loss | -0.00745    |
|    value_loss           | 0.0366      |
-----------------------------------------
-----------------------------------------
| rollout/                |             |
|    ep_len_mean          | 243         |
|    ep_rew_mean          | 113         |
| time/                   |             |
|    fps                  | 260         |
|    iterations           | 49          |
|    time_elapsed         | 1538        |
|    total_timesteps      | 401408      |
| train/                  |             |
|    approx_kl            | 0.007814189 |
|    clip_fraction        | 0.0615      |
|    clip_range           | 0.2         |
|    entropy_loss         | -1.47       |
|    explained_variance   | 0.967       |
|    learning_rate        | 0.0003      |
|    loss                 | -0.000433   |
|    n_updates            | 240         |
|    policy_gradient_loss | -0.00561    |
|    value_loss           | 0.0364      |
-----------------------------------------
-----------------------------------------
| rollout/                |             |
|    ep_len_mean          | 253         |
|    ep_rew_mean          | 115         |
| time/                   |             |
|    fps                  | 261         |
|    iterations           | 50          |
|    time_elapsed         | 1568        |
|    total_timesteps      | 409600      |
| train/                  |             |
|    approx_kl            | 0.006372691 |
|    clip_fraction        | 0.0379      |
|    clip_range           | 0.2         |
|    entropy_loss         | -1.46       |
|    explained_variance   | 0.979       |
|    learning_rate        | 0.0003      |
|    loss                 | -0.023      |
|    n_updates            | 245         |
|    policy_gradient_loss | -0.00571    |
|    value_loss           | 0.0244      |
-----------------------------------------
------------------------------------------
| rollout/                |              |
|    ep_len_mean          | 258          |
|    ep_rew_mean          | 115          |
| time/                   |              |
|    fps                  | 261          |
|    iterations           | 51           |
|    time_elapsed         | 1599         |
|    total_timesteps      | 417792       |
| train/                  |              |
|    approx_kl            | 0.0065345196 |
|    clip_fraction        | 0.0418       |
|    clip_range           | 0.2          |
|    entropy_loss         | -1.47        |
|    explained_variance   | 0.976        |
|    learning_rate        | 0.0003       |
|    loss                 | -0.00556     |
|    n_updates            | 250          |
|    policy_gradient_loss | -0.0054      |
|    value_loss           | 0.0245       |
------------------------------------------
------------------------------------------
| rollout/                |              |
|    ep_len_mean          | 250          |
|    ep_rew_mean          | 115          |
| time/                   |              |
|    fps                  | 261          |
|    iterations           | 52           |
|    time_elapsed         | 1630         |
|    total_timesteps      | 425984       |
| train/                  |              |
|    approx_kl            | 0.0053956313 |
|    clip_fraction        | 0.0424       |
|    clip_range           | 0.2          |
|    entropy_loss         | -1.45        |
|    explained_variance   | 0.981        |
|    learning_rate        | 0.0003       |
|    loss                 | -0.00926     |
|    n_updates            | 255          |
|    policy_gradient_loss | -0.00638     |
|    value_loss           | 0.0212       |
------------------------------------------
------------------------------------------
| rollout/                |              |
|    ep_len_mean          | 244          |
|    ep_rew_mean          | 116          |
| time/                   |              |
|    fps                  | 261          |
|    iterations           | 53           |
|    time_elapsed         | 1660         |
|    total_timesteps      | 434176       |
| train/                  |              |
|    approx_kl            | 0.0066851126 |
|    clip_fraction        | 0.0491       |
|    clip_range           | 0.2          |
|    entropy_loss         | -1.39        |
|    explained_variance   | 0.977        |
|    learning_rate        | 0.0003       |
|    loss                 | -0.00883     |
|    n_updates            | 260          |
|    policy_gradient_loss | -0.00728     |
|    value_loss           | 0.0231       |
------------------------------------------
------------------------------------------
| rollout/                |              |
|    ep_len_mean          | 232          |
|    ep_rew_mean          | 115          |
| time/                   |              |
|    fps                  | 261          |
|    iterations           | 54           |
|    time_elapsed         | 1693         |
|    total_timesteps      | 442368       |
| train/                  |              |
|    approx_kl            | 0.0074908324 |
|    clip_fraction        | 0.0644       |
|    clip_range           | 0.2          |
|    entropy_loss         | -1.39        |
|    explained_variance   | 0.975        |
|    learning_rate        | 0.0003       |
|    loss                 | -0.0116      |
|    n_updates            | 265          |
|    policy_gradient_loss | -0.00624     |
|    value_loss           | 0.0247       |
------------------------------------------
------------------------------------------
| rollout/                |              |
|    ep_len_mean          | 234          |
|    ep_rew_mean          | 115          |
| time/                   |              |
|    fps                  | 261          |
|    iterations           | 55           |
|    time_elapsed         | 1724         |
|    total_timesteps      | 450560       |
| train/                  |              |
|    approx_kl            | 0.0048971223 |
|    clip_fraction        | 0.0335       |
|    clip_range           | 0.2          |
|    entropy_loss         | -1.34        |
|    explained_variance   | 0.967        |
|    learning_rate        | 0.0003       |
|    loss                 | -0.00685     |
|    n_updates            | 270          |
|    policy_gradient_loss | -0.00472     |
|    value_loss           | 0.0336       |
------------------------------------------
-----------------------------------------
| rollout/                |             |
|    ep_len_mean          | 240         |
|    ep_rew_mean          | 113         |
| time/                   |             |
|    fps                  | 261         |
|    iterations           | 56          |
|    time_elapsed         | 1754        |
|    total_timesteps      | 458752      |
| train/                  |             |
|    approx_kl            | 0.006196874 |
|    clip_fraction        | 0.0489      |
|    clip_range           | 0.2         |
|    entropy_loss         | -1.34       |
|    explained_variance   | 0.975       |
|    learning_rate        | 0.0003      |
|    loss                 | -0.00633    |
|    n_updates            | 275         |
|    policy_gradient_loss | -0.00717    |
|    value_loss           | 0.0275      |
-----------------------------------------
-----------------------------------------
| rollout/                |             |
|    ep_len_mean          | 232         |
|    ep_rew_mean          | 111         |
| time/                   |             |
|    fps                  | 261         |
|    iterations           | 57          |
|    time_elapsed         | 1785        |
|    total_timesteps      | 466944      |
| train/                  |             |
|    approx_kl            | 0.009111347 |
|    clip_fraction        | 0.0689      |
|    clip_range           | 0.2         |
|    entropy_loss         | -1.38       |
|    explained_variance   | 0.98        |
|    learning_rate        | 0.0003      |
|    loss                 | -0.0181     |
|    n_updates            | 280         |
|    policy_gradient_loss | -0.00756    |
|    value_loss           | 0.0228      |
-----------------------------------------
----------------------------------------
| rollout/                |            |
|    ep_len_mean          | 223        |
|    ep_rew_mean          | 110        |
| time/                   |            |
|    fps                  | 261        |
|    iterations           | 58         |
|    time_elapsed         | 1816       |
|    total_timesteps      | 475136     |
| train/                  |            |
|    approx_kl            | 0.00816907 |
|    clip_fraction        | 0.0609     |
|    clip_range           | 0.2        |
|    entropy_loss         | -1.33      |
|    explained_variance   | 0.943      |
|    learning_rate        | 0.0003     |
|    loss                 | 0.0249     |
|    n_updates            | 285        |
|    policy_gradient_loss | -0.00539   |
|    value_loss           | 0.0584     |
----------------------------------------
-----------------------------------------
| rollout/                |             |
|    ep_len_mean          | 222         |
|    ep_rew_mean          | 110         |
| time/                   |             |
|    fps                  | 261         |
|    iterations           | 59          |
|    time_elapsed         | 1845        |
|    total_timesteps      | 483328      |
| train/                  |             |
|    approx_kl            | 0.008410619 |
|    clip_fraction        | 0.0586      |
|    clip_range           | 0.2         |
|    entropy_loss         | -1.36       |
|    explained_variance   | 0.963       |
|    learning_rate        | 0.0003      |
|    loss                 | 0.00477     |
|    n_updates            | 290         |
|    policy_gradient_loss | -0.00696    |
|    value_loss           | 0.0425      |
-----------------------------------------
------------------------------------------
| rollout/                |              |
|    ep_len_mean          | 231          |
|    ep_rew_mean          | 111          |
| time/                   |              |
|    fps                  | 262          |
|    iterations           | 60           |
|    time_elapsed         | 1875         |
|    total_timesteps      | 491520       |
| train/                  |              |
|    approx_kl            | 0.0058245743 |
|    clip_fraction        | 0.043        |
|    clip_range           | 0.2          |
|    entropy_loss         | -1.42        |
|    explained_variance   | 0.974        |
|    learning_rate        | 0.0003       |
|    loss                 | -0.0043      |
|    n_updates            | 295          |
|    policy_gradient_loss | -0.00619     |
|    value_loss           | 0.0265       |
------------------------------------------
-----------------------------------------
| rollout/                |             |
|    ep_len_mean          | 239         |
|    ep_rew_mean          | 112         |
| time/                   |             |
|    fps                  | 262         |
|    iterations           | 61          |
|    time_elapsed         | 1906        |
|    total_timesteps      | 499712      |
| train/                  |             |
|    approx_kl            | 0.006497231 |
|    clip_fraction        | 0.0318      |
|    clip_range           | 0.2         |
|    entropy_loss         | -1.41       |
|    explained_variance   | 0.977       |
|    learning_rate        | 0.0003      |
|    loss                 | -0.013      |
|    n_updates            | 300         |
|    policy_gradient_loss | -0.00508    |
|    value_loss           | 0.0251      |
-----------------------------------------
-----------------------------------------
| rollout/                |             |
|    ep_len_mean          | 236         |
|    ep_rew_mean          | 113         |
| time/                   |             |
|    fps                  | 261         |
|    iterations           | 62          |
|    time_elapsed         | 1938        |
|    total_timesteps      | 507904      |
| train/                  |             |
|    approx_kl            | 0.006516395 |
|    clip_fraction        | 0.0451      |
|    clip_range           | 0.2         |
|    entropy_loss         | -1.38       |
|    explained_variance   | 0.975       |
|    learning_rate        | 0.0003      |
|    loss                 | -0.000263   |
|    n_updates            | 305         |
|    policy_gradient_loss | -0.00624    |
|    value_loss           | 0.0255      |
-----------------------------------------
----------------------------------------
| rollout/                |            |
|    ep_len_mean          | 236        |
|    ep_rew_mean          | 114        |
| time/                   |            |
|    fps                  | 261        |
|    iterations           | 63         |
|    time_elapsed         | 1971       |
|    total_timesteps      | 516096     |
| train/                  |            |
|    approx_kl            | 0.00584309 |
|    clip_fraction        | 0.0374     |
|    clip_range           | 0.2        |
|    entropy_loss         | -1.41      |
|    explained_variance   | 0.968      |
|    learning_rate        | 0.0003     |
|    loss                 | -0.0128    |
|    n_updates            | 310        |
|    policy_gradient_loss | -0.00492   |
|    value_loss           | 0.0356     |
----------------------------------------
-----------------------------------------
| rollout/                |             |
|    ep_len_mean          | 236         |
|    ep_rew_mean          | 114         |
| time/                   |             |
|    fps                  | 261         |
|    iterations           | 64          |
|    time_elapsed         | 2003        |
|    total_timesteps      | 524288      |
| train/                  |             |
|    approx_kl            | 0.006200916 |
|    clip_fraction        | 0.0392      |
|    clip_range           | 0.2         |
|    entropy_loss         | -1.39       |
|    explained_variance   | 0.975       |
|    learning_rate        | 0.0003      |
|    loss                 | -0.0119     |
|    n_updates            | 315         |
|    policy_gradient_loss | -0.00567    |
|    value_loss           | 0.0259      |
-----------------------------------------
-----------------------------------------
| rollout/                |             |
|    ep_len_mean          | 238         |
|    ep_rew_mean          | 114         |
| time/                   |             |
|    fps                  | 261         |
|    iterations           | 65          |
|    time_elapsed         | 2035        |
|    total_timesteps      | 532480      |
| train/                  |             |
|    approx_kl            | 0.007552809 |
|    clip_fraction        | 0.0383      |
|    clip_range           | 0.2         |
|    entropy_loss         | -1.42       |
|    explained_variance   | 0.976       |
|    learning_rate        | 0.0003      |
|    loss                 | -0.0146     |
|    n_updates            | 320         |
|    policy_gradient_loss | -0.00568    |
|    value_loss           | 0.0258      |
-----------------------------------------
------------------------------------------
| rollout/                |              |
|    ep_len_mean          | 240          |
|    ep_rew_mean          | 114          |
| time/                   |              |
|    fps                  | 261          |
|    iterations           | 66           |
|    time_elapsed         | 2066         |
|    total_timesteps      | 540672       |
| train/                  |              |
|    approx_kl            | 0.0061283475 |
|    clip_fraction        | 0.0319       |
|    clip_range           | 0.2          |
|    entropy_loss         | -1.32        |
|    explained_variance   | 0.977        |
|    learning_rate        | 0.0003       |
|    loss                 | -0.00992     |
|    n_updates            | 325          |
|    policy_gradient_loss | -0.00486     |
|    value_loss           | 0.024        |
------------------------------------------
------------------------------------------
| rollout/                |              |
|    ep_len_mean          | 232          |
|    ep_rew_mean          | 113          |
| time/                   |              |
|    fps                  | 261          |
|    iterations           | 67           |
|    time_elapsed         | 2098         |
|    total_timesteps      | 548864       |
| train/                  |              |
|    approx_kl            | 0.0066903224 |
|    clip_fraction        | 0.0443       |
|    clip_range           | 0.2          |
|    entropy_loss         | -1.4         |
|    explained_variance   | 0.977        |
|    learning_rate        | 0.0003       |
|    loss                 | -0.00752     |
|    n_updates            | 330          |
|    policy_gradient_loss | -0.00623     |
|    value_loss           | 0.025        |
------------------------------------------
------------------------------------------
| rollout/                |              |
|    ep_len_mean          | 222          |
|    ep_rew_mean          | 112          |
| time/                   |              |
|    fps                  | 261          |
|    iterations           | 68           |
|    time_elapsed         | 2128         |
|    total_timesteps      | 557056       |
| train/                  |              |
|    approx_kl            | 0.0057932436 |
|    clip_fraction        | 0.0415       |
|    clip_range           | 0.2          |
|    entropy_loss         | -1.38        |
|    explained_variance   | 0.968        |
|    learning_rate        | 0.0003       |
|    loss                 | -0.0114      |
|    n_updates            | 335          |
|    policy_gradient_loss | -0.00585     |
|    value_loss           | 0.0359       |
------------------------------------------
-----------------------------------------
| rollout/                |             |
|    ep_len_mean          | 220         |
|    ep_rew_mean          | 112         |
| time/                   |             |
|    fps                  | 261         |
|    iterations           | 69          |
|    time_elapsed         | 2160        |
|    total_timesteps      | 565248      |
| train/                  |             |
|    approx_kl            | 0.005726119 |
|    clip_fraction        | 0.0497      |
|    clip_range           | 0.2         |
|    entropy_loss         | -1.38       |
|    explained_variance   | 0.968       |
|    learning_rate        | 0.0003      |
|    loss                 | 0.00123     |
|    n_updates            | 340         |
|    policy_gradient_loss | -0.00672    |
|    value_loss           | 0.0328      |
-----------------------------------------
------------------------------------------
| rollout/                |              |
|    ep_len_mean          | 225          |
|    ep_rew_mean          | 113          |
| time/                   |              |
|    fps                  | 261          |
|    iterations           | 70           |
|    time_elapsed         | 2194         |
|    total_timesteps      | 573440       |
| train/                  |              |
|    approx_kl            | 0.0076705273 |
|    clip_fraction        | 0.058        |
|    clip_range           | 0.2          |
|    entropy_loss         | -1.35        |
|    explained_variance   | 0.964        |
|    learning_rate        | 0.0003       |
|    loss                 | -0.00412     |
|    n_updates            | 345          |
|    policy_gradient_loss | -0.00716     |
|    value_loss           | 0.0353       |
------------------------------------------
------------------------------------------
| rollout/                |              |
|    ep_len_mean          | 236          |
|    ep_rew_mean          | 111          |
| time/                   |              |
|    fps                  | 261          |
|    iterations           | 71           |
|    time_elapsed         | 2228         |
|    total_timesteps      | 581632       |
| train/                  |              |
|    approx_kl            | 0.0071153715 |
|    clip_fraction        | 0.0496       |
|    clip_range           | 0.2          |
|    entropy_loss         | -1.38        |
|    explained_variance   | 0.972        |
|    learning_rate        | 0.0003       |
|    loss                 | -0.0107      |
|    n_updates            | 350          |
|    policy_gradient_loss | -0.00663     |
|    value_loss           | 0.0274       |
------------------------------------------
------------------------------------------
| rollout/                |              |
|    ep_len_mean          | 245          |
|    ep_rew_mean          | 113          |
| time/                   |              |
|    fps                  | 260          |
|    iterations           | 72           |
|    time_elapsed         | 2260         |
|    total_timesteps      | 589824       |
| train/                  |              |
|    approx_kl            | 0.0062176087 |
|    clip_fraction        | 0.0366       |
|    clip_range           | 0.2          |
|    entropy_loss         | -1.47        |
|    explained_variance   | 0.972        |
|    learning_rate        | 0.0003       |
|    loss                 | -0.016       |
|    n_updates            | 355          |
|    policy_gradient_loss | -0.0061      |
|    value_loss           | 0.0265       |
------------------------------------------
------------------------------------------
| rollout/                |              |
|    ep_len_mean          | 254          |
|    ep_rew_mean          | 109          |
| time/                   |              |
|    fps                  | 260          |
|    iterations           | 73           |
|    time_elapsed         | 2295         |
|    total_timesteps      | 598016       |
| train/                  |              |
|    approx_kl            | 0.0074160066 |
|    clip_fraction        | 0.0379       |
|    clip_range           | 0.2          |
|    entropy_loss         | -1.43        |
|    explained_variance   | 0.975        |
|    learning_rate        | 0.0003       |
|    loss                 | -0.0141      |
|    n_updates            | 360          |
|    policy_gradient_loss | -0.0052      |
|    value_loss           | 0.0269       |
------------------------------------------
[Checkpoint] Saved at 600000 steps > C:\Users\Admin\Desktop\disciple\realnewdisciples-main\Big_map\campaign_checkpoints\super-last-stand-capital-3m-20260912-222556\campaign_ppo_step_600000.zip
Eval num_timesteps=600000, det_reward=128.31 +/- 21.31
Episode length: det=228.30 +/- 40.45
Victory rate: det=0.00%
--------------------------------------------------
| eval/                           |              |
|    deterministic_mean_ep_length | 228          |
|    deterministic_mean_reward    | 128          |
|    deterministic_victory_rate   | 0            |
|    mean_ep_length               | 228          |
|    mean_reward                  | 128          |
|    victory_rate                 | 0            |
| time/                           |              |
|    total_timesteps              | 600000       |
| train/                          |              |
|    approx_kl                    | 0.0060566524 |
|    clip_fraction                | 0.0438       |
|    clip_range                   | 0.2          |
|    entropy_loss                 | -1.51        |
|    explained_variance           | 0.968        |
|    learning_rate                | 0.0003       |
|    loss                         | -0.00726     |
|    n_updates                    | 365          |
|    policy_gradient_loss         | -0.00608     |
|    value_loss                   | 0.0313       |
--------------------------------------------------
New best model by deterministic victory rate!
---------------------------------
| rollout/           |          |
|    ep_len_mean     | 254      |
|    ep_rew_mean     | 110      |
| time/              |          |
|    fps             | 258      |
|    iterations      | 74       |
|    time_elapsed    | 2348     |
|    total_timesteps | 606208   |
---------------------------------
-----------------------------------------
| rollout/                |             |
|    ep_len_mean          | 262         |
|    ep_rew_mean          | 108         |
| time/                   |             |
|    fps                  | 258         |
|    iterations           | 75          |
|    time_elapsed         | 2379        |
|    total_timesteps      | 614400      |
| train/                  |             |
|    approx_kl            | 0.005923043 |
|    clip_fraction        | 0.035       |
|    clip_range           | 0.2         |
|    entropy_loss         | -1.43       |
|    explained_variance   | 0.972       |
|    learning_rate        | 0.0003      |
|    loss                 | -0.0137     |
|    n_updates            | 370         |
|    policy_gradient_loss | -0.00559    |
|    value_loss           | 0.0291      |
-----------------------------------------
------------------------------------------
| rollout/                |              |
|    ep_len_mean          | 260          |
|    ep_rew_mean          | 111          |
| time/                   |              |
|    fps                  | 258          |
|    iterations           | 76           |
|    time_elapsed         | 2412         |
|    total_timesteps      | 622592       |
| train/                  |              |
|    approx_kl            | 0.0077962982 |
|    clip_fraction        | 0.0485       |
|    clip_range           | 0.2          |
|    entropy_loss         | -1.5         |
|    explained_variance   | 0.978        |
|    learning_rate        | 0.0003       |
|    loss                 | -0.0142      |
|    n_updates            | 375          |
|    policy_gradient_loss | -0.00567     |
|    value_loss           | 0.0232       |
------------------------------------------
-----------------------------------------
| rollout/                |             |
|    ep_len_mean          | 250         |
|    ep_rew_mean          | 113         |
| time/                   |             |
|    fps                  | 258         |
|    iterations           | 77          |
|    time_elapsed         | 2444        |
|    total_timesteps      | 630784      |
| train/                  |             |
|    approx_kl            | 0.008251099 |
|    clip_fraction        | 0.0595      |
|    clip_range           | 0.2         |
|    entropy_loss         | -1.45       |
|    explained_variance   | 0.974       |
|    learning_rate        | 0.0003      |
|    loss                 | -0.0187     |
|    n_updates            | 380         |
|    policy_gradient_loss | -0.00653    |
|    value_loss           | 0.0284      |
-----------------------------------------
------------------------------------------
| rollout/                |              |
|    ep_len_mean          | 230          |
|    ep_rew_mean          | 112          |
| time/                   |              |
|    fps                  | 258          |
|    iterations           | 78           |
|    time_elapsed         | 2475         |
|    total_timesteps      | 638976       |
| train/                  |              |
|    approx_kl            | 0.0062699253 |
|    clip_fraction        | 0.0384       |
|    clip_range           | 0.2          |
|    entropy_loss         | -1.36        |
|    explained_variance   | 0.972        |
|    learning_rate        | 0.0003       |
|    loss                 | -0.011       |
|    n_updates            | 385          |
|    policy_gradient_loss | -0.0052      |
|    value_loss           | 0.0279       |
------------------------------------------
------------------------------------------
| rollout/                |              |
|    ep_len_mean          | 218          |
|    ep_rew_mean          | 112          |
| time/                   |              |
|    fps                  | 258          |
|    iterations           | 79           |
|    time_elapsed         | 2506         |
|    total_timesteps      | 647168       |
| train/                  |              |
|    approx_kl            | 0.0063151154 |
|    clip_fraction        | 0.0676       |
|    clip_range           | 0.2          |
|    entropy_loss         | -1.36        |
|    explained_variance   | 0.965        |
|    learning_rate        | 0.0003       |
|    loss                 | -0.0133      |
|    n_updates            | 390          |
|    policy_gradient_loss | -0.00693     |
|    value_loss           | 0.0331       |
------------------------------------------
------------------------------------------
| rollout/                |              |
|    ep_len_mean          | 217          |
|    ep_rew_mean          | 110          |
| time/                   |              |
|    fps                  | 258          |
|    iterations           | 80           |
|    time_elapsed         | 2537         |
|    total_timesteps      | 655360       |
| train/                  |              |
|    approx_kl            | 0.0061892914 |
|    clip_fraction        | 0.0453       |
|    clip_range           | 0.2          |
|    entropy_loss         | -1.35        |
|    explained_variance   | 0.964        |
|    learning_rate        | 0.0003       |
|    loss                 | -0.0121      |
|    n_updates            | 395          |
|    policy_gradient_loss | -0.00605     |
|    value_loss           | 0.0373       |
------------------------------------------
------------------------------------------
| rollout/                |              |
|    ep_len_mean          | 225          |
|    ep_rew_mean          | 113          |
| time/                   |              |
|    fps                  | 258          |
|    iterations           | 81           |
|    time_elapsed         | 2569         |
|    total_timesteps      | 663552       |
| train/                  |              |
|    approx_kl            | 0.0070841527 |
|    clip_fraction        | 0.0538       |
|    clip_range           | 0.2          |
|    entropy_loss         | -1.34        |
|    explained_variance   | 0.967        |
|    learning_rate        | 0.0003       |
|    loss                 | -0.0106      |
|    n_updates            | 400          |
|    policy_gradient_loss | -0.00623     |
|    value_loss           | 0.0337       |
------------------------------------------
-----------------------------------------
| rollout/                |             |
|    ep_len_mean          | 226         |
|    ep_rew_mean          | 114         |
| time/                   |             |
|    fps                  | 258         |
|    iterations           | 82          |
|    time_elapsed         | 2600        |
|    total_timesteps      | 671744      |
| train/                  |             |
|    approx_kl            | 0.006294658 |
|    clip_fraction        | 0.037       |
|    clip_range           | 0.2         |
|    entropy_loss         | -1.36       |
|    explained_variance   | 0.969       |
|    learning_rate        | 0.0003      |
|    loss                 | -0.00256    |
|    n_updates            | 405         |
|    policy_gradient_loss | -0.00508    |
|    value_loss           | 0.0327      |
-----------------------------------------
-----------------------------------------
| rollout/                |             |
|    ep_len_mean          | 233         |
|    ep_rew_mean          | 111         |
| time/                   |             |
|    fps                  | 258         |
|    iterations           | 83          |
|    time_elapsed         | 2631        |
|    total_timesteps      | 679936      |
| train/                  |             |
|    approx_kl            | 0.005489785 |
|    clip_fraction        | 0.0396      |
|    clip_range           | 0.2         |
|    entropy_loss         | -1.33       |
|    explained_variance   | 0.973       |
|    learning_rate        | 0.0003      |
|    loss                 | -0.00663    |
|    n_updates            | 410         |
|    policy_gradient_loss | -0.00523    |
|    value_loss           | 0.0281      |
-----------------------------------------
------------------------------------------
| rollout/                |              |
|    ep_len_mean          | 229          |
|    ep_rew_mean          | 111          |
| time/                   |              |
|    fps                  | 258          |
|    iterations           | 84           |
|    time_elapsed         | 2662         |
|    total_timesteps      | 688128       |
| train/                  |              |
|    approx_kl            | 0.0061021727 |
|    clip_fraction        | 0.0546       |
|    clip_range           | 0.2          |
|    entropy_loss         | -1.37        |
|    explained_variance   | 0.97         |
|    learning_rate        | 0.0003       |
|    loss                 | -0.00162     |
|    n_updates            | 415          |
|    policy_gradient_loss | -0.00615     |
|    value_loss           | 0.0323       |
------------------------------------------
----------------------------------------
| rollout/                |            |
|    ep_len_mean          | 220        |
|    ep_rew_mean          | 110        |
| time/                   |            |
|    fps                  | 258        |
|    iterations           | 85         |
|    time_elapsed         | 2693       |
|    total_timesteps      | 696320     |
| train/                  |            |
|    approx_kl            | 0.00832234 |
|    clip_fraction        | 0.0646     |
|    clip_range           | 0.2        |
|    entropy_loss         | -1.29      |
|    explained_variance   | 0.975      |
|    learning_rate        | 0.0003     |
|    loss                 | -0.0181    |
|    n_updates            | 420        |
|    policy_gradient_loss | -0.00754   |
|    value_loss           | 0.0249     |
----------------------------------------
------------------------------------------
| rollout/                |              |
|    ep_len_mean          | 220          |
|    ep_rew_mean          | 111          |
| time/                   |              |
|    fps                  | 258          |
|    iterations           | 86           |
|    time_elapsed         | 2724         |
|    total_timesteps      | 704512       |
| train/                  |              |
|    approx_kl            | 0.0059633227 |
|    clip_fraction        | 0.0441       |
|    clip_range           | 0.2          |
|    entropy_loss         | -1.32        |
|    explained_variance   | 0.971        |
|    learning_rate        | 0.0003       |
|    loss                 | -0.0029      |
|    n_updates            | 425          |
|    policy_gradient_loss | -0.00551     |
|    value_loss           | 0.0335       |
------------------------------------------
------------------------------------------
| rollout/                |              |
|    ep_len_mean          | 216          |
|    ep_rew_mean          | 110          |
| time/                   |              |
|    fps                  | 258          |
|    iterations           | 87           |
|    time_elapsed         | 2755         |
|    total_timesteps      | 712704       |
| train/                  |              |
|    approx_kl            | 0.0048169387 |
|    clip_fraction        | 0.0363       |
|    clip_range           | 0.2          |
|    entropy_loss         | -1.33        |
|    explained_variance   | 0.971        |
|    learning_rate        | 0.0003       |
|    loss                 | -0.0105      |
|    n_updates            | 430          |
|    policy_gradient_loss | -0.00526     |
|    value_loss           | 0.034        |
------------------------------------------
-----------------------------------------
| rollout/                |             |
|    ep_len_mean          | 215         |
|    ep_rew_mean          | 110         |
| time/                   |             |
|    fps                  | 258         |
|    iterations           | 88          |
|    time_elapsed         | 2787        |
|    total_timesteps      | 720896      |
| train/                  |             |
|    approx_kl            | 0.005241797 |
|    clip_fraction        | 0.0365      |
|    clip_range           | 0.2         |
|    entropy_loss         | -1.26       |
|    explained_variance   | 0.968       |
|    learning_rate        | 0.0003      |
|    loss                 | -0.00999    |
|    n_updates            | 435         |
|    policy_gradient_loss | -0.00552    |
|    value_loss           | 0.0327      |
-----------------------------------------
-----------------------------------------
| rollout/                |             |
|    ep_len_mean          | 219         |
|    ep_rew_mean          | 108         |
| time/                   |             |
|    fps                  | 258         |
|    iterations           | 89          |
|    time_elapsed         | 2818        |
|    total_timesteps      | 729088      |
| train/                  |             |
|    approx_kl            | 0.006398734 |
|    clip_fraction        | 0.0457      |
|    clip_range           | 0.2         |
|    entropy_loss         | -1.33       |
|    explained_variance   | 0.975       |
|    learning_rate        | 0.0003      |
|    loss                 | -0.013      |
|    n_updates            | 440         |
|    policy_gradient_loss | -0.00637    |
|    value_loss           | 0.0291      |
-----------------------------------------
------------------------------------------
| rollout/                |              |
|    ep_len_mean          | 217          |
|    ep_rew_mean          | 108          |
| time/                   |              |
|    fps                  | 258          |
|    iterations           | 90           |
|    time_elapsed         | 2850         |
|    total_timesteps      | 737280       |
| train/                  |              |
|    approx_kl            | 0.0053082407 |
|    clip_fraction        | 0.0427       |
|    clip_range           | 0.2          |
|    entropy_loss         | -1.34        |
|    explained_variance   | 0.971        |
|    learning_rate        | 0.0003       |
|    loss                 | -0.0127      |
|    n_updates            | 445          |
|    policy_gradient_loss | -0.00592     |
|    value_loss           | 0.0333       |
------------------------------------------
-----------------------------------------
| rollout/                |             |
|    ep_len_mean          | 215         |
|    ep_rew_mean          | 108         |
| time/                   |             |
|    fps                  | 258         |
|    iterations           | 91          |
|    time_elapsed         | 2881        |
|    total_timesteps      | 745472      |
| train/                  |             |
|    approx_kl            | 0.006968087 |
|    clip_fraction        | 0.0548      |
|    clip_range           | 0.2         |
|    entropy_loss         | -1.31       |
|    explained_variance   | 0.973       |
|    learning_rate        | 0.0003      |
|    loss                 | -0.00444    |
|    n_updates            | 450         |
|    policy_gradient_loss | -0.00654    |
|    value_loss           | 0.0294      |
-----------------------------------------
-----------------------------------------
| rollout/                |             |
|    ep_len_mean          | 213         |
|    ep_rew_mean          | 108         |
| time/                   |             |
|    fps                  | 258         |
|    iterations           | 92          |
|    time_elapsed         | 2912        |
|    total_timesteps      | 753664      |
| train/                  |             |
|    approx_kl            | 0.008347673 |
|    clip_fraction        | 0.0539      |
|    clip_range           | 0.2         |
|    entropy_loss         | -1.3        |
|    explained_variance   | 0.973       |
|    learning_rate        | 0.0003      |
|    loss                 | -0.0089     |
|    n_updates            | 455         |
|    policy_gradient_loss | -0.00609    |
|    value_loss           | 0.0293      |
-----------------------------------------
------------------------------------------
| rollout/                |              |
|    ep_len_mean          | 215          |
|    ep_rew_mean          | 111          |
| time/                   |              |
|    fps                  | 258          |
|    iterations           | 93           |
|    time_elapsed         | 2943         |
|    total_timesteps      | 761856       |
| train/                  |              |
|    approx_kl            | 0.0059210006 |
|    clip_fraction        | 0.0376       |
|    clip_range           | 0.2          |
|    entropy_loss         | -1.31        |
|    explained_variance   | 0.967        |
|    learning_rate        | 0.0003       |
|    loss                 | -0.00397     |
|    n_updates            | 460          |
|    policy_gradient_loss | -0.00505     |
|    value_loss           | 0.0367       |
------------------------------------------
-----------------------------------------
| rollout/                |             |
|    ep_len_mean          | 216         |
|    ep_rew_mean          | 112         |
| time/                   |             |
|    fps                  | 258         |
|    iterations           | 94          |
|    time_elapsed         | 2974        |
|    total_timesteps      | 770048      |
| train/                  |             |
|    approx_kl            | 0.006194138 |
|    clip_fraction        | 0.038       |
|    clip_range           | 0.2         |
|    entropy_loss         | -1.3        |
|    explained_variance   | 0.976       |
|    learning_rate        | 0.0003      |
|    loss                 | -0.00885    |
|    n_updates            | 465         |
|    policy_gradient_loss | -0.00545    |
|    value_loss           | 0.0262      |
-----------------------------------------
-----------------------------------------
| rollout/                |             |
|    ep_len_mean          | 215         |
|    ep_rew_mean          | 113         |
| time/                   |             |
|    fps                  | 258         |
|    iterations           | 95          |
|    time_elapsed         | 3005        |
|    total_timesteps      | 778240      |
| train/                  |             |
|    approx_kl            | 0.007406389 |
|    clip_fraction        | 0.0429      |
|    clip_range           | 0.2         |
|    entropy_loss         | -1.26       |
|    explained_variance   | 0.976       |
|    learning_rate        | 0.0003      |
|    loss                 | -0.00425    |
|    n_updates            | 470         |
|    policy_gradient_loss | -0.00693    |
|    value_loss           | 0.0282      |
-----------------------------------------
------------------------------------------
| rollout/                |              |
|    ep_len_mean          | 210          |
|    ep_rew_mean          | 112          |
| time/                   |              |
|    fps                  | 258          |
|    iterations           | 96           |
|    time_elapsed         | 3036         |
|    total_timesteps      | 786432       |
| train/                  |              |
|    approx_kl            | 0.0070281043 |
|    clip_fraction        | 0.0651       |
|    clip_range           | 0.2          |
|    entropy_loss         | -1.21        |
|    explained_variance   | 0.973        |
|    learning_rate        | 0.0003       |
|    loss                 | -0.022       |
|    n_updates            | 475          |
|    policy_gradient_loss | -0.00856     |
|    value_loss           | 0.0309       |
------------------------------------------
------------------------------------------
| rollout/                |              |
|    ep_len_mean          | 211          |
|    ep_rew_mean          | 112          |
| time/                   |              |
|    fps                  | 259          |
|    iterations           | 97           |
|    time_elapsed         | 3067         |
|    total_timesteps      | 794624       |
| train/                  |              |
|    approx_kl            | 0.0049701016 |
|    clip_fraction        | 0.0353       |
|    clip_range           | 0.2          |
|    entropy_loss         | -1.17        |
|    explained_variance   | 0.965        |
|    learning_rate        | 0.0003       |
|    loss                 | -0.00258     |
|    n_updates            | 480          |
|    policy_gradient_loss | -0.00498     |
|    value_loss           | 0.0364       |
------------------------------------------
------------------------------------------
| rollout/                |              |
|    ep_len_mean          | 210          |
|    ep_rew_mean          | 112          |
| time/                   |              |
|    fps                  | 259          |
|    iterations           | 98           |
|    time_elapsed         | 3098         |
|    total_timesteps      | 802816       |
| train/                  |              |
|    approx_kl            | 0.0072177965 |
|    clip_fraction        | 0.0517       |
|    clip_range           | 0.2          |
|    entropy_loss         | -1.22        |
|    explained_variance   | 0.976        |
|    learning_rate        | 0.0003       |
|    loss                 | -0.0118      |
|    n_updates            | 485          |
|    policy_gradient_loss | -0.00643     |
|    value_loss           | 0.0286       |
------------------------------------------
-----------------------------------------
| rollout/                |             |
|    ep_len_mean          | 208         |
|    ep_rew_mean          | 113         |
| time/                   |             |
|    fps                  | 259         |
|    iterations           | 99          |
|    time_elapsed         | 3130        |
|    total_timesteps      | 811008      |
| train/                  |             |
|    approx_kl            | 0.005987581 |
|    clip_fraction        | 0.0432      |
|    clip_range           | 0.2         |
|    entropy_loss         | -1.19       |
|    explained_variance   | 0.973       |
|    learning_rate        | 0.0003      |
|    loss                 | -0.00722    |
|    n_updates            | 490         |
|    policy_gradient_loss | -0.00622    |
|    value_loss           | 0.0347      |
-----------------------------------------
-----------------------------------------
| rollout/                |             |
|    ep_len_mean          | 212         |
|    ep_rew_mean          | 115         |
| time/                   |             |
|    fps                  | 259         |
|    iterations           | 100         |
|    time_elapsed         | 3161        |
|    total_timesteps      | 819200      |
| train/                  |             |
|    approx_kl            | 0.006124514 |
|    clip_fraction        | 0.045       |
|    clip_range           | 0.2         |
|    entropy_loss         | -1.22       |
|    explained_variance   | 0.969       |
|    learning_rate        | 0.0003      |
|    loss                 | -0.011      |
|    n_updates            | 495         |
|    policy_gradient_loss | -0.00539    |
|    value_loss           | 0.0358      |
-----------------------------------------
-----------------------------------------
| rollout/                |             |
|    ep_len_mean          | 211         |
|    ep_rew_mean          | 115         |
| time/                   |             |
|    fps                  | 259         |
|    iterations           | 101         |
|    time_elapsed         | 3192        |
|    total_timesteps      | 827392      |
| train/                  |             |
|    approx_kl            | 0.008143608 |
|    clip_fraction        | 0.0631      |
|    clip_range           | 0.2         |
|    entropy_loss         | -1.2        |
|    explained_variance   | 0.978       |
|    learning_rate        | 0.0003      |
|    loss                 | -0.0082     |
|    n_updates            | 500         |
|    policy_gradient_loss | -0.00707    |
|    value_loss           | 0.0257      |
-----------------------------------------
-----------------------------------------
| rollout/                |             |
|    ep_len_mean          | 207         |
|    ep_rew_mean          | 114         |
| time/                   |             |
|    fps                  | 259         |
|    iterations           | 102         |
|    time_elapsed         | 3223        |
|    total_timesteps      | 835584      |
| train/                  |             |
|    approx_kl            | 0.005350104 |
|    clip_fraction        | 0.0275      |
|    clip_range           | 0.2         |
|    entropy_loss         | -1.19       |
|    explained_variance   | 0.978       |
|    learning_rate        | 0.0003      |
|    loss                 | -0.00782    |
|    n_updates            | 505         |
|    policy_gradient_loss | -0.00433    |
|    value_loss           | 0.0279      |
-----------------------------------------
-----------------------------------------
| rollout/                |             |
|    ep_len_mean          | 196         |
|    ep_rew_mean          | 109         |
| time/                   |             |
|    fps                  | 259         |
|    iterations           | 103         |
|    time_elapsed         | 3255        |
|    total_timesteps      | 843776      |
| train/                  |             |
|    approx_kl            | 0.005251754 |
|    clip_fraction        | 0.029       |
|    clip_range           | 0.2         |
|    entropy_loss         | -1.2        |
|    explained_variance   | 0.977       |
|    learning_rate        | 0.0003      |
|    loss                 | -0.00679    |
|    n_updates            | 510         |
|    policy_gradient_loss | -0.00459    |
|    value_loss           | 0.0269      |
-----------------------------------------
-----------------------------------------
| rollout/                |             |
|    ep_len_mean          | 203         |
|    ep_rew_mean          | 110         |
| time/                   |             |
|    fps                  | 259         |
|    iterations           | 104         |
|    time_elapsed         | 3286        |
|    total_timesteps      | 851968      |
| train/                  |             |
|    approx_kl            | 0.005784736 |
|    clip_fraction        | 0.049       |
|    clip_range           | 0.2         |
|    entropy_loss         | -1.16       |
|    explained_variance   | 0.969       |
|    learning_rate        | 0.0003      |
|    loss                 | -0.00114    |
|    n_updates            | 515         |
|    policy_gradient_loss | -0.00685    |
|    value_loss           | 0.0367      |
-----------------------------------------
-----------------------------------------
| rollout/                |             |
|    ep_len_mean          | 214         |
|    ep_rew_mean          | 110         |
| time/                   |             |
|    fps                  | 259         |
|    iterations           | 105         |
|    time_elapsed         | 3317        |
|    total_timesteps      | 860160      |
| train/                  |             |
|    approx_kl            | 0.005132839 |
|    clip_fraction        | 0.0319      |
|    clip_range           | 0.2         |
|    entropy_loss         | -1.23       |
|    explained_variance   | 0.979       |
|    learning_rate        | 0.0003      |
|    loss                 | -0.0211     |
|    n_updates            | 520         |
|    policy_gradient_loss | -0.00426    |
|    value_loss           | 0.0248      |
-----------------------------------------
------------------------------------------
| rollout/                |              |
|    ep_len_mean          | 228          |
|    ep_rew_mean          | 115          |
| time/                   |              |
|    fps                  | 259          |
|    iterations           | 106          |
|    time_elapsed         | 3348         |
|    total_timesteps      | 868352       |
| train/                  |              |
|    approx_kl            | 0.0068438174 |
|    clip_fraction        | 0.0491       |
|    clip_range           | 0.2          |
|    entropy_loss         | -1.21        |
|    explained_variance   | 0.976        |
|    learning_rate        | 0.0003       |
|    loss                 | -0.00785     |
|    n_updates            | 525          |
|    policy_gradient_loss | -0.00522     |
|    value_loss           | 0.0261       |
------------------------------------------
-----------------------------------------
| rollout/                |             |
|    ep_len_mean          | 222         |
|    ep_rew_mean          | 114         |
| time/                   |             |
|    fps                  | 259         |
|    iterations           | 107         |
|    time_elapsed         | 3379        |
|    total_timesteps      | 876544      |
| train/                  |             |
|    approx_kl            | 0.005650084 |
|    clip_fraction        | 0.0464      |
|    clip_range           | 0.2         |
|    entropy_loss         | -1.21       |
|    explained_variance   | 0.977       |
|    learning_rate        | 0.0003      |
|    loss                 | -0.0103     |
|    n_updates            | 530         |
|    policy_gradient_loss | -0.0059     |
|    value_loss           | 0.025       |
-----------------------------------------
------------------------------------------
| rollout/                |              |
|    ep_len_mean          | 212          |
|    ep_rew_mean          | 112          |
| time/                   |              |
|    fps                  | 259          |
|    iterations           | 108          |
|    time_elapsed         | 3410         |
|    total_timesteps      | 884736       |
| train/                  |              |
|    approx_kl            | 0.0071424423 |
|    clip_fraction        | 0.0563       |
|    clip_range           | 0.2          |
|    entropy_loss         | -1.2         |
|    explained_variance   | 0.975        |
|    learning_rate        | 0.0003       |
|    loss                 | -0.0116      |
|    n_updates            | 535          |
|    policy_gradient_loss | -0.0064      |
|    value_loss           | 0.0315       |
------------------------------------------
-----------------------------------------
| rollout/                |             |
|    ep_len_mean          | 213         |
|    ep_rew_mean          | 111         |
| time/                   |             |
|    fps                  | 259         |
|    iterations           | 109         |
|    time_elapsed         | 3441        |
|    total_timesteps      | 892928      |
| train/                  |             |
|    approx_kl            | 0.004877198 |
|    clip_fraction        | 0.0317      |
|    clip_range           | 0.2         |
|    entropy_loss         | -1.22       |
|    explained_variance   | 0.975       |
|    learning_rate        | 0.0003      |
|    loss                 | -0.00839    |
|    n_updates            | 540         |
|    policy_gradient_loss | -0.00533    |
|    value_loss           | 0.029       |
-----------------------------------------
[Checkpoint] Saved at 900000 steps > C:\Users\Admin\Desktop\disciple\realnewdisciples-main\Big_map\campaign_checkpoints\super-last-stand-capital-3m-20260912-222556\campaign_ppo_step_900000.zip
Eval num_timesteps=900000, det_reward=103.72 +/- 8.48
Episode length: det=144.30 +/- 32.03
Victory rate: det=0.00%
-------------------------------------------------
| eval/                           |             |
|    deterministic_mean_ep_length | 144         |
|    deterministic_mean_reward    | 104         |
|    deterministic_victory_rate   | 0           |
|    mean_ep_length               | 144         |
|    mean_reward                  | 104         |
|    victory_rate                 | 0           |
| time/                           |             |
|    total_timesteps              | 900000      |
| train/                          |             |
|    approx_kl                    | 0.005638524 |
|    clip_fraction                | 0.0329      |
|    clip_range                   | 0.2         |
|    entropy_loss                 | -1.23       |
|    explained_variance           | 0.978       |
|    learning_rate                | 0.0003      |
|    loss                         | -0.0135     |
|    n_updates                    | 545         |
|    policy_gradient_loss         | -0.00543    |
|    value_loss                   | 0.0262      |
-------------------------------------------------
---------------------------------
| rollout/           |          |
|    ep_len_mean     | 211      |
|    ep_rew_mean     | 113      |
| time/              |          |
|    fps             | 258      |
|    iterations      | 110      |
|    time_elapsed    | 3484     |
|    total_timesteps | 901120   |
---------------------------------
----------------------------------------
| rollout/                |            |
|    ep_len_mean          | 211        |
|    ep_rew_mean          | 116        |
| time/                   |            |
|    fps                  | 258        |
|    iterations           | 111        |
|    time_elapsed         | 3516       |
|    total_timesteps      | 909312     |
| train/                  |            |
|    approx_kl            | 0.00878402 |
|    clip_fraction        | 0.0687     |
|    clip_range           | 0.2        |
|    entropy_loss         | -1.21      |
|    explained_variance   | 0.973      |
|    learning_rate        | 0.0003     |
|    loss                 | -0.0159    |
|    n_updates            | 550        |
|    policy_gradient_loss | -0.00709   |
|    value_loss           | 0.0308     |
----------------------------------------
-----------------------------------------
| rollout/                |             |
|    ep_len_mean          | 203         |
|    ep_rew_mean          | 112         |
| time/                   |             |
|    fps                  | 258         |
|    iterations           | 112         |
|    time_elapsed         | 3549        |
|    total_timesteps      | 917504      |
| train/                  |             |
|    approx_kl            | 0.006070583 |
|    clip_fraction        | 0.0476      |
|    clip_range           | 0.2         |
|    entropy_loss         | -1.19       |
|    explained_variance   | 0.978       |
|    learning_rate        | 0.0003      |
|    loss                 | -0.0032     |
|    n_updates            | 555         |
|    policy_gradient_loss | -0.00535    |
|    value_loss           | 0.0258      |
-----------------------------------------
------------------------------------------
| rollout/                |              |
|    ep_len_mean          | 198          |
|    ep_rew_mean          | 111          |
| time/                   |              |
|    fps                  | 258          |
|    iterations           | 113          |
|    time_elapsed         | 3581         |
|    total_timesteps      | 925696       |
| train/                  |              |
|    approx_kl            | 0.0058113765 |
|    clip_fraction        | 0.048        |
|    clip_range           | 0.2          |
|    entropy_loss         | -1.19        |
|    explained_variance   | 0.972        |
|    learning_rate        | 0.0003       |
|    loss                 | -0.0064      |
|    n_updates            | 560          |
|    policy_gradient_loss | -0.00682     |
|    value_loss           | 0.0321       |
------------------------------------------
-----------------------------------------
| rollout/                |             |
|    ep_len_mean          | 197         |
|    ep_rew_mean          | 108         |
| time/                   |             |
|    fps                  | 258         |
|    iterations           | 114         |
|    time_elapsed         | 3612        |
|    total_timesteps      | 933888      |
| train/                  |             |
|    approx_kl            | 0.005777435 |
|    clip_fraction        | 0.0465      |
|    clip_range           | 0.2         |
|    entropy_loss         | -1.16       |
|    explained_variance   | 0.97        |
|    learning_rate        | 0.0003      |
|    loss                 | -0.00498    |
|    n_updates            | 565         |
|    policy_gradient_loss | -0.00693    |
|    value_loss           | 0.034       |
-----------------------------------------
------------------------------------------
| rollout/                |              |
|    ep_len_mean          | 198          |
|    ep_rew_mean          | 109          |
| time/                   |              |
|    fps                  | 258          |
|    iterations           | 115          |
|    time_elapsed         | 3643         |
|    total_timesteps      | 942080       |
| train/                  |              |
|    approx_kl            | 0.0053270976 |
|    clip_fraction        | 0.039        |
|    clip_range           | 0.2          |
|    entropy_loss         | -1.21        |
|    explained_variance   | 0.973        |
|    learning_rate        | 0.0003       |
|    loss                 | -0.0181      |
|    n_updates            | 570          |
|    policy_gradient_loss | -0.00532     |
|    value_loss           | 0.0317       |
------------------------------------------
------------------------------------------
| rollout/                |              |
|    ep_len_mean          | 199          |
|    ep_rew_mean          | 112          |
| time/                   |              |
|    fps                  | 258          |
|    iterations           | 116          |
|    time_elapsed         | 3675         |
|    total_timesteps      | 950272       |
| train/                  |              |
|    approx_kl            | 0.0051338305 |
|    clip_fraction        | 0.0415       |
|    clip_range           | 0.2          |
|    entropy_loss         | -1.16        |
|    explained_variance   | 0.968        |
|    learning_rate        | 0.0003       |
|    loss                 | -0.00631     |
|    n_updates            | 575          |
|    policy_gradient_loss | -0.00573     |
|    value_loss           | 0.0365       |
------------------------------------------
------------------------------------------
| rollout/                |              |
|    ep_len_mean          | 203          |
|    ep_rew_mean          | 114          |
| time/                   |              |
|    fps                  | 258          |
|    iterations           | 117          |
|    time_elapsed         | 3706         |
|    total_timesteps      | 958464       |
| train/                  |              |
|    approx_kl            | 0.0067147836 |
|    clip_fraction        | 0.0458       |
|    clip_range           | 0.2          |
|    entropy_loss         | -1.15        |
|    explained_variance   | 0.969        |
|    learning_rate        | 0.0003       |
|    loss                 | -0.00842     |
|    n_updates            | 580          |
|    policy_gradient_loss | -0.00596     |
|    value_loss           | 0.0326       |
------------------------------------------
------------------------------------------
| rollout/                |              |
|    ep_len_mean          | 214          |
|    ep_rew_mean          | 116          |
| time/                   |              |
|    fps                  | 258          |
|    iterations           | 118          |
|    time_elapsed         | 3741         |
|    total_timesteps      | 966656       |
| train/                  |              |
|    approx_kl            | 0.0054008244 |
|    clip_fraction        | 0.051        |
|    clip_range           | 0.2          |
|    entropy_loss         | -1.2         |
|    explained_variance   | 0.975        |
|    learning_rate        | 0.0003       |
|    loss                 | -0.00593     |
|    n_updates            | 585          |
|    policy_gradient_loss | -0.0064      |
|    value_loss           | 0.0272       |
------------------------------------------
------------------------------------------
| rollout/                |              |
|    ep_len_mean          | 211          |
|    ep_rew_mean          | 116          |
| time/                   |              |
|    fps                  | 258          |
|    iterations           | 119          |
|    time_elapsed         | 3773         |
|    total_timesteps      | 974848       |
| train/                  |              |
|    approx_kl            | 0.0052472274 |
|    clip_fraction        | 0.0411       |
|    clip_range           | 0.2          |
|    entropy_loss         | -1.2         |
|    explained_variance   | 0.98         |
|    learning_rate        | 0.0003       |
|    loss                 | -0.015       |
|    n_updates            | 590          |
|    policy_gradient_loss | -0.0066      |
|    value_loss           | 0.0238       |
------------------------------------------
-----------------------------------------
| rollout/                |             |
|    ep_len_mean          | 204         |
|    ep_rew_mean          | 112         |
| time/                   |             |
|    fps                  | 258         |
|    iterations           | 120         |
|    time_elapsed         | 3804        |
|    total_timesteps      | 983040      |
| train/                  |             |
|    approx_kl            | 0.006946578 |
|    clip_fraction        | 0.0564      |
|    clip_range           | 0.2         |
|    entropy_loss         | -1.14       |
|    explained_variance   | 0.972       |
|    learning_rate        | 0.0003      |
|    loss                 | -0.00489    |
|    n_updates            | 595         |
|    policy_gradient_loss | -0.00595    |
|    value_loss           | 0.0327      |
-----------------------------------------
------------------------------------------
| rollout/                |              |
|    ep_len_mean          | 201          |
|    ep_rew_mean          | 109          |
| time/                   |              |
|    fps                  | 258          |
|    iterations           | 121          |
|    time_elapsed         | 3835         |
|    total_timesteps      | 991232       |
| train/                  |              |
|    approx_kl            | 0.0051024696 |
|    clip_fraction        | 0.0352       |
|    clip_range           | 0.2          |
|    entropy_loss         | -1.19        |
|    explained_variance   | 0.968        |
|    learning_rate        | 0.0003       |
|    loss                 | -0.00486     |
|    n_updates            | 600          |
|    policy_gradient_loss | -0.00502     |
|    value_loss           | 0.0357       |
------------------------------------------
-----------------------------------------
| rollout/                |             |
|    ep_len_mean          | 213         |
|    ep_rew_mean          | 113         |
| time/                   |             |
|    fps                  | 258         |
|    iterations           | 122         |
|    time_elapsed         | 3866        |
|    total_timesteps      | 999424      |
| train/                  |             |
|    approx_kl            | 0.005065446 |
|    clip_fraction        | 0.0359      |
|    clip_range           | 0.2         |
|    entropy_loss         | -1.21       |
|    explained_variance   | 0.972       |
|    learning_rate        | 0.0003      |
|    loss                 | -0.00856    |
|    n_updates            | 605         |
|    policy_gradient_loss | -0.00546    |
|    value_loss           | 0.0358      |
-----------------------------------------
------------------------------------------
| rollout/                |              |
|    ep_len_mean          | 213          |
|    ep_rew_mean          | 115          |
| time/                   |              |
|    fps                  | 258          |
|    iterations           | 123          |
|    time_elapsed         | 3897         |
|    total_timesteps      | 1007616      |
| train/                  |              |
|    approx_kl            | 0.0073735127 |
|    clip_fraction        | 0.047        |
|    clip_range           | 0.2          |
|    entropy_loss         | -1.21        |
|    explained_variance   | 0.974        |
|    learning_rate        | 0.0003       |
|    loss                 | -0.0138      |
|    n_updates            | 610          |
|    policy_gradient_loss | -0.00666     |
|    value_loss           | 0.0295       |
------------------------------------------
------------------------------------------
| rollout/                |              |
|    ep_len_mean          | 211          |
|    ep_rew_mean          | 116          |
| time/                   |              |
|    fps                  | 258          |
|    iterations           | 124          |
|    time_elapsed         | 3928         |
|    total_timesteps      | 1015808      |
| train/                  |              |
|    approx_kl            | 0.0058043813 |
|    clip_fraction        | 0.046        |
|    clip_range           | 0.2          |
|    entropy_loss         | -1.18        |
|    explained_variance   | 0.956        |
|    learning_rate        | 0.0003       |
|    loss                 | -0.00322     |
|    n_updates            | 615          |
|    policy_gradient_loss | -0.00528     |
|    value_loss           | 0.0453       |
------------------------------------------
------------------------------------------
| rollout/                |              |
|    ep_len_mean          | 200          |
|    ep_rew_mean          | 112          |
| time/                   |              |
|    fps                  | 258          |
|    iterations           | 125          |
|    time_elapsed         | 3960         |
|    total_timesteps      | 1024000      |
| train/                  |              |
|    approx_kl            | 0.0055656983 |
|    clip_fraction        | 0.0408       |
|    clip_range           | 0.2          |
|    entropy_loss         | -1.18        |
|    explained_variance   | 0.976        |
|    learning_rate        | 0.0003       |
|    loss                 | 0.000834     |
|    n_updates            | 620          |
|    policy_gradient_loss | -0.00591     |
|    value_loss           | 0.0275       |
------------------------------------------
-----------------------------------------
| rollout/                |             |
|    ep_len_mean          | 202         |
|    ep_rew_mean          | 111         |
| time/                   |             |
|    fps                  | 258         |
|    iterations           | 126         |
|    time_elapsed         | 3991        |
|    total_timesteps      | 1032192     |
| train/                  |             |
|    approx_kl            | 0.005312238 |
|    clip_fraction        | 0.0424      |
|    clip_range           | 0.2         |
|    entropy_loss         | -1.14       |
|    explained_variance   | 0.975       |
|    learning_rate        | 0.0003      |
|    loss                 | -0.0089     |
|    n_updates            | 625         |
|    policy_gradient_loss | -0.0058     |
|    value_loss           | 0.0304      |
-----------------------------------------
-----------------------------------------
| rollout/                |             |
|    ep_len_mean          | 204         |
|    ep_rew_mean          | 111         |
| time/                   |             |
|    fps                  | 258         |
|    iterations           | 127         |
|    time_elapsed         | 4022        |
|    total_timesteps      | 1040384     |
| train/                  |             |
|    approx_kl            | 0.005374725 |
|    clip_fraction        | 0.0404      |
|    clip_range           | 0.2         |
|    entropy_loss         | -1.16       |
|    explained_variance   | 0.975       |
|    learning_rate        | 0.0003      |
|    loss                 | -0.0108     |
|    n_updates            | 630         |
|    policy_gradient_loss | -0.00577    |
|    value_loss           | 0.0291      |
-----------------------------------------
------------------------------------------
| rollout/                |              |
|    ep_len_mean          | 212          |
|    ep_rew_mean          | 110          |
| time/                   |              |
|    fps                  | 258          |
|    iterations           | 128          |
|    time_elapsed         | 4053         |
|    total_timesteps      | 1048576      |
| train/                  |              |
|    approx_kl            | 0.0056014294 |
|    clip_fraction        | 0.0488       |
|    clip_range           | 0.2          |
|    entropy_loss         | -1.17        |
|    explained_variance   | 0.975        |
|    learning_rate        | 0.0003       |
|    loss                 | -0.00732     |
|    n_updates            | 635          |
|    policy_gradient_loss | -0.00589     |
|    value_loss           | 0.032        |
------------------------------------------
------------------------------------------
| rollout/                |              |
|    ep_len_mean          | 211          |
|    ep_rew_mean          | 111          |
| time/                   |              |
|    fps                  | 258          |
|    iterations           | 129          |
|    time_elapsed         | 4085         |
|    total_timesteps      | 1056768      |
| train/                  |              |
|    approx_kl            | 0.0070739156 |
|    clip_fraction        | 0.0641       |
|    clip_range           | 0.2          |
|    entropy_loss         | -1.25        |
|    explained_variance   | 0.977        |
|    learning_rate        | 0.0003       |
|    loss                 | -0.00833     |
|    n_updates            | 640          |
|    policy_gradient_loss | -0.00773     |
|    value_loss           | 0.0298       |
------------------------------------------
------------------------------------------
| rollout/                |              |
|    ep_len_mean          | 212          |
|    ep_rew_mean          | 110          |
| time/                   |              |
|    fps                  | 258          |
|    iterations           | 130          |
|    time_elapsed         | 4118         |
|    total_timesteps      | 1064960      |
| train/                  |              |
|    approx_kl            | 0.0069829803 |
|    clip_fraction        | 0.0436       |
|    clip_range           | 0.2          |
|    entropy_loss         | -1.19        |
|    explained_variance   | 0.976        |
|    learning_rate        | 0.0003       |
|    loss                 | -0.00397     |
|    n_updates            | 645          |
|    policy_gradient_loss | -0.0058      |
|    value_loss           | 0.0303       |
------------------------------------------
------------------------------------------
| rollout/                |              |
|    ep_len_mean          | 211          |
|    ep_rew_mean          | 114          |
| time/                   |              |
|    fps                  | 258          |
|    iterations           | 131          |
|    time_elapsed         | 4152         |
|    total_timesteps      | 1073152      |
| train/                  |              |
|    approx_kl            | 0.0052553304 |
|    clip_fraction        | 0.0411       |
|    clip_range           | 0.2          |
|    entropy_loss         | -1.21        |
|    explained_variance   | 0.966        |
|    learning_rate        | 0.0003       |
|    loss                 | -0.00802     |
|    n_updates            | 650          |
|    policy_gradient_loss | -0.00603     |
|    value_loss           | 0.0395       |
------------------------------------------
-----------------------------------------
| rollout/                |             |
|    ep_len_mean          | 212         |
|    ep_rew_mean          | 114         |
| time/                   |             |
|    fps                  | 258         |
|    iterations           | 132         |
|    time_elapsed         | 4185        |
|    total_timesteps      | 1081344     |
| train/                  |             |
|    approx_kl            | 0.005523443 |
|    clip_fraction        | 0.0424      |
|    clip_range           | 0.2         |
|    entropy_loss         | -1.19       |
|    explained_variance   | 0.975       |
|    learning_rate        | 0.0003      |
|    loss                 | -0.00822    |
|    n_updates            | 655         |
|    policy_gradient_loss | -0.00582    |
|    value_loss           | 0.0304      |
-----------------------------------------
------------------------------------------
| rollout/                |              |
|    ep_len_mean          | 205          |
|    ep_rew_mean          | 113          |
| time/                   |              |
|    fps                  | 258          |
|    iterations           | 133          |
|    time_elapsed         | 4218         |
|    total_timesteps      | 1089536      |
| train/                  |              |
|    approx_kl            | 0.0052470528 |
|    clip_fraction        | 0.0384       |
|    clip_range           | 0.2          |
|    entropy_loss         | -1.17        |
|    explained_variance   | 0.971        |
|    learning_rate        | 0.0003       |
|    loss                 | -0.00363     |
|    n_updates            | 660          |
|    policy_gradient_loss | -0.00537     |
|    value_loss           | 0.0359       |
------------------------------------------
------------------------------------------
| rollout/                |              |
|    ep_len_mean          | 212          |
|    ep_rew_mean          | 114          |
| time/                   |              |
|    fps                  | 258          |
|    iterations           | 134          |
|    time_elapsed         | 4251         |
|    total_timesteps      | 1097728      |
| train/                  |              |
|    approx_kl            | 0.0062398226 |
|    clip_fraction        | 0.0491       |
|    clip_range           | 0.2          |
|    entropy_loss         | -1.17        |
|    explained_variance   | 0.975        |
|    learning_rate        | 0.0003       |
|    loss                 | -0.00915     |
|    n_updates            | 665          |
|    policy_gradient_loss | -0.00707     |
|    value_loss           | 0.0291       |
------------------------------------------
-----------------------------------------
| rollout/                |             |
|    ep_len_mean          | 213         |
|    ep_rew_mean          | 113         |
| time/                   |             |
|    fps                  | 258         |
|    iterations           | 135         |
|    time_elapsed         | 4284        |
|    total_timesteps      | 1105920     |
| train/                  |             |
|    approx_kl            | 0.006447465 |
|    clip_fraction        | 0.0465      |
|    clip_range           | 0.2         |
|    entropy_loss         | -1.22       |
|    explained_variance   | 0.976       |
|    learning_rate        | 0.0003      |
|    loss                 | -0.00701    |
|    n_updates            | 670         |
|    policy_gradient_loss | -0.005      |
|    value_loss           | 0.0302      |
-----------------------------------------
------------------------------------------
| rollout/                |              |
|    ep_len_mean          | 211          |
|    ep_rew_mean          | 114          |
| time/                   |              |
|    fps                  | 257          |
|    iterations           | 136          |
|    time_elapsed         | 4318         |
|    total_timesteps      | 1114112      |
| train/                  |              |
|    approx_kl            | 0.0062696226 |
|    clip_fraction        | 0.0413       |
|    clip_range           | 0.2          |
|    entropy_loss         | -1.2         |
|    explained_variance   | 0.974        |
|    learning_rate        | 0.0003       |
|    loss                 | -0.00183     |
|    n_updates            | 675          |
|    policy_gradient_loss | -0.00554     |
|    value_loss           | 0.0338       |
------------------------------------------
------------------------------------------
| rollout/                |              |
|    ep_len_mean          | 205          |
|    ep_rew_mean          | 112          |
| time/                   |              |
|    fps                  | 257          |
|    iterations           | 137          |
|    time_elapsed         | 4351         |
|    total_timesteps      | 1122304      |
| train/                  |              |
|    approx_kl            | 0.0065983487 |
|    clip_fraction        | 0.0549       |
|    clip_range           | 0.2          |
|    entropy_loss         | -1.17        |
|    explained_variance   | 0.975        |
|    learning_rate        | 0.0003       |
|    loss                 | -0.0137      |
|    n_updates            | 680          |
|    policy_gradient_loss | -0.00735     |
|    value_loss           | 0.0324       |
------------------------------------------
------------------------------------------
| rollout/                |              |
|    ep_len_mean          | 207          |
|    ep_rew_mean          | 111          |
| time/                   |              |
|    fps                  | 257          |
|    iterations           | 138          |
|    time_elapsed         | 4384         |
|    total_timesteps      | 1130496      |
| train/                  |              |
|    approx_kl            | 0.0052935006 |
|    clip_fraction        | 0.046        |
|    clip_range           | 0.2          |
|    entropy_loss         | -1.12        |
|    explained_variance   | 0.974        |
|    learning_rate        | 0.0003       |
|    loss                 | -0.000525    |
|    n_updates            | 685          |
|    policy_gradient_loss | -0.00563     |
|    value_loss           | 0.032        |
------------------------------------------
------------------------------------------
| rollout/                |              |
|    ep_len_mean          | 203          |
|    ep_rew_mean          | 109          |
| time/                   |              |
|    fps                  | 257          |
|    iterations           | 139          |
|    time_elapsed         | 4417         |
|    total_timesteps      | 1138688      |
| train/                  |              |
|    approx_kl            | 0.0057888967 |
|    clip_fraction        | 0.046        |
|    clip_range           | 0.2          |
|    entropy_loss         | -1.18        |
|    explained_variance   | 0.974        |
|    learning_rate        | 0.0003       |
|    loss                 | -0.0107      |
|    n_updates            | 690          |
|    policy_gradient_loss | -0.00664     |
|    value_loss           | 0.0307       |
------------------------------------------
-----------------------------------------
| rollout/                |             |
|    ep_len_mean          | 205         |
|    ep_rew_mean          | 110         |
| time/                   |             |
|    fps                  | 257         |
|    iterations           | 140         |
|    time_elapsed         | 4451        |
|    total_timesteps      | 1146880     |
| train/                  |             |
|    approx_kl            | 0.005906966 |
|    clip_fraction        | 0.0477      |
|    clip_range           | 0.2         |
|    entropy_loss         | -1.14       |
|    explained_variance   | 0.972       |
|    learning_rate        | 0.0003      |
|    loss                 | 0.00148     |
|    n_updates            | 695         |
|    policy_gradient_loss | -0.00508    |
|    value_loss           | 0.0302      |
-----------------------------------------
-----------------------------------------
| rollout/                |             |
|    ep_len_mean          | 205         |
|    ep_rew_mean          | 110         |
| time/                   |             |
|    fps                  | 257         |
|    iterations           | 141         |
|    time_elapsed         | 4485        |
|    total_timesteps      | 1155072     |
| train/                  |             |
|    approx_kl            | 0.005994825 |
|    clip_fraction        | 0.0561      |
|    clip_range           | 0.2         |
|    entropy_loss         | -1.17       |
|    explained_variance   | 0.974       |
|    learning_rate        | 0.0003      |
|    loss                 | -0.0138     |
|    n_updates            | 700         |
|    policy_gradient_loss | -0.00642    |
|    value_loss           | 0.028       |
-----------------------------------------
-----------------------------------------
| rollout/                |             |
|    ep_len_mean          | 206         |
|    ep_rew_mean          | 109         |
| time/                   |             |
|    fps                  | 257         |
|    iterations           | 142         |
|    time_elapsed         | 4518        |
|    total_timesteps      | 1163264     |
| train/                  |             |
|    approx_kl            | 0.004481748 |
|    clip_fraction        | 0.0433      |
|    clip_range           | 0.2         |
|    entropy_loss         | -1.14       |
|    explained_variance   | 0.968       |
|    learning_rate        | 0.0003      |
|    loss                 | -0.00657    |
|    n_updates            | 705         |
|    policy_gradient_loss | -0.00542    |
|    value_loss           | 0.0354      |
-----------------------------------------
------------------------------------------
| rollout/                |              |
|    ep_len_mean          | 208          |
|    ep_rew_mean          | 109          |
| time/                   |              |
|    fps                  | 257          |
|    iterations           | 143          |
|    time_elapsed         | 4551         |
|    total_timesteps      | 1171456      |
| train/                  |              |
|    approx_kl            | 0.0056076553 |
|    clip_fraction        | 0.0395       |
|    clip_range           | 0.2          |
|    entropy_loss         | -1.17        |
|    explained_variance   | 0.964        |
|    learning_rate        | 0.0003       |
|    loss                 | -0.00214     |
|    n_updates            | 710          |
|    policy_gradient_loss | -0.00512     |
|    value_loss           | 0.0356       |
------------------------------------------
------------------------------------------
| rollout/                |              |
|    ep_len_mean          | 213          |
|    ep_rew_mean          | 111          |
| time/                   |              |
|    fps                  | 257          |
|    iterations           | 144          |
|    time_elapsed         | 4584         |
|    total_timesteps      | 1179648      |
| train/                  |              |
|    approx_kl            | 0.0067047356 |
|    clip_fraction        | 0.043        |
|    clip_range           | 0.2          |
|    entropy_loss         | -1.21        |
|    explained_variance   | 0.965        |
|    learning_rate        | 0.0003       |
|    loss                 | -0.00124     |
|    n_updates            | 715          |
|    policy_gradient_loss | -0.00541     |
|    value_loss           | 0.0385       |
------------------------------------------
-----------------------------------------
| rollout/                |             |
|    ep_len_mean          | 210         |
|    ep_rew_mean          | 113         |
| time/                   |             |
|    fps                  | 257         |
|    iterations           | 145         |
|    time_elapsed         | 4617        |
|    total_timesteps      | 1187840     |
| train/                  |             |
|    approx_kl            | 0.006439521 |
|    clip_fraction        | 0.0392      |
|    clip_range           | 0.2         |
|    entropy_loss         | -1.15       |
|    explained_variance   | 0.974       |
|    learning_rate        | 0.0003      |
|    loss                 | -0.00479    |
|    n_updates            | 720         |
|    policy_gradient_loss | -0.00548    |
|    value_loss           | 0.03        |
-----------------------------------------
------------------------------------------
| rollout/                |              |
|    ep_len_mean          | 200          |
|    ep_rew_mean          | 115          |
| time/                   |              |
|    fps                  | 257          |
|    iterations           | 146          |
|    time_elapsed         | 4650         |
|    total_timesteps      | 1196032      |
| train/                  |              |
|    approx_kl            | 0.0053684446 |
|    clip_fraction        | 0.0413       |
|    clip_range           | 0.2          |
|    entropy_loss         | -1.1         |
|    explained_variance   | 0.964        |
|    learning_rate        | 0.0003       |
|    loss                 | -0.000244    |
|    n_updates            | 725          |
|    policy_gradient_loss | -0.00663     |
|    value_loss           | 0.0382       |
------------------------------------------
[Checkpoint] Saved at 1200000 steps > C:\Users\Admin\Desktop\disciple\realnewdisciples-main\Big_map\campaign_checkpoints\super-last-stand-capital-3m-20260912-222556\campaign_ppo_step_1200000.zip
Eval num_timesteps=1200000, det_reward=97.79 +/- 7.03
Episode length: det=148.75 +/- 42.42
Victory rate: det=0.00%
--------------------------------------------------
| eval/                           |              |
|    deterministic_mean_ep_length | 149          |
|    deterministic_mean_reward    | 97.8         |
|    deterministic_victory_rate   | 0            |
|    mean_ep_length               | 149          |
|    mean_reward                  | 97.8         |
|    victory_rate                 | 0            |
| time/                           |              |
|    total_timesteps              | 1200000      |
| train/                          |              |
|    approx_kl                    | 0.0055405716 |
|    clip_fraction                | 0.0384       |
|    clip_range                   | 0.2          |
|    entropy_loss                 | -1.07        |
|    explained_variance           | 0.976        |
|    learning_rate                | 0.0003       |
|    loss                         | -0.00885     |
|    n_updates                    | 730          |
|    policy_gradient_loss         | -0.00584     |
|    value_loss                   | 0.0297       |
--------------------------------------------------
---------------------------------
| rollout/           |          |
|    ep_len_mean     | 201      |
|    ep_rew_mean     | 114      |
| time/              |          |
|    fps             | 256      |
|    iterations      | 147      |
|    time_elapsed    | 4696     |
|    total_timesteps | 1204224  |
---------------------------------
-----------------------------------------
| rollout/                |             |
|    ep_len_mean          | 201         |
|    ep_rew_mean          | 112         |
| time/                   |             |
|    fps                  | 256         |
|    iterations           | 148         |
|    time_elapsed         | 4731        |
|    total_timesteps      | 1212416     |
| train/                  |             |
|    approx_kl            | 0.005770076 |
|    clip_fraction        | 0.037       |
|    clip_range           | 0.2         |
|    entropy_loss         | -1.1        |
|    explained_variance   | 0.973       |
|    learning_rate        | 0.0003      |
|    loss                 | -0.0123     |
|    n_updates            | 735         |
|    policy_gradient_loss | -0.00627    |
|    value_loss           | 0.0321      |
-----------------------------------------
------------------------------------------
| rollout/                |              |
|    ep_len_mean          | 205          |
|    ep_rew_mean          | 112          |
| time/                   |              |
|    fps                  | 256          |
|    iterations           | 149          |
|    time_elapsed         | 4764         |
|    total_timesteps      | 1220608      |
| train/                  |              |
|    approx_kl            | 0.0063905385 |
|    clip_fraction        | 0.0467       |
|    clip_range           | 0.2          |
|    entropy_loss         | -1.11        |
|    explained_variance   | 0.973        |
|    learning_rate        | 0.0003       |
|    loss                 | -0.00992     |
|    n_updates            | 740          |
|    policy_gradient_loss | -0.00636     |
|    value_loss           | 0.0322       |
------------------------------------------
------------------------------------------
| rollout/                |              |
|    ep_len_mean          | 213          |
|    ep_rew_mean          | 114          |
| time/                   |              |
|    fps                  | 256          |
|    iterations           | 150          |
|    time_elapsed         | 4797         |
|    total_timesteps      | 1228800      |
| train/                  |              |
|    approx_kl            | 0.0055133533 |
|    clip_fraction        | 0.043        |
|    clip_range           | 0.2          |
|    entropy_loss         | -1.13        |
|    explained_variance   | 0.977        |
|    learning_rate        | 0.0003       |
|    loss                 | -0.00833     |
|    n_updates            | 745          |
|    policy_gradient_loss | -0.00611     |
|    value_loss           | 0.0304       |
------------------------------------------
-----------------------------------------
| rollout/                |             |
|    ep_len_mean          | 213         |
|    ep_rew_mean          | 113         |
| time/                   |             |
|    fps                  | 256         |
|    iterations           | 151         |
|    time_elapsed         | 4830        |
|    total_timesteps      | 1236992     |
| train/                  |             |
|    approx_kl            | 0.006068349 |
|    clip_fraction        | 0.0434      |
|    clip_range           | 0.2         |
|    entropy_loss         | -1.12       |
|    explained_variance   | 0.978       |
|    learning_rate        | 0.0003      |
|    loss                 | -0.0144     |
|    n_updates            | 750         |
|    policy_gradient_loss | -0.00547    |
|    value_loss           | 0.0259      |
-----------------------------------------
------------------------------------------
| rollout/                |              |
|    ep_len_mean          | 211          |
|    ep_rew_mean          | 113          |
| time/                   |              |
|    fps                  | 256          |
|    iterations           | 152          |
|    time_elapsed         | 4863         |
|    total_timesteps      | 1245184      |
| train/                  |              |
|    approx_kl            | 0.0074865744 |
|    clip_fraction        | 0.0579       |
|    clip_range           | 0.2          |
|    entropy_loss         | -1.16        |
|    explained_variance   | 0.974        |
|    learning_rate        | 0.0003       |
|    loss                 | 0.000737     |
|    n_updates            | 755          |
|    policy_gradient_loss | -0.0062      |
|    value_loss           | 0.0313       |
------------------------------------------
------------------------------------------
| rollout/                |              |
|    ep_len_mean          | 207          |
|    ep_rew_mean          | 113          |
| time/                   |              |
|    fps                  | 255          |
|    iterations           | 153          |
|    time_elapsed         | 4899         |
|    total_timesteps      | 1253376      |
| train/                  |              |
|    approx_kl            | 0.0067559853 |
|    clip_fraction        | 0.0669       |
|    clip_range           | 0.2          |
|    entropy_loss         | -1.1         |
|    explained_variance   | 0.97         |
|    learning_rate        | 0.0003       |
|    loss                 | -0.00264     |
|    n_updates            | 760          |
|    policy_gradient_loss | -0.00652     |
|    value_loss           | 0.034        |
------------------------------------------
-----------------------------------------
| rollout/                |             |
|    ep_len_mean          | 209         |
|    ep_rew_mean          | 114         |
| time/                   |             |
|    fps                  | 255         |
|    iterations           | 154         |
|    time_elapsed         | 4932        |
|    total_timesteps      | 1261568     |
| train/                  |             |
|    approx_kl            | 0.006861915 |
|    clip_fraction        | 0.0564      |
|    clip_range           | 0.2         |
|    entropy_loss         | -1.14       |
|    explained_variance   | 0.975       |
|    learning_rate        | 0.0003      |
|    loss                 | -0.00157    |
|    n_updates            | 765         |
|    policy_gradient_loss | -0.00674    |
|    value_loss           | 0.0323      |
-----------------------------------------
------------------------------------------
| rollout/                |              |
|    ep_len_mean          | 209          |
|    ep_rew_mean          | 116          |
| time/                   |              |
|    fps                  | 255          |
|    iterations           | 155          |
|    time_elapsed         | 4965         |
|    total_timesteps      | 1269760      |
| train/                  |              |
|    approx_kl            | 0.0053666923 |
|    clip_fraction        | 0.047        |
|    clip_range           | 0.2          |
|    entropy_loss         | -1.07        |
|    explained_variance   | 0.974        |
|    learning_rate        | 0.0003       |
|    loss                 | -2.07e-05    |
|    n_updates            | 770          |
|    policy_gradient_loss | -0.00574     |
|    value_loss           | 0.0323       |
------------------------------------------
----------------------------------------
| rollout/                |            |
|    ep_len_mean          | 210        |
|    ep_rew_mean          | 117        |
| time/                   |            |
|    fps                  | 255        |
|    iterations           | 156        |
|    time_elapsed         | 4998       |
|    total_timesteps      | 1277952    |
| train/                  |            |
|    approx_kl            | 0.00778479 |
|    clip_fraction        | 0.0738     |
|    clip_range           | 0.2        |
|    entropy_loss         | -1.09      |
|    explained_variance   | 0.973      |
|    learning_rate        | 0.0003     |
|    loss                 | -0.00988   |
|    n_updates            | 775        |
|    policy_gradient_loss | -0.00716   |
|    value_loss           | 0.0319     |
----------------------------------------
-----------------------------------------
| rollout/                |             |
|    ep_len_mean          | 200         |
|    ep_rew_mean          | 114         |
| time/                   |             |
|    fps                  | 255         |
|    iterations           | 157         |
|    time_elapsed         | 5032        |
|    total_timesteps      | 1286144     |
| train/                  |             |
|    approx_kl            | 0.005220294 |
|    clip_fraction        | 0.0402      |
|    clip_range           | 0.2         |
|    entropy_loss         | -1.04       |
|    explained_variance   | 0.975       |
|    learning_rate        | 0.0003      |
|    loss                 | -0.00687    |
|    n_updates            | 780         |
|    policy_gradient_loss | -0.00478    |
|    value_loss           | 0.028       |
-----------------------------------------
----------------------------------------
| rollout/                |            |
|    ep_len_mean          | 195        |
|    ep_rew_mean          | 112        |
| time/                   |            |
|    fps                  | 255        |
|    iterations           | 158        |
|    time_elapsed         | 5064       |
|    total_timesteps      | 1294336    |
| train/                  |            |
|    approx_kl            | 0.00552763 |
|    clip_fraction        | 0.0415     |
|    clip_range           | 0.2        |
|    entropy_loss         | -1.06      |
|    explained_variance   | 0.967      |
|    learning_rate        | 0.0003     |
|    loss                 | -0.00334   |
|    n_updates            | 785        |
|    policy_gradient_loss | -0.0058    |
|    value_loss           | 0.0388     |
----------------------------------------
------------------------------------------
| rollout/                |              |
|    ep_len_mean          | 193          |
|    ep_rew_mean          | 111          |
| time/                   |              |
|    fps                  | 255          |
|    iterations           | 159          |
|    time_elapsed         | 5096         |
|    total_timesteps      | 1302528      |
| train/                  |              |
|    approx_kl            | 0.0050925994 |
|    clip_fraction        | 0.0412       |
|    clip_range           | 0.2          |
|    entropy_loss         | -1.04        |
|    explained_variance   | 0.973        |
|    learning_rate        | 0.0003       |
|    loss                 | -0.00858     |
|    n_updates            | 790          |
|    policy_gradient_loss | -0.00463     |
|    value_loss           | 0.0297       |
------------------------------------------
-----------------------------------------
| rollout/                |             |
|    ep_len_mean          | 192         |
|    ep_rew_mean          | 109         |
| time/                   |             |
|    fps                  | 255         |
|    iterations           | 160         |
|    time_elapsed         | 5127        |
|    total_timesteps      | 1310720     |
| train/                  |             |
|    approx_kl            | 0.005165183 |
|    clip_fraction        | 0.0448      |
|    clip_range           | 0.2         |
|    entropy_loss         | -1.06       |
|    explained_variance   | 0.971       |
|    learning_rate        | 0.0003      |
|    loss                 | -0.0121     |
|    n_updates            | 795         |
|    policy_gradient_loss | -0.0066     |
|    value_loss           | 0.0341      |
-----------------------------------------
------------------------------------------
| rollout/                |              |
|    ep_len_mean          | 194          |
|    ep_rew_mean          | 111          |
| time/                   |              |
|    fps                  | 255          |
|    iterations           | 161          |
|    time_elapsed         | 5159         |
|    total_timesteps      | 1318912      |
| train/                  |              |
|    approx_kl            | 0.0055336393 |
|    clip_fraction        | 0.0501       |
|    clip_range           | 0.2          |
|    entropy_loss         | -1.03        |
|    explained_variance   | 0.973        |
|    learning_rate        | 0.0003       |
|    loss                 | 0.00283      |
|    n_updates            | 800          |
|    policy_gradient_loss | -0.0062      |
|    value_loss           | 0.033        |
------------------------------------------
------------------------------------------
| rollout/                |              |
|    ep_len_mean          | 195          |
|    ep_rew_mean          | 112          |
| time/                   |              |
|    fps                  | 255          |
|    iterations           | 162          |
|    time_elapsed         | 5191         |
|    total_timesteps      | 1327104      |
| train/                  |              |
|    approx_kl            | 0.0044025783 |
|    clip_fraction        | 0.033        |
|    clip_range           | 0.2          |
|    entropy_loss         | -1.06        |
|    explained_variance   | 0.974        |
|    learning_rate        | 0.0003       |
|    loss                 | 0.00244      |
|    n_updates            | 805          |
|    policy_gradient_loss | -0.00463     |
|    value_loss           | 0.0318       |
------------------------------------------
-----------------------------------------
| rollout/                |             |
|    ep_len_mean          | 197         |
|    ep_rew_mean          | 112         |
| time/                   |             |
|    fps                  | 255         |
|    iterations           | 163         |
|    time_elapsed         | 5223        |
|    total_timesteps      | 1335296     |
| train/                  |             |
|    approx_kl            | 0.006311348 |
|    clip_fraction        | 0.0493      |
|    clip_range           | 0.2         |
|    entropy_loss         | -1.07       |
|    explained_variance   | 0.968       |
|    learning_rate        | 0.0003      |
|    loss                 | -0.00125    |
|    n_updates            | 810         |
|    policy_gradient_loss | -0.00592    |
|    value_loss           | 0.0381      |
-----------------------------------------
-----------------------------------------
| rollout/                |             |
|    ep_len_mean          | 197         |
|    ep_rew_mean          | 112         |
| time/                   |             |
|    fps                  | 255         |
|    iterations           | 164         |
|    time_elapsed         | 5254        |
|    total_timesteps      | 1343488     |
| train/                  |             |
|    approx_kl            | 0.004957157 |
|    clip_fraction        | 0.0333      |
|    clip_range           | 0.2         |
|    entropy_loss         | -1.05       |
|    explained_variance   | 0.971       |
|    learning_rate        | 0.0003      |
|    loss                 | -0.000652   |
|    n_updates            | 815         |
|    policy_gradient_loss | -0.0043     |
|    value_loss           | 0.0328      |
-----------------------------------------
-----------------------------------------
| rollout/                |             |
|    ep_len_mean          | 196         |
|    ep_rew_mean          | 115         |
| time/                   |             |
|    fps                  | 255         |
|    iterations           | 165         |
|    time_elapsed         | 5286        |
|    total_timesteps      | 1351680     |
| train/                  |             |
|    approx_kl            | 0.005657071 |
|    clip_fraction        | 0.0406      |
|    clip_range           | 0.2         |
|    entropy_loss         | -1.06       |
|    explained_variance   | 0.963       |
|    learning_rate        | 0.0003      |
|    loss                 | -0.00432    |
|    n_updates            | 820         |
|    policy_gradient_loss | -0.006      |
|    value_loss           | 0.0453      |
-----------------------------------------
------------------------------------------
| rollout/                |              |
|    ep_len_mean          | 200          |
|    ep_rew_mean          | 115          |
| time/                   |              |
|    fps                  | 255          |
|    iterations           | 166          |
|    time_elapsed         | 5318         |
|    total_timesteps      | 1359872      |
| train/                  |              |
|    approx_kl            | 0.0050682165 |
|    clip_fraction        | 0.0397       |
|    clip_range           | 0.2          |
|    entropy_loss         | -1.05        |
|    explained_variance   | 0.969        |
|    learning_rate        | 0.0003       |
|    loss                 | -0.00153     |
|    n_updates            | 825          |
|    policy_gradient_loss | -0.00568     |
|    value_loss           | 0.037        |
------------------------------------------
------------------------------------------
| rollout/                |              |
|    ep_len_mean          | 205          |
|    ep_rew_mean          | 116          |
| time/                   |              |
|    fps                  | 255          |
|    iterations           | 167          |
|    time_elapsed         | 5349         |
|    total_timesteps      | 1368064      |
| train/                  |              |
|    approx_kl            | 0.0053750463 |
|    clip_fraction        | 0.0443       |
|    clip_range           | 0.2          |
|    entropy_loss         | -1.07        |
|    explained_variance   | 0.966        |
|    learning_rate        | 0.0003       |
|    loss                 | -0.00655     |
|    n_updates            | 830          |
|    policy_gradient_loss | -0.00616     |
|    value_loss           | 0.0358       |
------------------------------------------
------------------------------------------
| rollout/                |              |
|    ep_len_mean          | 215          |
|    ep_rew_mean          | 116          |
| time/                   |              |
|    fps                  | 255          |
|    iterations           | 168          |
|    time_elapsed         | 5379         |
|    total_timesteps      | 1376256      |
| train/                  |              |
|    approx_kl            | 0.0057924474 |
|    clip_fraction        | 0.0444       |
|    clip_range           | 0.2          |
|    entropy_loss         | -1.09        |
|    explained_variance   | 0.974        |
|    learning_rate        | 0.0003       |
|    loss                 | -0.00382     |
|    n_updates            | 835          |
|    policy_gradient_loss | -0.00627     |
|    value_loss           | 0.0314       |
------------------------------------------
------------------------------------------
| rollout/                |              |
|    ep_len_mean          | 210          |
|    ep_rew_mean          | 116          |
| time/                   |              |
|    fps                  | 255          |
|    iterations           | 169          |
|    time_elapsed         | 5410         |
|    total_timesteps      | 1384448      |
| train/                  |              |
|    approx_kl            | 0.0053142156 |
|    clip_fraction        | 0.0396       |
|    clip_range           | 0.2          |
|    entropy_loss         | -1.08        |
|    explained_variance   | 0.972        |
|    learning_rate        | 0.0003       |
|    loss                 | -0.0079      |
|    n_updates            | 840          |
|    policy_gradient_loss | -0.00583     |
|    value_loss           | 0.0309       |
------------------------------------------
------------------------------------------
| rollout/                |              |
|    ep_len_mean          | 209          |
|    ep_rew_mean          | 116          |
| time/                   |              |
|    fps                  | 255          |
|    iterations           | 170          |
|    time_elapsed         | 5440         |
|    total_timesteps      | 1392640      |
| train/                  |              |
|    approx_kl            | 0.0058869054 |
|    clip_fraction        | 0.0482       |
|    clip_range           | 0.2          |
|    entropy_loss         | -1.07        |
|    explained_variance   | 0.967        |
|    learning_rate        | 0.0003       |
|    loss                 | -0.00257     |
|    n_updates            | 845          |
|    policy_gradient_loss | -0.00689     |
|    value_loss           | 0.0374       |
------------------------------------------
------------------------------------------
| rollout/                |              |
|    ep_len_mean          | 203          |
|    ep_rew_mean          | 115          |
| time/                   |              |
|    fps                  | 256          |
|    iterations           | 171          |
|    time_elapsed         | 5471         |
|    total_timesteps      | 1400832      |
| train/                  |              |
|    approx_kl            | 0.0048655444 |
|    clip_fraction        | 0.054        |
|    clip_range           | 0.2          |
|    entropy_loss         | -1.08        |
|    explained_variance   | 0.972        |
|    learning_rate        | 0.0003       |
|    loss                 | -0.0123      |
|    n_updates            | 850          |
|    policy_gradient_loss | -0.00651     |
|    value_loss           | 0.0312       |
------------------------------------------
------------------------------------------
| rollout/                |              |
|    ep_len_mean          | 200          |
|    ep_rew_mean          | 115          |
| time/                   |              |
|    fps                  | 256          |
|    iterations           | 172          |
|    time_elapsed         | 5502         |
|    total_timesteps      | 1409024      |
| train/                  |              |
|    approx_kl            | 0.0048242733 |
|    clip_fraction        | 0.0347       |
|    clip_range           | 0.2          |
|    entropy_loss         | -1.02        |
|    explained_variance   | 0.973        |
|    learning_rate        | 0.0003       |
|    loss                 | -0.00984     |
|    n_updates            | 855          |
|    policy_gradient_loss | -0.00561     |
|    value_loss           | 0.0309       |
------------------------------------------
-----------------------------------------
| rollout/                |             |
|    ep_len_mean          | 197         |
|    ep_rew_mean          | 116         |
| time/                   |             |
|    fps                  | 256         |
|    iterations           | 173         |
|    time_elapsed         | 5532        |
|    total_timesteps      | 1417216     |
| train/                  |             |
|    approx_kl            | 0.006454096 |
|    clip_fraction        | 0.0556      |
|    clip_range           | 0.2         |
|    entropy_loss         | -1.04       |
|    explained_variance   | 0.969       |
|    learning_rate        | 0.0003      |
|    loss                 | -0.00419    |
|    n_updates            | 860         |
|    policy_gradient_loss | -0.00571    |
|    value_loss           | 0.0362      |
-----------------------------------------
------------------------------------------
| rollout/                |              |
|    ep_len_mean          | 196          |
|    ep_rew_mean          | 115          |
| time/                   |              |
|    fps                  | 256          |
|    iterations           | 174          |
|    time_elapsed         | 5563         |
|    total_timesteps      | 1425408      |
| train/                  |              |
|    approx_kl            | 0.0058133295 |
|    clip_fraction        | 0.0456       |
|    clip_range           | 0.2          |
|    entropy_loss         | -1.02        |
|    explained_variance   | 0.973        |
|    learning_rate        | 0.0003       |
|    loss                 | -0.00442     |
|    n_updates            | 865          |
|    policy_gradient_loss | -0.00653     |
|    value_loss           | 0.031        |
------------------------------------------
-----------------------------------------
| rollout/                |             |
|    ep_len_mean          | 199         |
|    ep_rew_mean          | 119         |
| time/                   |             |
|    fps                  | 256         |
|    iterations           | 175         |
|    time_elapsed         | 5594        |
|    total_timesteps      | 1433600     |
| train/                  |             |
|    approx_kl            | 0.005729286 |
|    clip_fraction        | 0.0399      |
|    clip_range           | 0.2         |
|    entropy_loss         | -1.02       |
|    explained_variance   | 0.973       |
|    learning_rate        | 0.0003      |
|    loss                 | -0.0011     |
|    n_updates            | 870         |
|    policy_gradient_loss | -0.00543    |
|    value_loss           | 0.0316      |
-----------------------------------------
------------------------------------------
| rollout/                |              |
|    ep_len_mean          | 198          |
|    ep_rew_mean          | 118          |
| time/                   |              |
|    fps                  | 256          |
|    iterations           | 176          |
|    time_elapsed         | 5625         |
|    total_timesteps      | 1441792      |
| train/                  |              |
|    approx_kl            | 0.0071327947 |
|    clip_fraction        | 0.0538       |
|    clip_range           | 0.2          |
|    entropy_loss         | -0.997       |
|    explained_variance   | 0.971        |
|    learning_rate        | 0.0003       |
|    loss                 | -0.00706     |
|    n_updates            | 875          |
|    policy_gradient_loss | -0.00639     |
|    value_loss           | 0.0293       |
------------------------------------------
-----------------------------------------
| rollout/                |             |
|    ep_len_mean          | 203         |
|    ep_rew_mean          | 117         |
| time/                   |             |
|    fps                  | 256         |
|    iterations           | 177         |
|    time_elapsed         | 5656        |
|    total_timesteps      | 1449984     |
| train/                  |             |
|    approx_kl            | 0.006511387 |
|    clip_fraction        | 0.0538      |
|    clip_range           | 0.2         |
|    entropy_loss         | -1.04       |
|    explained_variance   | 0.964       |
|    learning_rate        | 0.0003      |
|    loss                 | -0.0177     |
|    n_updates            | 880         |
|    policy_gradient_loss | -0.00721    |
|    value_loss           | 0.039       |
-----------------------------------------
-----------------------------------------
| rollout/                |             |
|    ep_len_mean          | 201         |
|    ep_rew_mean          | 118         |
| time/                   |             |
|    fps                  | 256         |
|    iterations           | 178         |
|    time_elapsed         | 5686        |
|    total_timesteps      | 1458176     |
| train/                  |             |
|    approx_kl            | 0.005797722 |
|    clip_fraction        | 0.0457      |
|    clip_range           | 0.2         |
|    entropy_loss         | -1.07       |
|    explained_variance   | 0.973       |
|    learning_rate        | 0.0003      |
|    loss                 | -0.00779    |
|    n_updates            | 885         |
|    policy_gradient_loss | -0.00542    |
|    value_loss           | 0.0323      |
-----------------------------------------
------------------------------------------
| rollout/                |              |
|    ep_len_mean          | 197          |
|    ep_rew_mean          | 119          |
| time/                   |              |
|    fps                  | 256          |
|    iterations           | 179          |
|    time_elapsed         | 5717         |
|    total_timesteps      | 1466368      |
| train/                  |              |
|    approx_kl            | 0.0062397746 |
|    clip_fraction        | 0.0523       |
|    clip_range           | 0.2          |
|    entropy_loss         | -1.01        |
|    explained_variance   | 0.975        |
|    learning_rate        | 0.0003       |
|    loss                 | -6.11e-05    |
|    n_updates            | 890          |
|    policy_gradient_loss | -0.00763     |
|    value_loss           | 0.0304       |
------------------------------------------
-----------------------------------------
| rollout/                |             |
|    ep_len_mean          | 192         |
|    ep_rew_mean          | 118         |
| time/                   |             |
|    fps                  | 256         |
|    iterations           | 180         |
|    time_elapsed         | 5748        |
|    total_timesteps      | 1474560     |
| train/                  |             |
|    approx_kl            | 0.005592254 |
|    clip_fraction        | 0.0459      |
|    clip_range           | 0.2         |
|    entropy_loss         | -0.991      |
|    explained_variance   | 0.974       |
|    learning_rate        | 0.0003      |
|    loss                 | -0.00281    |
|    n_updates            | 895         |
|    policy_gradient_loss | -0.00543    |
|    value_loss           | 0.0307      |
-----------------------------------------
------------------------------------------
| rollout/                |              |
|    ep_len_mean          | 198          |
|    ep_rew_mean          | 119          |
| time/                   |              |
|    fps                  | 256          |
|    iterations           | 181          |
|    time_elapsed         | 5778         |
|    total_timesteps      | 1482752      |
| train/                  |              |
|    approx_kl            | 0.0053315395 |
|    clip_fraction        | 0.0493       |
|    clip_range           | 0.2          |
|    entropy_loss         | -0.979       |
|    explained_variance   | 0.968        |
|    learning_rate        | 0.0003       |
|    loss                 | -0.00752     |
|    n_updates            | 900          |
|    policy_gradient_loss | -0.00611     |
|    value_loss           | 0.0365       |
------------------------------------------
-----------------------------------------
| rollout/                |             |
|    ep_len_mean          | 206         |
|    ep_rew_mean          | 122         |
| time/                   |             |
|    fps                  | 256         |
|    iterations           | 182         |
|    time_elapsed         | 5809        |
|    total_timesteps      | 1490944     |
| train/                  |             |
|    approx_kl            | 0.006377249 |
|    clip_fraction        | 0.0402      |
|    clip_range           | 0.2         |
|    entropy_loss         | -1.01       |
|    explained_variance   | 0.978       |
|    learning_rate        | 0.0003      |
|    loss                 | -0.00508    |
|    n_updates            | 905         |
|    policy_gradient_loss | -0.0062     |
|    value_loss           | 0.0277      |
-----------------------------------------
-----------------------------------------
| rollout/                |             |
|    ep_len_mean          | 212         |
|    ep_rew_mean          | 123         |
| time/                   |             |
|    fps                  | 256         |
|    iterations           | 183         |
|    time_elapsed         | 5838        |
|    total_timesteps      | 1499136     |
| train/                  |             |
|    approx_kl            | 0.005550755 |
|    clip_fraction        | 0.0479      |
|    clip_range           | 0.2         |
|    entropy_loss         | -1.04       |
|    explained_variance   | 0.98        |
|    learning_rate        | 0.0003      |
|    loss                 | -0.00719    |
|    n_updates            | 910         |
|    policy_gradient_loss | -0.00604    |
|    value_loss           | 0.0231      |
-----------------------------------------
[Checkpoint] Saved at 1500000 steps > C:\Users\Admin\Desktop\disciple\realnewdisciples-main\Big_map\campaign_checkpoints\super-last-stand-capital-3m-20260912-222556\campaign_ppo_step_1500000.zip
Eval num_timesteps=1500000, det_reward=133.60 +/- 9.26
Episode length: det=239.10 +/- 38.39
Victory rate: det=0.00%
-------------------------------------------------
| eval/                           |             |
|    deterministic_mean_ep_length | 239         |
|    deterministic_mean_reward    | 134         |
|    deterministic_victory_rate   | 0           |
|    mean_ep_length               | 239         |
|    mean_reward                  | 134         |
|    victory_rate                 | 0           |
| time/                           |             |
|    total_timesteps              | 1500000     |
| train/                          |             |
|    approx_kl                    | 0.006021347 |
|    clip_fraction                | 0.0413      |
|    clip_range                   | 0.2         |
|    entropy_loss                 | -1.01       |
|    explained_variance           | 0.978       |
|    learning_rate                | 0.0003      |
|    loss                         | -0.0125     |
|    n_updates                    | 915         |
|    policy_gradient_loss         | -0.00655    |
|    value_loss                   | 0.0255      |
-------------------------------------------------
New best model by deterministic victory rate!
---------------------------------
| rollout/           |          |
|    ep_len_mean     | 207      |
|    ep_rew_mean     | 122      |
| time/              |          |
|    fps             | 255      |
|    iterations      | 184      |
|    time_elapsed    | 5888     |
|    total_timesteps | 1507328  |
---------------------------------
-----------------------------------------
| rollout/                |             |
|    ep_len_mean          | 212         |
|    ep_rew_mean          | 122         |
| time/                   |             |
|    fps                  | 256         |
|    iterations           | 185         |
|    time_elapsed         | 5918        |
|    total_timesteps      | 1515520     |
| train/                  |             |
|    approx_kl            | 0.008063249 |
|    clip_fraction        | 0.0524      |
|    clip_range           | 0.2         |
|    entropy_loss         | -1.01       |
|    explained_variance   | 0.972       |
|    learning_rate        | 0.0003      |
|    loss                 | 0.00743     |
|    n_updates            | 920         |
|    policy_gradient_loss | -0.0031     |
|    value_loss           | 0.0313      |
-----------------------------------------
------------------------------------------
| rollout/                |              |
|    ep_len_mean          | 206          |
|    ep_rew_mean          | 120          |
| time/                   |              |
|    fps                  | 256          |
|    iterations           | 186          |
|    time_elapsed         | 5949         |
|    total_timesteps      | 1523712      |
| train/                  |              |
|    approx_kl            | 0.0049821245 |
|    clip_fraction        | 0.0359       |
|    clip_range           | 0.2          |
|    entropy_loss         | -1.03        |
|    explained_variance   | 0.975        |
|    learning_rate        | 0.0003       |
|    loss                 | -0.00575     |
|    n_updates            | 925          |
|    policy_gradient_loss | -0.00549     |
|    value_loss           | 0.0271       |
------------------------------------------
-----------------------------------------
| rollout/                |             |
|    ep_len_mean          | 204         |
|    ep_rew_mean          | 120         |
| time/                   |             |
|    fps                  | 256         |
|    iterations           | 187         |
|    time_elapsed         | 5979        |
|    total_timesteps      | 1531904     |
| train/                  |             |
|    approx_kl            | 0.005738861 |
|    clip_fraction        | 0.0496      |
|    clip_range           | 0.2         |
|    entropy_loss         | -0.981      |
|    explained_variance   | 0.974       |
|    learning_rate        | 0.0003      |
|    loss                 | -0.0021     |
|    n_updates            | 930         |
|    policy_gradient_loss | -0.00669    |
|    value_loss           | 0.0314      |
-----------------------------------------
-----------------------------------------
| rollout/                |             |
|    ep_len_mean          | 204         |
|    ep_rew_mean          | 120         |
| time/                   |             |
|    fps                  | 256         |
|    iterations           | 188         |
|    time_elapsed         | 6010        |
|    total_timesteps      | 1540096     |
| train/                  |             |
|    approx_kl            | 0.006414968 |
|    clip_fraction        | 0.0522      |
|    clip_range           | 0.2         |
|    entropy_loss         | -1.02       |
|    explained_variance   | 0.974       |
|    learning_rate        | 0.0003      |
|    loss                 | -0.0142     |
|    n_updates            | 935         |
|    policy_gradient_loss | -0.00597    |
|    value_loss           | 0.0285      |
-----------------------------------------
-----------------------------------------
| rollout/                |             |
|    ep_len_mean          | 208         |
|    ep_rew_mean          | 120         |
| time/                   |             |
|    fps                  | 256         |
|    iterations           | 189         |
|    time_elapsed         | 6042        |
|    total_timesteps      | 1548288     |
| train/                  |             |
|    approx_kl            | 0.005234631 |
|    clip_fraction        | 0.0371      |
|    clip_range           | 0.2         |
|    entropy_loss         | -1.02       |
|    explained_variance   | 0.979       |
|    learning_rate        | 0.0003      |
|    loss                 | -0.00176    |
|    n_updates            | 940         |
|    policy_gradient_loss | -0.00479    |
|    value_loss           | 0.0267      |
-----------------------------------------
-----------------------------------------
| rollout/                |             |
|    ep_len_mean          | 214         |
|    ep_rew_mean          | 125         |
| time/                   |             |
|    fps                  | 256         |
|    iterations           | 190         |
|    time_elapsed         | 6073        |
|    total_timesteps      | 1556480     |
| train/                  |             |
|    approx_kl            | 0.005908588 |
|    clip_fraction        | 0.046       |
|    clip_range           | 0.2         |
|    entropy_loss         | -1.04       |
|    explained_variance   | 0.981       |
|    learning_rate        | 0.0003      |
|    loss                 | -0.0106     |
|    n_updates            | 945         |
|    policy_gradient_loss | -0.00612    |
|    value_loss           | 0.0243      |
-----------------------------------------
------------------------------------------
| rollout/                |              |
|    ep_len_mean          | 209          |
|    ep_rew_mean          | 123          |
| time/                   |              |
|    fps                  | 256          |
|    iterations           | 191          |
|    time_elapsed         | 6105         |
|    total_timesteps      | 1564672      |
| train/                  |              |
|    approx_kl            | 0.0064067086 |
|    clip_fraction        | 0.0462       |
|    clip_range           | 0.2          |
|    entropy_loss         | -0.969       |
|    explained_variance   | 0.98         |
|    learning_rate        | 0.0003       |
|    loss                 | -0.0114      |
|    n_updates            | 950          |
|    policy_gradient_loss | -0.0061      |
|    value_loss           | 0.0231       |
------------------------------------------
-----------------------------------------
| rollout/                |             |
|    ep_len_mean          | 202         |
|    ep_rew_mean          | 122         |
| time/                   |             |
|    fps                  | 256         |
|    iterations           | 192         |
|    time_elapsed         | 6136        |
|    total_timesteps      | 1572864     |
| train/                  |             |
|    approx_kl            | 0.005507825 |
|    clip_fraction        | 0.0497      |
|    clip_range           | 0.2         |
|    entropy_loss         | -0.977      |
|    explained_variance   | 0.98        |
|    learning_rate        | 0.0003      |
|    loss                 | -0.00997    |
|    n_updates            | 955         |
|    policy_gradient_loss | -0.00631    |
|    value_loss           | 0.0257      |
-----------------------------------------
------------------------------------------
| rollout/                |              |
|    ep_len_mean          | 196          |
|    ep_rew_mean          | 122          |
| time/                   |              |
|    fps                  | 256          |
|    iterations           | 193          |
|    time_elapsed         | 6167         |
|    total_timesteps      | 1581056      |
| train/                  |              |
|    approx_kl            | 0.0061374865 |
|    clip_fraction        | 0.0515       |
|    clip_range           | 0.2          |
|    entropy_loss         | -0.955       |
|    explained_variance   | 0.982        |
|    learning_rate        | 0.0003       |
|    loss                 | -0.0213      |
|    n_updates            | 960          |
|    policy_gradient_loss | -0.00724     |
|    value_loss           | 0.0213       |
------------------------------------------
-----------------------------------------
| rollout/                |             |
|    ep_len_mean          | 197         |
|    ep_rew_mean          | 119         |
| time/                   |             |
|    fps                  | 256         |
|    iterations           | 194         |
|    time_elapsed         | 6197        |
|    total_timesteps      | 1589248     |
| train/                  |             |
|    approx_kl            | 0.005279853 |
|    clip_fraction        | 0.0417      |
|    clip_range           | 0.2         |
|    entropy_loss         | -0.985      |
|    explained_variance   | 0.98        |
|    learning_rate        | 0.0003      |
|    loss                 | -0.00728    |
|    n_updates            | 965         |
|    policy_gradient_loss | -0.00606    |
|    value_loss           | 0.0278      |
-----------------------------------------
-----------------------------------------
| rollout/                |             |
|    ep_len_mean          | 197         |
|    ep_rew_mean          | 119         |
| time/                   |             |
|    fps                  | 256         |
|    iterations           | 195         |
|    time_elapsed         | 6228        |
|    total_timesteps      | 1597440     |
| train/                  |             |
|    approx_kl            | 0.005210091 |
|    clip_fraction        | 0.0377      |
|    clip_range           | 0.2         |
|    entropy_loss         | -0.993      |
|    explained_variance   | 0.979       |
|    learning_rate        | 0.0003      |
|    loss                 | -0.013      |
|    n_updates            | 970         |
|    policy_gradient_loss | -0.00764    |
|    value_loss           | 0.0279      |
-----------------------------------------
-----------------------------------------
| rollout/                |             |
|    ep_len_mean          | 194         |
|    ep_rew_mean          | 119         |
| time/                   |             |
|    fps                  | 256         |
|    iterations           | 196         |
|    time_elapsed         | 6258        |
|    total_timesteps      | 1605632     |
| train/                  |             |
|    approx_kl            | 0.005057421 |
|    clip_fraction        | 0.0378      |
|    clip_range           | 0.2         |
|    entropy_loss         | -0.945      |
|    explained_variance   | 0.977       |
|    learning_rate        | 0.0003      |
|    loss                 | -0.00829    |
|    n_updates            | 975         |
|    policy_gradient_loss | -0.00592    |
|    value_loss           | 0.0257      |
-----------------------------------------
-----------------------------------------
| rollout/                |             |
|    ep_len_mean          | 194         |
|    ep_rew_mean          | 121         |
| time/                   |             |
|    fps                  | 256         |
|    iterations           | 197         |
|    time_elapsed         | 6289        |
|    total_timesteps      | 1613824     |
| train/                  |             |
|    approx_kl            | 0.004162308 |
|    clip_fraction        | 0.0362      |
|    clip_range           | 0.2         |
|    entropy_loss         | -0.935      |
|    explained_variance   | 0.981       |
|    learning_rate        | 0.0003      |
|    loss                 | -0.00837    |
|    n_updates            | 980         |
|    policy_gradient_loss | -0.00521    |
|    value_loss           | 0.0229      |
-----------------------------------------
------------------------------------------
| rollout/                |              |
|    ep_len_mean          | 197          |
|    ep_rew_mean          | 124          |
| time/                   |              |
|    fps                  | 256          |
|    iterations           | 198          |
|    time_elapsed         | 6319         |
|    total_timesteps      | 1622016      |
| train/                  |              |
|    approx_kl            | 0.0053489953 |
|    clip_fraction        | 0.0501       |
|    clip_range           | 0.2          |
|    entropy_loss         | -0.938       |
|    explained_variance   | 0.978        |
|    learning_rate        | 0.0003       |
|    loss                 | -0.0106      |
|    n_updates            | 985          |
|    policy_gradient_loss | -0.00644     |
|    value_loss           | 0.025        |
------------------------------------------
-----------------------------------------
| rollout/                |             |
|    ep_len_mean          | 201         |
|    ep_rew_mean          | 123         |
| time/                   |             |
|    fps                  | 256         |
|    iterations           | 199         |
|    time_elapsed         | 6349        |
|    total_timesteps      | 1630208     |
| train/                  |             |
|    approx_kl            | 0.005971268 |
|    clip_fraction        | 0.0526      |
|    clip_range           | 0.2         |
|    entropy_loss         | -0.939      |
|    explained_variance   | 0.983       |
|    learning_rate        | 0.0003      |
|    loss                 | -0.00727    |
|    n_updates            | 990         |
|    policy_gradient_loss | -0.00658    |
|    value_loss           | 0.0198      |
-----------------------------------------
-----------------------------------------
| rollout/                |             |
|    ep_len_mean          | 193         |
|    ep_rew_mean          | 122         |
| time/                   |             |
|    fps                  | 256         |
|    iterations           | 200         |
|    time_elapsed         | 6379        |
|    total_timesteps      | 1638400     |
| train/                  |             |
|    approx_kl            | 0.005576933 |
|    clip_fraction        | 0.0476      |
|    clip_range           | 0.2         |
|    entropy_loss         | -0.923      |
|    explained_variance   | 0.979       |
|    learning_rate        | 0.0003      |
|    loss                 | -0.0107     |
|    n_updates            | 995         |
|    policy_gradient_loss | -0.00649    |
|    value_loss           | 0.0264      |
-----------------------------------------
-----------------------------------------
| rollout/                |             |
|    ep_len_mean          | 194         |
|    ep_rew_mean          | 123         |
| time/                   |             |
|    fps                  | 256         |
|    iterations           | 201         |
|    time_elapsed         | 6409        |
|    total_timesteps      | 1646592     |
| train/                  |             |
|    approx_kl            | 0.004945806 |
|    clip_fraction        | 0.0418      |
|    clip_range           | 0.2         |
|    entropy_loss         | -0.916      |
|    explained_variance   | 0.98        |
|    learning_rate        | 0.0003      |
|    loss                 | -0.00567    |
|    n_updates            | 1000        |
|    policy_gradient_loss | -0.00606    |
|    value_loss           | 0.0255      |
-----------------------------------------
-----------------------------------------
| rollout/                |             |
|    ep_len_mean          | 198         |
|    ep_rew_mean          | 126         |
| time/                   |             |
|    fps                  | 256         |
|    iterations           | 202         |
|    time_elapsed         | 6440        |
|    total_timesteps      | 1654784     |
| train/                  |             |
|    approx_kl            | 0.005696164 |
|    clip_fraction        | 0.0501      |
|    clip_range           | 0.2         |
|    entropy_loss         | -0.915      |
|    explained_variance   | 0.985       |
|    learning_rate        | 0.0003      |
|    loss                 | -0.00652    |
|    n_updates            | 1005        |
|    policy_gradient_loss | -0.00527    |
|    value_loss           | 0.0199      |
-----------------------------------------
------------------------------------------
| rollout/                |              |
|    ep_len_mean          | 200          |
|    ep_rew_mean          | 126          |
| time/                   |              |
|    fps                  | 257          |
|    iterations           | 203          |
|    time_elapsed         | 6470         |
|    total_timesteps      | 1662976      |
| train/                  |              |
|    approx_kl            | 0.0060243905 |
|    clip_fraction        | 0.0478       |
|    clip_range           | 0.2          |
|    entropy_loss         | -0.925       |
|    explained_variance   | 0.985        |
|    learning_rate        | 0.0003       |
|    loss                 | -0.0141      |
|    n_updates            | 1010         |
|    policy_gradient_loss | -0.00646     |
|    value_loss           | 0.0203       |
------------------------------------------
------------------------------------------
| rollout/                |              |
|    ep_len_mean          | 194          |
|    ep_rew_mean          | 125          |
| time/                   |              |
|    fps                  | 257          |
|    iterations           | 204          |
|    time_elapsed         | 6500         |
|    total_timesteps      | 1671168      |
| train/                  |              |
|    approx_kl            | 0.0057330662 |
|    clip_fraction        | 0.0548       |
|    clip_range           | 0.2          |
|    entropy_loss         | -0.949       |
|    explained_variance   | 0.984        |
|    learning_rate        | 0.0003       |
|    loss                 | -0.00788     |
|    n_updates            | 1015         |
|    policy_gradient_loss | -0.00694     |
|    value_loss           | 0.0213       |
------------------------------------------
----------------------------------------
| rollout/                |            |
|    ep_len_mean          | 200        |
|    ep_rew_mean          | 125        |
| time/                   |            |
|    fps                  | 257        |
|    iterations           | 205        |
|    time_elapsed         | 6530       |
|    total_timesteps      | 1679360    |
| train/                  |            |
|    approx_kl            | 0.00479364 |
|    clip_fraction        | 0.0445     |
|    clip_range           | 0.2        |
|    entropy_loss         | -0.88      |
|    explained_variance   | 0.985      |
|    learning_rate        | 0.0003     |
|    loss                 | 7.16e-05   |
|    n_updates            | 1020       |
|    policy_gradient_loss | -0.00522   |
|    value_loss           | 0.0201     |
----------------------------------------
------------------------------------------
| rollout/                |              |
|    ep_len_mean          | 199          |
|    ep_rew_mean          | 124          |
| time/                   |              |
|    fps                  | 257          |
|    iterations           | 206          |
|    time_elapsed         | 6560         |
|    total_timesteps      | 1687552      |
| train/                  |              |
|    approx_kl            | 0.0062846784 |
|    clip_fraction        | 0.0606       |
|    clip_range           | 0.2          |
|    entropy_loss         | -0.978       |
|    explained_variance   | 0.984        |
|    learning_rate        | 0.0003       |
|    loss                 | -0.0153      |
|    n_updates            | 1025         |
|    policy_gradient_loss | -0.00708     |
|    value_loss           | 0.0203       |
------------------------------------------
-----------------------------------------
| rollout/                |             |
|    ep_len_mean          | 197         |
|    ep_rew_mean          | 122         |
| time/                   |             |
|    fps                  | 257         |
|    iterations           | 207         |
|    time_elapsed         | 6591        |
|    total_timesteps      | 1695744     |
| train/                  |             |
|    approx_kl            | 0.004747349 |
|    clip_fraction        | 0.0374      |
|    clip_range           | 0.2         |
|    entropy_loss         | -0.934      |
|    explained_variance   | 0.985       |
|    learning_rate        | 0.0003      |
|    loss                 | -0.0124     |
|    n_updates            | 1030        |
|    policy_gradient_loss | -0.00618    |
|    value_loss           | 0.0211      |
-----------------------------------------
-----------------------------------------
| rollout/                |             |
|    ep_len_mean          | 195         |
|    ep_rew_mean          | 123         |
| time/                   |             |
|    fps                  | 257         |
|    iterations           | 208         |
|    time_elapsed         | 6621        |
|    total_timesteps      | 1703936     |
| train/                  |             |
|    approx_kl            | 0.005820266 |
|    clip_fraction        | 0.0571      |
|    clip_range           | 0.2         |
|    entropy_loss         | -0.96       |
|    explained_variance   | 0.982       |
|    learning_rate        | 0.0003      |
|    loss                 | -0.00707    |
|    n_updates            | 1035        |
|    policy_gradient_loss | -0.00676    |
|    value_loss           | 0.0238      |
-----------------------------------------
-----------------------------------------
| rollout/                |             |
|    ep_len_mean          | 199         |
|    ep_rew_mean          | 125         |
| time/                   |             |
|    fps                  | 257         |
|    iterations           | 209         |
|    time_elapsed         | 6651        |
|    total_timesteps      | 1712128     |
| train/                  |             |
|    approx_kl            | 0.005388772 |
|    clip_fraction        | 0.0475      |
|    clip_range           | 0.2         |
|    entropy_loss         | -0.912      |
|    explained_variance   | 0.985       |
|    learning_rate        | 0.0003      |
|    loss                 | -0.0151     |
|    n_updates            | 1040        |
|    policy_gradient_loss | -0.00611    |
|    value_loss           | 0.02        |
-----------------------------------------
-----------------------------------------
| rollout/                |             |
|    ep_len_mean          | 198         |
|    ep_rew_mean          | 124         |
| time/                   |             |
|    fps                  | 257         |
|    iterations           | 210         |
|    time_elapsed         | 6681        |
|    total_timesteps      | 1720320     |
| train/                  |             |
|    approx_kl            | 0.006017361 |
|    clip_fraction        | 0.0602      |
|    clip_range           | 0.2         |
|    entropy_loss         | -0.911      |
|    explained_variance   | 0.984       |
|    learning_rate        | 0.0003      |
|    loss                 | -0.0132     |
|    n_updates            | 1045        |
|    policy_gradient_loss | -0.00585    |
|    value_loss           | 0.0206      |
-----------------------------------------
------------------------------------------
| rollout/                |              |
|    ep_len_mean          | 194          |
|    ep_rew_mean          | 123          |
| time/                   |              |
|    fps                  | 257          |
|    iterations           | 211          |
|    time_elapsed         | 6712         |
|    total_timesteps      | 1728512      |
| train/                  |              |
|    approx_kl            | 0.0060264706 |
|    clip_fraction        | 0.0605       |
|    clip_range           | 0.2          |
|    entropy_loss         | -0.881       |
|    explained_variance   | 0.984        |
|    learning_rate        | 0.0003       |
|    loss                 | -0.00995     |
|    n_updates            | 1050         |
|    policy_gradient_loss | -0.00697     |
|    value_loss           | 0.02         |
------------------------------------------
------------------------------------------
| rollout/                |              |
|    ep_len_mean          | 204          |
|    ep_rew_mean          | 125          |
| time/                   |              |
|    fps                  | 257          |
|    iterations           | 212          |
|    time_elapsed         | 6742         |
|    total_timesteps      | 1736704      |
| train/                  |              |
|    approx_kl            | 0.0071577327 |
|    clip_fraction        | 0.0702       |
|    clip_range           | 0.2          |
|    entropy_loss         | -0.957       |
|    explained_variance   | 0.981        |
|    learning_rate        | 0.0003       |
|    loss                 | -0.0113      |
|    n_updates            | 1055         |
|    policy_gradient_loss | -0.00613     |
|    value_loss           | 0.0252       |
------------------------------------------
-----------------------------------------
| rollout/                |             |
|    ep_len_mean          | 212         |
|    ep_rew_mean          | 128         |
| time/                   |             |
|    fps                  | 257         |
|    iterations           | 213         |
|    time_elapsed         | 6772        |
|    total_timesteps      | 1744896     |
| train/                  |             |
|    approx_kl            | 0.005131502 |
|    clip_fraction        | 0.0501      |
|    clip_range           | 0.2         |
|    entropy_loss         | -1.01       |
|    explained_variance   | 0.984       |
|    learning_rate        | 0.0003      |
|    loss                 | -0.0107     |
|    n_updates            | 1060        |
|    policy_gradient_loss | -0.00547    |
|    value_loss           | 0.0203      |
-----------------------------------------
-----------------------------------------
| rollout/                |             |
|    ep_len_mean          | 216         |
|    ep_rew_mean          | 129         |
| time/                   |             |
|    fps                  | 257         |
|    iterations           | 214         |
|    time_elapsed         | 6802        |
|    total_timesteps      | 1753088     |
| train/                  |             |
|    approx_kl            | 0.004633629 |
|    clip_fraction        | 0.0358      |
|    clip_range           | 0.2         |
|    entropy_loss         | -1.01       |
|    explained_variance   | 0.983       |
|    learning_rate        | 0.0003      |
|    loss                 | -0.0068     |
|    n_updates            | 1065        |
|    policy_gradient_loss | -0.00448    |
|    value_loss           | 0.0202      |
-----------------------------------------
------------------------------------------
| rollout/                |              |
|    ep_len_mean          | 206          |
|    ep_rew_mean          | 129          |
| time/                   |              |
|    fps                  | 257          |
|    iterations           | 215          |
|    time_elapsed         | 6832         |
|    total_timesteps      | 1761280      |
| train/                  |              |
|    approx_kl            | 0.0053026276 |
|    clip_fraction        | 0.0431       |
|    clip_range           | 0.2          |
|    entropy_loss         | -0.922       |
|    explained_variance   | 0.986        |
|    learning_rate        | 0.0003       |
|    loss                 | -0.00689     |
|    n_updates            | 1070         |
|    policy_gradient_loss | -0.00547     |
|    value_loss           | 0.0178       |
------------------------------------------
----------------------------------------
| rollout/                |            |
|    ep_len_mean          | 211        |
|    ep_rew_mean          | 130        |
| time/                   |            |
|    fps                  | 257        |
|    iterations           | 216        |
|    time_elapsed         | 6862       |
|    total_timesteps      | 1769472    |
| train/                  |            |
|    approx_kl            | 0.00683531 |
|    clip_fraction        | 0.0569     |
|    clip_range           | 0.2        |
|    entropy_loss         | -0.949     |
|    explained_variance   | 0.983      |
|    learning_rate        | 0.0003     |
|    loss                 | -0.00779   |
|    n_updates            | 1075       |
|    policy_gradient_loss | -0.00602   |
|    value_loss           | 0.0199     |
----------------------------------------
-----------------------------------------
| rollout/                |             |
|    ep_len_mean          | 222         |
|    ep_rew_mean          | 134         |
| time/                   |             |
|    fps                  | 257         |
|    iterations           | 217         |
|    time_elapsed         | 6892        |
|    total_timesteps      | 1777664     |
| train/                  |             |
|    approx_kl            | 0.005238816 |
|    clip_fraction        | 0.0481      |
|    clip_range           | 0.2         |
|    entropy_loss         | -0.972      |
|    explained_variance   | 0.985       |
|    learning_rate        | 0.0003      |
|    loss                 | -0.00831    |
|    n_updates            | 1080        |
|    policy_gradient_loss | -0.006      |
|    value_loss           | 0.0185      |
-----------------------------------------
-----------------------------------------
| rollout/                |             |
|    ep_len_mean          | 223         |
|    ep_rew_mean          | 133         |
| time/                   |             |
|    fps                  | 258         |
|    iterations           | 218         |
|    time_elapsed         | 6921        |
|    total_timesteps      | 1785856     |
| train/                  |             |
|    approx_kl            | 0.006318643 |
|    clip_fraction        | 0.0625      |
|    clip_range           | 0.2         |
|    entropy_loss         | -0.969      |
|    explained_variance   | 0.989       |
|    learning_rate        | 0.0003      |
|    loss                 | -0.0147     |
|    n_updates            | 1085        |
|    policy_gradient_loss | -0.00817    |
|    value_loss           | 0.0141      |
-----------------------------------------
-----------------------------------------
| rollout/                |             |
|    ep_len_mean          | 217         |
|    ep_rew_mean          | 130         |
| time/                   |             |
|    fps                  | 258         |
|    iterations           | 219         |
|    time_elapsed         | 6951        |
|    total_timesteps      | 1794048     |
| train/                  |             |
|    approx_kl            | 0.008869466 |
|    clip_fraction        | 0.0571      |
|    clip_range           | 0.2         |
|    entropy_loss         | -0.982      |
|    explained_variance   | 0.986       |
|    learning_rate        | 0.0003      |
|    loss                 | -0.0204     |
|    n_updates            | 1090        |
|    policy_gradient_loss | -0.00642    |
|    value_loss           | 0.0165      |
-----------------------------------------
[Checkpoint] Saved at 1800000 steps > C:\Users\Admin\Desktop\disciple\realnewdisciples-main\Big_map\campaign_checkpoints\super-last-stand-capital-3m-20260912-222556\campaign_ppo_step_1800000.zip
Eval num_timesteps=1800000, det_reward=120.97 +/- 6.32
Episode length: det=181.70 +/- 10.12
Victory rate: det=0.00%
-------------------------------------------------
| eval/                           |             |
|    deterministic_mean_ep_length | 182         |
|    deterministic_mean_reward    | 121         |
|    deterministic_victory_rate   | 0           |
|    mean_ep_length               | 182         |
|    mean_reward                  | 121         |
|    victory_rate                 | 0           |
| time/                           |             |
|    total_timesteps              | 1800000     |
| train/                          |             |
|    approx_kl                    | 0.006964649 |
|    clip_fraction                | 0.073       |
|    clip_range                   | 0.2         |
|    entropy_loss                 | -0.972      |
|    explained_variance           | 0.977       |
|    learning_rate                | 0.0003      |
|    loss                         | -0.00832    |
|    n_updates                    | 1095        |
|    policy_gradient_loss         | -0.00592    |
|    value_loss                   | 0.0267      |
-------------------------------------------------
---------------------------------
| rollout/           |          |
|    ep_len_mean     | 215      |
|    ep_rew_mean     | 129      |
| time/              |          |
|    fps             | 257      |
|    iterations      | 220      |
|    time_elapsed    | 6995     |
|    total_timesteps | 1802240  |
---------------------------------
------------------------------------------
| rollout/                |              |
|    ep_len_mean          | 218          |
|    ep_rew_mean          | 132          |
| time/                   |              |
|    fps                  | 257          |
|    iterations           | 221          |
|    time_elapsed         | 7026         |
|    total_timesteps      | 1810432      |
| train/                  |              |
|    approx_kl            | 0.0060936706 |
|    clip_fraction        | 0.0528       |
|    clip_range           | 0.2          |
|    entropy_loss         | -0.971       |
|    explained_variance   | 0.983        |
|    learning_rate        | 0.0003       |
|    loss                 | -0.0138      |
|    n_updates            | 1100         |
|    policy_gradient_loss | -0.00568     |
|    value_loss           | 0.0209       |
------------------------------------------
------------------------------------------
| rollout/                |              |
|    ep_len_mean          | 227          |
|    ep_rew_mean          | 134          |
| time/                   |              |
|    fps                  | 257          |
|    iterations           | 222          |
|    time_elapsed         | 7056         |
|    total_timesteps      | 1818624      |
| train/                  |              |
|    approx_kl            | 0.0049453364 |
|    clip_fraction        | 0.0465       |
|    clip_range           | 0.2          |
|    entropy_loss         | -0.964       |
|    explained_variance   | 0.985        |
|    learning_rate        | 0.0003       |
|    loss                 | -0.0102      |
|    n_updates            | 1105         |
|    policy_gradient_loss | -0.0062      |
|    value_loss           | 0.0187       |
------------------------------------------
------------------------------------------
| rollout/                |              |
|    ep_len_mean          | 225          |
|    ep_rew_mean          | 131          |
| time/                   |              |
|    fps                  | 257          |
|    iterations           | 223          |
|    time_elapsed         | 7086         |
|    total_timesteps      | 1826816      |
| train/                  |              |
|    approx_kl            | 0.0056204577 |
|    clip_fraction        | 0.0439       |
|    clip_range           | 0.2          |
|    entropy_loss         | -0.986       |
|    explained_variance   | 0.985        |
|    learning_rate        | 0.0003       |
|    loss                 | -0.0115      |
|    n_updates            | 1110         |
|    policy_gradient_loss | -0.00452     |
|    value_loss           | 0.0183       |
------------------------------------------
-----------------------------------------
| rollout/                |             |
|    ep_len_mean          | 220         |
|    ep_rew_mean          | 130         |
| time/                   |             |
|    fps                  | 257         |
|    iterations           | 224         |
|    time_elapsed         | 7116        |
|    total_timesteps      | 1835008     |
| train/                  |             |
|    approx_kl            | 0.006312602 |
|    clip_fraction        | 0.048       |
|    clip_range           | 0.2         |
|    entropy_loss         | -0.993      |
|    explained_variance   | 0.98        |
|    learning_rate        | 0.0003      |
|    loss                 | -0.00602    |
|    n_updates            | 1115        |
|    policy_gradient_loss | -0.00646    |
|    value_loss           | 0.0263      |
-----------------------------------------
------------------------------------------
| rollout/                |              |
|    ep_len_mean          | 217          |
|    ep_rew_mean          | 129          |
| time/                   |              |
|    fps                  | 257          |
|    iterations           | 225          |
|    time_elapsed         | 7146         |
|    total_timesteps      | 1843200      |
| train/                  |              |
|    approx_kl            | 0.0050788657 |
|    clip_fraction        | 0.0462       |
|    clip_range           | 0.2          |
|    entropy_loss         | -0.959       |
|    explained_variance   | 0.984        |
|    learning_rate        | 0.0003       |
|    loss                 | -0.00965     |
|    n_updates            | 1120         |
|    policy_gradient_loss | -0.00621     |
|    value_loss           | 0.021        |
------------------------------------------
-----------------------------------------
| rollout/                |             |
|    ep_len_mean          | 216         |
|    ep_rew_mean          | 133         |
| time/                   |             |
|    fps                  | 257         |
|    iterations           | 226         |
|    time_elapsed         | 7175        |
|    total_timesteps      | 1851392     |
| train/                  |             |
|    approx_kl            | 0.006399758 |
|    clip_fraction        | 0.0656      |
|    clip_range           | 0.2         |
|    entropy_loss         | -1          |
|    explained_variance   | 0.982       |
|    learning_rate        | 0.0003      |
|    loss                 | -0.0116     |
|    n_updates            | 1125        |
|    policy_gradient_loss | -0.00589    |
|    value_loss           | 0.0232      |
-----------------------------------------
----------------------------------------
| rollout/                |            |
|    ep_len_mean          | 218        |
|    ep_rew_mean          | 135        |
| time/                   |            |
|    fps                  | 258        |
|    iterations           | 227        |
|    time_elapsed         | 7205       |
|    total_timesteps      | 1859584    |
| train/                  |            |
|    approx_kl            | 0.00625241 |
|    clip_fraction        | 0.0521     |
|    clip_range           | 0.2        |
|    entropy_loss         | -0.967     |
|    explained_variance   | 0.984      |
|    learning_rate        | 0.0003     |
|    loss                 | -0.017     |
|    n_updates            | 1130       |
|    policy_gradient_loss | -0.00638   |
|    value_loss           | 0.0213     |
----------------------------------------
-----------------------------------------
| rollout/                |             |
|    ep_len_mean          | 219         |
|    ep_rew_mean          | 135         |
| time/                   |             |
|    fps                  | 258         |
|    iterations           | 228         |
|    time_elapsed         | 7236        |
|    total_timesteps      | 1867776     |
| train/                  |             |
|    approx_kl            | 0.005958591 |
|    clip_fraction        | 0.0642      |
|    clip_range           | 0.2         |
|    entropy_loss         | -0.977      |
|    explained_variance   | 0.984       |
|    learning_rate        | 0.0003      |
|    loss                 | -0.00897    |
|    n_updates            | 1135        |
|    policy_gradient_loss | -0.00496    |
|    value_loss           | 0.0193      |
-----------------------------------------
-----------------------------------------
| rollout/                |             |
|    ep_len_mean          | 218         |
|    ep_rew_mean          | 134         |
| time/                   |             |
|    fps                  | 258         |
|    iterations           | 229         |
|    time_elapsed         | 7266        |
|    total_timesteps      | 1875968     |
| train/                  |             |
|    approx_kl            | 0.008937193 |
|    clip_fraction        | 0.0633      |
|    clip_range           | 0.2         |
|    entropy_loss         | -1.05       |
|    explained_variance   | 0.983       |
|    learning_rate        | 0.0003      |
|    loss                 | -0.0081     |
|    n_updates            | 1140        |
|    policy_gradient_loss | -0.00752    |
|    value_loss           | 0.0235      |
-----------------------------------------
-----------------------------------------
| rollout/                |             |
|    ep_len_mean          | 220         |
|    ep_rew_mean          | 135         |
| time/                   |             |
|    fps                  | 258         |
|    iterations           | 230         |
|    time_elapsed         | 7296        |
|    total_timesteps      | 1884160     |
| train/                  |             |
|    approx_kl            | 0.005466524 |
|    clip_fraction        | 0.0593      |
|    clip_range           | 0.2         |
|    entropy_loss         | -0.987      |
|    explained_variance   | 0.984       |
|    learning_rate        | 0.0003      |
|    loss                 | -0.00761    |
|    n_updates            | 1145        |
|    policy_gradient_loss | -0.00548    |
|    value_loss           | 0.0233      |
-----------------------------------------
-----------------------------------------
| rollout/                |             |
|    ep_len_mean          | 213         |
|    ep_rew_mean          | 136         |
| time/                   |             |
|    fps                  | 258         |
|    iterations           | 231         |
|    time_elapsed         | 7329        |
|    total_timesteps      | 1892352     |
| train/                  |             |
|    approx_kl            | 0.007532558 |
|    clip_fraction        | 0.0648      |
|    clip_range           | 0.2         |
|    entropy_loss         | -0.978      |
|    explained_variance   | 0.986       |
|    learning_rate        | 0.0003      |
|    loss                 | -0.012      |
|    n_updates            | 1150        |
|    policy_gradient_loss | -0.00632    |
|    value_loss           | 0.0223      |
-----------------------------------------
------------------------------------------
| rollout/                |              |
|    ep_len_mean          | 223          |
|    ep_rew_mean          | 135          |
| time/                   |              |
|    fps                  | 258          |
|    iterations           | 232          |
|    time_elapsed         | 7360         |
|    total_timesteps      | 1900544      |
| train/                  |              |
|    approx_kl            | 0.0062148096 |
|    clip_fraction        | 0.0554       |
|    clip_range           | 0.2          |
|    entropy_loss         | -0.95        |
|    explained_variance   | 0.986        |
|    learning_rate        | 0.0003       |
|    loss                 | 0.00121      |
|    n_updates            | 1155         |
|    policy_gradient_loss | -0.00517     |
|    value_loss           | 0.021        |
------------------------------------------
------------------------------------------
| rollout/                |              |
|    ep_len_mean          | 219          |
|    ep_rew_mean          | 133          |
| time/                   |              |
|    fps                  | 258          |
|    iterations           | 233          |
|    time_elapsed         | 7390         |
|    total_timesteps      | 1908736      |
| train/                  |              |
|    approx_kl            | 0.0052245036 |
|    clip_fraction        | 0.0557       |
|    clip_range           | 0.2          |
|    entropy_loss         | -1.07        |
|    explained_variance   | 0.985        |
|    learning_rate        | 0.0003       |
|    loss                 | -0.0013      |
|    n_updates            | 1160         |
|    policy_gradient_loss | -0.00581     |
|    value_loss           | 0.0227       |
------------------------------------------
-----------------------------------------
| rollout/                |             |
|    ep_len_mean          | 218         |
|    ep_rew_mean          | 133         |
| time/                   |             |
|    fps                  | 258         |
|    iterations           | 234         |
|    time_elapsed         | 7421        |
|    total_timesteps      | 1916928     |
| train/                  |             |
|    approx_kl            | 0.007007124 |
|    clip_fraction        | 0.0642      |
|    clip_range           | 0.2         |
|    entropy_loss         | -0.971      |
|    explained_variance   | 0.975       |
|    learning_rate        | 0.0003      |
|    loss                 | -0.00365    |
|    n_updates            | 1165        |
|    policy_gradient_loss | -0.00679    |
|    value_loss           | 0.0344      |
-----------------------------------------
-----------------------------------------
| rollout/                |             |
|    ep_len_mean          | 212         |
|    ep_rew_mean          | 135         |
| time/                   |             |
|    fps                  | 258         |
|    iterations           | 235         |
|    time_elapsed         | 7451        |
|    total_timesteps      | 1925120     |
| train/                  |             |
|    approx_kl            | 0.004760079 |
|    clip_fraction        | 0.049       |
|    clip_range           | 0.2         |
|    entropy_loss         | -0.95       |
|    explained_variance   | 0.984       |
|    learning_rate        | 0.0003      |
|    loss                 | -0.00518    |
|    n_updates            | 1170        |
|    policy_gradient_loss | -0.00497    |
|    value_loss           | 0.0217      |
-----------------------------------------
------------------------------------------
| rollout/                |              |
|    ep_len_mean          | 216          |
|    ep_rew_mean          | 139          |
| time/                   |              |
|    fps                  | 258          |
|    iterations           | 236          |
|    time_elapsed         | 7481         |
|    total_timesteps      | 1933312      |
| train/                  |              |
|    approx_kl            | 0.0049625393 |
|    clip_fraction        | 0.05         |
|    clip_range           | 0.2          |
|    entropy_loss         | -0.958       |
|    explained_variance   | 0.986        |
|    learning_rate        | 0.0003       |
|    loss                 | -0.0116      |
|    n_updates            | 1175         |
|    policy_gradient_loss | -0.00553     |
|    value_loss           | 0.0223       |
------------------------------------------
------------------------------------------
| rollout/                |              |
|    ep_len_mean          | 216          |
|    ep_rew_mean          | 141          |
| time/                   |              |
|    fps                  | 258          |
|    iterations           | 237          |
|    time_elapsed         | 7511         |
|    total_timesteps      | 1941504      |
| train/                  |              |
|    approx_kl            | 0.0052500046 |
|    clip_fraction        | 0.0432       |
|    clip_range           | 0.2          |
|    entropy_loss         | -0.968       |
|    explained_variance   | 0.987        |
|    learning_rate        | 0.0003       |
|    loss                 | -0.0109      |
|    n_updates            | 1180         |
|    policy_gradient_loss | -0.00513     |
|    value_loss           | 0.0198       |
------------------------------------------
-----------------------------------------
| rollout/                |             |
|    ep_len_mean          | 215         |
|    ep_rew_mean          | 140         |
| time/                   |             |
|    fps                  | 258         |
|    iterations           | 238         |
|    time_elapsed         | 7541        |
|    total_timesteps      | 1949696     |
| train/                  |             |
|    approx_kl            | 0.004772844 |
|    clip_fraction        | 0.0464      |
|    clip_range           | 0.2         |
|    entropy_loss         | -0.952      |
|    explained_variance   | 0.988       |
|    learning_rate        | 0.0003      |
|    loss                 | -0.0106     |
|    n_updates            | 1185        |
|    policy_gradient_loss | -0.00541    |
|    value_loss           | 0.019       |
-----------------------------------------
-----------------------------------------
| rollout/                |             |
|    ep_len_mean          | 214         |
|    ep_rew_mean          | 139         |
| time/                   |             |
|    fps                  | 258         |
|    iterations           | 239         |
|    time_elapsed         | 7571        |
|    total_timesteps      | 1957888     |
| train/                  |             |
|    approx_kl            | 0.005380695 |
|    clip_fraction        | 0.0454      |
|    clip_range           | 0.2         |
|    entropy_loss         | -0.956      |
|    explained_variance   | 0.987       |
|    learning_rate        | 0.0003      |
|    loss                 | -0.0141     |
|    n_updates            | 1190        |
|    policy_gradient_loss | -0.00592    |
|    value_loss           | 0.0189      |
-----------------------------------------
------------------------------------------
| rollout/                |              |
|    ep_len_mean          | 219          |
|    ep_rew_mean          | 138          |
| time/                   |              |
|    fps                  | 258          |
|    iterations           | 240          |
|    time_elapsed         | 7601         |
|    total_timesteps      | 1966080      |
| train/                  |              |
|    approx_kl            | 0.0056745275 |
|    clip_fraction        | 0.0498       |
|    clip_range           | 0.2          |
|    entropy_loss         | -1           |
|    explained_variance   | 0.985        |
|    learning_rate        | 0.0003       |
|    loss                 | -0.0101      |
|    n_updates            | 1195         |
|    policy_gradient_loss | -0.00715     |
|    value_loss           | 0.0232       |
------------------------------------------
------------------------------------------
| rollout/                |              |
|    ep_len_mean          | 225          |
|    ep_rew_mean          | 138          |
| time/                   |              |
|    fps                  | 258          |
|    iterations           | 241          |
|    time_elapsed         | 7631         |
|    total_timesteps      | 1974272      |
| train/                  |              |
|    approx_kl            | 0.0067979405 |
|    clip_fraction        | 0.0701       |
|    clip_range           | 0.2          |
|    entropy_loss         | -1.07        |
|    explained_variance   | 0.986        |
|    learning_rate        | 0.0003       |
|    loss                 | -0.00752     |
|    n_updates            | 1200         |
|    policy_gradient_loss | -0.00721     |
|    value_loss           | 0.0205       |
------------------------------------------
-----------------------------------------
| rollout/                |             |
|    ep_len_mean          | 224         |
|    ep_rew_mean          | 139         |
| time/                   |             |
|    fps                  | 258         |
|    iterations           | 242         |
|    time_elapsed         | 7661        |
|    total_timesteps      | 1982464     |
| train/                  |             |
|    approx_kl            | 0.005960908 |
|    clip_fraction        | 0.0641      |
|    clip_range           | 0.2         |
|    entropy_loss         | -0.972      |
|    explained_variance   | 0.988       |
|    learning_rate        | 0.0003      |
|    loss                 | -0.0164     |
|    n_updates            | 1205        |
|    policy_gradient_loss | -0.00768    |
|    value_loss           | 0.0166      |
-----------------------------------------
------------------------------------------
| rollout/                |              |
|    ep_len_mean          | 220          |
|    ep_rew_mean          | 139          |
| time/                   |              |
|    fps                  | 258          |
|    iterations           | 243          |
|    time_elapsed         | 7691         |
|    total_timesteps      | 1990656      |
| train/                  |              |
|    approx_kl            | 0.0060540466 |
|    clip_fraction        | 0.0632       |
|    clip_range           | 0.2          |
|    entropy_loss         | -1.01        |
|    explained_variance   | 0.983        |
|    learning_rate        | 0.0003       |
|    loss                 | -0.0133      |
|    n_updates            | 1210         |
|    policy_gradient_loss | -0.00612     |
|    value_loss           | 0.0232       |
------------------------------------------
-----------------------------------------
| rollout/                |             |
|    ep_len_mean          | 224         |
|    ep_rew_mean          | 138         |
| time/                   |             |
|    fps                  | 258         |
|    iterations           | 244         |
|    time_elapsed         | 7721        |
|    total_timesteps      | 1998848     |
| train/                  |             |
|    approx_kl            | 0.006955811 |
|    clip_fraction        | 0.068       |
|    clip_range           | 0.2         |
|    entropy_loss         | -0.975      |
|    explained_variance   | 0.985       |
|    learning_rate        | 0.0003      |
|    loss                 | -0.013      |
|    n_updates            | 1215        |
|    policy_gradient_loss | -0.00781    |
|    value_loss           | 0.02        |
-----------------------------------------
-----------------------------------------
| rollout/                |             |
|    ep_len_mean          | 227         |
|    ep_rew_mean          | 142         |
| time/                   |             |
|    fps                  | 258         |
|    iterations           | 245         |
|    time_elapsed         | 7751        |
|    total_timesteps      | 2007040     |
| train/                  |             |
|    approx_kl            | 0.005592681 |
|    clip_fraction        | 0.0565      |
|    clip_range           | 0.2         |
|    entropy_loss         | -0.996      |
|    explained_variance   | 0.988       |
|    learning_rate        | 0.0003      |
|    loss                 | -0.0143     |
|    n_updates            | 1220        |
|    policy_gradient_loss | -0.00633    |
|    value_loss           | 0.0185      |
-----------------------------------------
----------------------------------------
| rollout/                |            |
|    ep_len_mean          | 230        |
|    ep_rew_mean          | 141        |
| time/                   |            |
|    fps                  | 258        |
|    iterations           | 246        |
|    time_elapsed         | 7782       |
|    total_timesteps      | 2015232    |
| train/                  |            |
|    approx_kl            | 0.00599159 |
|    clip_fraction        | 0.055      |
|    clip_range           | 0.2        |
|    entropy_loss         | -0.994     |
|    explained_variance   | 0.989      |
|    learning_rate        | 0.0003     |
|    loss                 | -0.00191   |
|    n_updates            | 1225       |
|    policy_gradient_loss | -0.0046    |
|    value_loss           | 0.0164     |
----------------------------------------
-----------------------------------------
| rollout/                |             |
|    ep_len_mean          | 228         |
|    ep_rew_mean          | 140         |
| time/                   |             |
|    fps                  | 259         |
|    iterations           | 247         |
|    time_elapsed         | 7812        |
|    total_timesteps      | 2023424     |
| train/                  |             |
|    approx_kl            | 0.006094053 |
|    clip_fraction        | 0.0625      |
|    clip_range           | 0.2         |
|    entropy_loss         | -1.05       |
|    explained_variance   | 0.99        |
|    learning_rate        | 0.0003      |
|    loss                 | -0.0169     |
|    n_updates            | 1230        |
|    policy_gradient_loss | -0.00663    |
|    value_loss           | 0.0169      |
-----------------------------------------
------------------------------------------
| rollout/                |              |
|    ep_len_mean          | 224          |
|    ep_rew_mean          | 139          |
| time/                   |              |
|    fps                  | 259          |
|    iterations           | 248          |
|    time_elapsed         | 7842         |
|    total_timesteps      | 2031616      |
| train/                  |              |
|    approx_kl            | 0.0058280053 |
|    clip_fraction        | 0.06         |
|    clip_range           | 0.2          |
|    entropy_loss         | -0.994       |
|    explained_variance   | 0.987        |
|    learning_rate        | 0.0003       |
|    loss                 | -0.0194      |
|    n_updates            | 1235         |
|    policy_gradient_loss | -0.00571     |
|    value_loss           | 0.0199       |
------------------------------------------
-----------------------------------------
| rollout/                |             |
|    ep_len_mean          | 216         |
|    ep_rew_mean          | 139         |
| time/                   |             |
|    fps                  | 259         |
|    iterations           | 249         |
|    time_elapsed         | 7872        |
|    total_timesteps      | 2039808     |
| train/                  |             |
|    approx_kl            | 0.005588836 |
|    clip_fraction        | 0.0501      |
|    clip_range           | 0.2         |
|    entropy_loss         | -0.973      |
|    explained_variance   | 0.991       |
|    learning_rate        | 0.0003      |
|    loss                 | -0.0134     |
|    n_updates            | 1240        |
|    policy_gradient_loss | -0.00549    |
|    value_loss           | 0.0152      |
-----------------------------------------
------------------------------------------
| rollout/                |              |
|    ep_len_mean          | 218          |
|    ep_rew_mean          | 140          |
| time/                   |              |
|    fps                  | 259          |
|    iterations           | 250          |
|    time_elapsed         | 7903         |
|    total_timesteps      | 2048000      |
| train/                  |              |
|    approx_kl            | 0.0046014925 |
|    clip_fraction        | 0.0497       |
|    clip_range           | 0.2          |
|    entropy_loss         | -0.962       |
|    explained_variance   | 0.989        |
|    learning_rate        | 0.0003       |
|    loss                 | -0.0159      |
|    n_updates            | 1245         |
|    policy_gradient_loss | -0.00621     |
|    value_loss           | 0.019        |
------------------------------------------
-----------------------------------------
| rollout/                |             |
|    ep_len_mean          | 221         |
|    ep_rew_mean          | 139         |
| time/                   |             |
|    fps                  | 259         |
|    iterations           | 251         |
|    time_elapsed         | 7933        |
|    total_timesteps      | 2056192     |
| train/                  |             |
|    approx_kl            | 0.006309172 |
|    clip_fraction        | 0.0578      |
|    clip_range           | 0.2         |
|    entropy_loss         | -0.953      |
|    explained_variance   | 0.99        |
|    learning_rate        | 0.0003      |
|    loss                 | -0.0124     |
|    n_updates            | 1250        |
|    policy_gradient_loss | -0.00519    |
|    value_loss           | 0.017       |
-----------------------------------------
------------------------------------------
| rollout/                |              |
|    ep_len_mean          | 219          |
|    ep_rew_mean          | 139          |
| time/                   |              |
|    fps                  | 259          |
|    iterations           | 252          |
|    time_elapsed         | 7963         |
|    total_timesteps      | 2064384      |
| train/                  |              |
|    approx_kl            | 0.0077065066 |
|    clip_fraction        | 0.0695       |
|    clip_range           | 0.2          |
|    entropy_loss         | -1.03        |
|    explained_variance   | 0.988        |
|    learning_rate        | 0.0003       |
|    loss                 | -0.0101      |
|    n_updates            | 1255         |
|    policy_gradient_loss | -0.00746     |
|    value_loss           | 0.0202       |
------------------------------------------
-----------------------------------------
| rollout/                |             |
|    ep_len_mean          | 219         |
|    ep_rew_mean          | 140         |
| time/                   |             |
|    fps                  | 259         |
|    iterations           | 253         |
|    time_elapsed         | 7994        |
|    total_timesteps      | 2072576     |
| train/                  |             |
|    approx_kl            | 0.005091266 |
|    clip_fraction        | 0.0427      |
|    clip_range           | 0.2         |
|    entropy_loss         | -0.96       |
|    explained_variance   | 0.989       |
|    learning_rate        | 0.0003      |
|    loss                 | -0.0182     |
|    n_updates            | 1260        |
|    policy_gradient_loss | -0.00496    |
|    value_loss           | 0.0184      |
-----------------------------------------
-----------------------------------------
| rollout/                |             |
|    ep_len_mean          | 219         |
|    ep_rew_mean          | 142         |
| time/                   |             |
|    fps                  | 259         |
|    iterations           | 254         |
|    time_elapsed         | 8024        |
|    total_timesteps      | 2080768     |
| train/                  |             |
|    approx_kl            | 0.006876042 |
|    clip_fraction        | 0.068       |
|    clip_range           | 0.2         |
|    entropy_loss         | -0.973      |
|    explained_variance   | 0.989       |
|    learning_rate        | 0.0003      |
|    loss                 | -0.00855    |
|    n_updates            | 1265        |
|    policy_gradient_loss | -0.00551    |
|    value_loss           | 0.0183      |
-----------------------------------------
-----------------------------------------
| rollout/                |             |
|    ep_len_mean          | 218         |
|    ep_rew_mean          | 141         |
| time/                   |             |
|    fps                  | 259         |
|    iterations           | 255         |
|    time_elapsed         | 8054        |
|    total_timesteps      | 2088960     |
| train/                  |             |
|    approx_kl            | 0.006198071 |
|    clip_fraction        | 0.0623      |
|    clip_range           | 0.2         |
|    entropy_loss         | -0.966      |
|    explained_variance   | 0.99        |
|    learning_rate        | 0.0003      |
|    loss                 | -0.00616    |
|    n_updates            | 1270        |
|    policy_gradient_loss | -0.00307    |
|    value_loss           | 0.0147      |
-----------------------------------------
-----------------------------------------
| rollout/                |             |
|    ep_len_mean          | 215         |
|    ep_rew_mean          | 142         |
| time/                   |             |
|    fps                  | 259         |
|    iterations           | 256         |
|    time_elapsed         | 8084        |
|    total_timesteps      | 2097152     |
| train/                  |             |
|    approx_kl            | 0.006043319 |
|    clip_fraction        | 0.0603      |
|    clip_range           | 0.2         |
|    entropy_loss         | -0.974      |
|    explained_variance   | 0.99        |
|    learning_rate        | 0.0003      |
|    loss                 | -0.013      |
|    n_updates            | 1275        |
|    policy_gradient_loss | -0.00664    |
|    value_loss           | 0.0161      |
-----------------------------------------
[Checkpoint] Saved at 2100000 steps > C:\Users\Admin\Desktop\disciple\realnewdisciples-main\Big_map\campaign_checkpoints\super-last-stand-capital-3m-20260912-222556\campaign_ppo_step_2100000.zip
Eval num_timesteps=2100000, det_reward=141.49 +/- 12.74
Episode length: det=181.65 +/- 22.30
Victory rate: det=0.00%
--------------------------------------------------
| eval/                           |              |
|    deterministic_mean_ep_length | 182          |
|    deterministic_mean_reward    | 141          |
|    deterministic_victory_rate   | 0            |
|    mean_ep_length               | 182          |
|    mean_reward                  | 141          |
|    victory_rate                 | 0            |
| time/                           |              |
|    total_timesteps              | 2100000      |
| train/                          |              |
|    approx_kl                    | 0.0062943976 |
|    clip_fraction                | 0.0604       |
|    clip_range                   | 0.2          |
|    entropy_loss                 | -0.961       |
|    explained_variance           | 0.987        |
|    learning_rate                | 0.0003       |
|    loss                         | -0.0107      |
|    n_updates                    | 1280         |
|    policy_gradient_loss         | -0.00591     |
|    value_loss                   | 0.019        |
--------------------------------------------------
New best model by deterministic victory rate!
---------------------------------
| rollout/           |          |
|    ep_len_mean     | 215      |
|    ep_rew_mean     | 140      |
| time/              |          |
|    fps             | 258      |
|    iterations      | 257      |
|    time_elapsed    | 8128     |
|    total_timesteps | 2105344  |
---------------------------------
------------------------------------------
| rollout/                |              |
|    ep_len_mean          | 221          |
|    ep_rew_mean          | 139          |
| time/                   |              |
|    fps                  | 258          |
|    iterations           | 258          |
|    time_elapsed         | 8160         |
|    total_timesteps      | 2113536      |
| train/                  |              |
|    approx_kl            | 0.0050793523 |
|    clip_fraction        | 0.0539       |
|    clip_range           | 0.2          |
|    entropy_loss         | -0.974       |
|    explained_variance   | 0.984        |
|    learning_rate        | 0.0003       |
|    loss                 | -0.0056      |
|    n_updates            | 1285         |
|    policy_gradient_loss | -0.00398     |
|    value_loss           | 0.0239       |
------------------------------------------
-----------------------------------------
| rollout/                |             |
|    ep_len_mean          | 220         |
|    ep_rew_mean          | 141         |
| time/                   |             |
|    fps                  | 259         |
|    iterations           | 259         |
|    time_elapsed         | 8191        |
|    total_timesteps      | 2121728     |
| train/                  |             |
|    approx_kl            | 0.005713553 |
|    clip_fraction        | 0.0536      |
|    clip_range           | 0.2         |
|    entropy_loss         | -1.03       |
|    explained_variance   | 0.989       |
|    learning_rate        | 0.0003      |
|    loss                 | -0.0166     |
|    n_updates            | 1290        |
|    policy_gradient_loss | -0.00705    |
|    value_loss           | 0.0174      |
-----------------------------------------
-----------------------------------------
| rollout/                |             |
|    ep_len_mean          | 223         |
|    ep_rew_mean          | 143         |
| time/                   |             |
|    fps                  | 259         |
|    iterations           | 260         |
|    time_elapsed         | 8221        |
|    total_timesteps      | 2129920     |
| train/                  |             |
|    approx_kl            | 0.007768314 |
|    clip_fraction        | 0.0634      |
|    clip_range           | 0.2         |
|    entropy_loss         | -0.968      |
|    explained_variance   | 0.99        |
|    learning_rate        | 0.0003      |
|    loss                 | -0.0142     |
|    n_updates            | 1295        |
|    policy_gradient_loss | -0.00688    |
|    value_loss           | 0.0164      |
-----------------------------------------
----------------------------------------
| rollout/                |            |
|    ep_len_mean          | 221        |
|    ep_rew_mean          | 141        |
| time/                   |            |
|    fps                  | 259        |
|    iterations           | 261        |
|    time_elapsed         | 8251       |
|    total_timesteps      | 2138112    |
| train/                  |            |
|    approx_kl            | 0.00570663 |
|    clip_fraction        | 0.0665     |
|    clip_range           | 0.2        |
|    entropy_loss         | -1         |
|    explained_variance   | 0.988      |
|    learning_rate        | 0.0003     |
|    loss                 | -0.0123    |
|    n_updates            | 1300       |
|    policy_gradient_loss | -0.00622   |
|    value_loss           | 0.019      |
----------------------------------------
------------------------------------------
| rollout/                |              |
|    ep_len_mean          | 215          |
|    ep_rew_mean          | 140          |
| time/                   |              |
|    fps                  | 259          |
|    iterations           | 262          |
|    time_elapsed         | 8281         |
|    total_timesteps      | 2146304      |
| train/                  |              |
|    approx_kl            | 0.0064694425 |
|    clip_fraction        | 0.0538       |
|    clip_range           | 0.2          |
|    entropy_loss         | -1.01        |
|    explained_variance   | 0.988        |
|    learning_rate        | 0.0003       |
|    loss                 | -0.0107      |
|    n_updates            | 1305         |
|    policy_gradient_loss | -0.0059      |
|    value_loss           | 0.0192       |
------------------------------------------
-----------------------------------------
| rollout/                |             |
|    ep_len_mean          | 215         |
|    ep_rew_mean          | 139         |
| time/                   |             |
|    fps                  | 259         |
|    iterations           | 263         |
|    time_elapsed         | 8311        |
|    total_timesteps      | 2154496     |
| train/                  |             |
|    approx_kl            | 0.005746372 |
|    clip_fraction        | 0.0492      |
|    clip_range           | 0.2         |
|    entropy_loss         | -0.934      |
|    explained_variance   | 0.987       |
|    learning_rate        | 0.0003      |
|    loss                 | -0.0127     |
|    n_updates            | 1310        |
|    policy_gradient_loss | -0.00544    |
|    value_loss           | 0.0225      |
-----------------------------------------
------------------------------------------
| rollout/                |              |
|    ep_len_mean          | 218          |
|    ep_rew_mean          | 139          |
| time/                   |              |
|    fps                  | 259          |
|    iterations           | 264          |
|    time_elapsed         | 8342         |
|    total_timesteps      | 2162688      |
| train/                  |              |
|    approx_kl            | 0.0057237223 |
|    clip_fraction        | 0.0587       |
|    clip_range           | 0.2          |
|    entropy_loss         | -1.05        |
|    explained_variance   | 0.99         |
|    learning_rate        | 0.0003       |
|    loss                 | -0.0114      |
|    n_updates            | 1315         |
|    policy_gradient_loss | -0.00619     |
|    value_loss           | 0.0179       |
------------------------------------------
------------------------------------------
| rollout/                |              |
|    ep_len_mean          | 227          |
|    ep_rew_mean          | 141          |
| time/                   |              |
|    fps                  | 259          |
|    iterations           | 265          |
|    time_elapsed         | 8372         |
|    total_timesteps      | 2170880      |
| train/                  |              |
|    approx_kl            | 0.0062248334 |
|    clip_fraction        | 0.0603       |
|    clip_range           | 0.2          |
|    entropy_loss         | -1.04        |
|    explained_variance   | 0.979        |
|    learning_rate        | 0.0003       |
|    loss                 | -0.00553     |
|    n_updates            | 1320         |
|    policy_gradient_loss | -0.00433     |
|    value_loss           | 0.034        |
------------------------------------------
----------------------------------------
| rollout/                |            |
|    ep_len_mean          | 225        |
|    ep_rew_mean          | 142        |
| time/                   |            |
|    fps                  | 259        |
|    iterations           | 266        |
|    time_elapsed         | 8402       |
|    total_timesteps      | 2179072    |
| train/                  |            |
|    approx_kl            | 0.00672133 |
|    clip_fraction        | 0.057      |
|    clip_range           | 0.2        |
|    entropy_loss         | -0.986     |
|    explained_variance   | 0.989      |
|    learning_rate        | 0.0003     |
|    loss                 | -0.0136    |
|    n_updates            | 1325       |
|    policy_gradient_loss | -0.0074    |
|    value_loss           | 0.0169     |
----------------------------------------
------------------------------------------
| rollout/                |              |
|    ep_len_mean          | 226          |
|    ep_rew_mean          | 142          |
| time/                   |              |
|    fps                  | 259          |
|    iterations           | 267          |
|    time_elapsed         | 8432         |
|    total_timesteps      | 2187264      |
| train/                  |              |
|    approx_kl            | 0.0070771556 |
|    clip_fraction        | 0.0714       |
|    clip_range           | 0.2          |
|    entropy_loss         | -1.01        |
|    explained_variance   | 0.991        |
|    learning_rate        | 0.0003       |
|    loss                 | -0.0172      |
|    n_updates            | 1330         |
|    policy_gradient_loss | -0.00622     |
|    value_loss           | 0.0141       |
------------------------------------------
-----------------------------------------
| rollout/                |             |
|    ep_len_mean          | 226         |
|    ep_rew_mean          | 141         |
| time/                   |             |
|    fps                  | 259         |
|    iterations           | 268         |
|    time_elapsed         | 8462        |
|    total_timesteps      | 2195456     |
| train/                  |             |
|    approx_kl            | 0.005424584 |
|    clip_fraction        | 0.0532      |
|    clip_range           | 0.2         |
|    entropy_loss         | -1.02       |
|    explained_variance   | 0.988       |
|    learning_rate        | 0.0003      |
|    loss                 | -0.0109     |
|    n_updates            | 1335        |
|    policy_gradient_loss | -0.00647    |
|    value_loss           | 0.0172      |
-----------------------------------------
------------------------------------------
| rollout/                |              |
|    ep_len_mean          | 224          |
|    ep_rew_mean          | 139          |
| time/                   |              |
|    fps                  | 259          |
|    iterations           | 269          |
|    time_elapsed         | 8493         |
|    total_timesteps      | 2203648      |
| train/                  |              |
|    approx_kl            | 0.0065790815 |
|    clip_fraction        | 0.0677       |
|    clip_range           | 0.2          |
|    entropy_loss         | -1.02        |
|    explained_variance   | 0.986        |
|    learning_rate        | 0.0003       |
|    loss                 | -0.0115      |
|    n_updates            | 1340         |
|    policy_gradient_loss | -0.00617     |
|    value_loss           | 0.0221       |
------------------------------------------
-----------------------------------------
| rollout/                |             |
|    ep_len_mean          | 224         |
|    ep_rew_mean          | 139         |
| time/                   |             |
|    fps                  | 259         |
|    iterations           | 270         |
|    time_elapsed         | 8523        |
|    total_timesteps      | 2211840     |
| train/                  |             |
|    approx_kl            | 0.005982849 |
|    clip_fraction        | 0.0686      |
|    clip_range           | 0.2         |
|    entropy_loss         | -1.01       |
|    explained_variance   | 0.988       |
|    learning_rate        | 0.0003      |
|    loss                 | -0.00955    |
|    n_updates            | 1345        |
|    policy_gradient_loss | -0.00549    |
|    value_loss           | 0.0183      |
-----------------------------------------
------------------------------------------
| rollout/                |              |
|    ep_len_mean          | 225          |
|    ep_rew_mean          | 143          |
| time/                   |              |
|    fps                  | 259          |
|    iterations           | 271          |
|    time_elapsed         | 8553         |
|    total_timesteps      | 2220032      |
| train/                  |              |
|    approx_kl            | 0.0059071183 |
|    clip_fraction        | 0.0641       |
|    clip_range           | 0.2          |
|    entropy_loss         | -1.03        |
|    explained_variance   | 0.987        |
|    learning_rate        | 0.0003       |
|    loss                 | -0.0226      |
|    n_updates            | 1350         |
|    policy_gradient_loss | -0.00651     |
|    value_loss           | 0.0198       |
------------------------------------------
------------------------------------------
| rollout/                |              |
|    ep_len_mean          | 228          |
|    ep_rew_mean          | 144          |
| time/                   |              |
|    fps                  | 259          |
|    iterations           | 272          |
|    time_elapsed         | 8584         |
|    total_timesteps      | 2228224      |
| train/                  |              |
|    approx_kl            | 0.0058296854 |
|    clip_fraction        | 0.0586       |
|    clip_range           | 0.2          |
|    entropy_loss         | -0.979       |
|    explained_variance   | 0.992        |
|    learning_rate        | 0.0003       |
|    loss                 | -0.012       |
|    n_updates            | 1355         |
|    policy_gradient_loss | -0.00563     |
|    value_loss           | 0.0129       |
------------------------------------------
------------------------------------------
| rollout/                |              |
|    ep_len_mean          | 226          |
|    ep_rew_mean          | 145          |
| time/                   |              |
|    fps                  | 259          |
|    iterations           | 273          |
|    time_elapsed         | 8614         |
|    total_timesteps      | 2236416      |
| train/                  |              |
|    approx_kl            | 0.0057484168 |
|    clip_fraction        | 0.0557       |
|    clip_range           | 0.2          |
|    entropy_loss         | -1.07        |
|    explained_variance   | 0.992        |
|    learning_rate        | 0.0003       |
|    loss                 | -0.0106      |
|    n_updates            | 1360         |
|    policy_gradient_loss | -0.00579     |
|    value_loss           | 0.0131       |
------------------------------------------
------------------------------------------
| rollout/                |              |
|    ep_len_mean          | 224          |
|    ep_rew_mean          | 144          |
| time/                   |              |
|    fps                  | 259          |
|    iterations           | 274          |
|    time_elapsed         | 8645         |
|    total_timesteps      | 2244608      |
| train/                  |              |
|    approx_kl            | 0.0062279934 |
|    clip_fraction        | 0.0668       |
|    clip_range           | 0.2          |
|    entropy_loss         | -1.05        |
|    explained_variance   | 0.991        |
|    learning_rate        | 0.0003       |
|    loss                 | -0.0136      |
|    n_updates            | 1365         |
|    policy_gradient_loss | -0.00825     |
|    value_loss           | 0.0147       |
------------------------------------------
------------------------------------------
| rollout/                |              |
|    ep_len_mean          | 219          |
|    ep_rew_mean          | 142          |
| time/                   |              |
|    fps                  | 259          |
|    iterations           | 275          |
|    time_elapsed         | 8675         |
|    total_timesteps      | 2252800      |
| train/                  |              |
|    approx_kl            | 0.0054127467 |
|    clip_fraction        | 0.0528       |
|    clip_range           | 0.2          |
|    entropy_loss         | -1           |
|    explained_variance   | 0.993        |
|    learning_rate        | 0.0003       |
|    loss                 | -0.0127      |
|    n_updates            | 1370         |
|    policy_gradient_loss | -0.00495     |
|    value_loss           | 0.0123       |
------------------------------------------
------------------------------------------
| rollout/                |              |
|    ep_len_mean          | 221          |
|    ep_rew_mean          | 145          |
| time/                   |              |
|    fps                  | 259          |
|    iterations           | 276          |
|    time_elapsed         | 8706         |
|    total_timesteps      | 2260992      |
| train/                  |              |
|    approx_kl            | 0.0050640535 |
|    clip_fraction        | 0.0518       |
|    clip_range           | 0.2          |
|    entropy_loss         | -1.01        |
|    explained_variance   | 0.99         |
|    learning_rate        | 0.0003       |
|    loss                 | -0.00892     |
|    n_updates            | 1375         |
|    policy_gradient_loss | -0.00562     |
|    value_loss           | 0.0153       |
------------------------------------------
-----------------------------------------
| rollout/                |             |
|    ep_len_mean          | 228         |
|    ep_rew_mean          | 145         |
| time/                   |             |
|    fps                  | 259         |
|    iterations           | 277         |
|    time_elapsed         | 8736        |
|    total_timesteps      | 2269184     |
| train/                  |             |
|    approx_kl            | 0.005955872 |
|    clip_fraction        | 0.0636      |
|    clip_range           | 0.2         |
|    entropy_loss         | -1.03       |
|    explained_variance   | 0.993       |
|    learning_rate        | 0.0003      |
|    loss                 | -0.0132     |
|    n_updates            | 1380        |
|    policy_gradient_loss | -0.00642    |
|    value_loss           | 0.0118      |
-----------------------------------------
-----------------------------------------
| rollout/                |             |
|    ep_len_mean          | 236         |
|    ep_rew_mean          | 146         |
| time/                   |             |
|    fps                  | 259         |
|    iterations           | 278         |
|    time_elapsed         | 8767        |
|    total_timesteps      | 2277376     |
| train/                  |             |
|    approx_kl            | 0.006948907 |
|    clip_fraction        | 0.076       |
|    clip_range           | 0.2         |
|    entropy_loss         | -1.08       |
|    explained_variance   | 0.991       |
|    learning_rate        | 0.0003      |
|    loss                 | -0.0158     |
|    n_updates            | 1385        |
|    policy_gradient_loss | -0.00632    |
|    value_loss           | 0.0139      |
-----------------------------------------
-----------------------------------------
| rollout/                |             |
|    ep_len_mean          | 228         |
|    ep_rew_mean          | 144         |
| time/                   |             |
|    fps                  | 259         |
|    iterations           | 279         |
|    time_elapsed         | 8798        |
|    total_timesteps      | 2285568     |
| train/                  |             |
|    approx_kl            | 0.005595388 |
|    clip_fraction        | 0.0582      |
|    clip_range           | 0.2         |
|    entropy_loss         | -1.07       |
|    explained_variance   | 0.99        |
|    learning_rate        | 0.0003      |
|    loss                 | -0.0227     |
|    n_updates            | 1390        |
|    policy_gradient_loss | -0.00666    |
|    value_loss           | 0.0161      |
-----------------------------------------
------------------------------------------
| rollout/                |              |
|    ep_len_mean          | 222          |
|    ep_rew_mean          | 144          |
| time/                   |              |
|    fps                  | 259          |
|    iterations           | 280          |
|    time_elapsed         | 8829         |
|    total_timesteps      | 2293760      |
| train/                  |              |
|    approx_kl            | 0.0072977575 |
|    clip_fraction        | 0.0626       |
|    clip_range           | 0.2          |
|    entropy_loss         | -0.967       |
|    explained_variance   | 0.987        |
|    learning_rate        | 0.0003       |
|    loss                 | -0.013       |
|    n_updates            | 1395         |
|    policy_gradient_loss | -0.00711     |
|    value_loss           | 0.0193       |
------------------------------------------
------------------------------------------
| rollout/                |              |
|    ep_len_mean          | 228          |
|    ep_rew_mean          | 143          |
| time/                   |              |
|    fps                  | 259          |
|    iterations           | 281          |
|    time_elapsed         | 8859         |
|    total_timesteps      | 2301952      |
| train/                  |              |
|    approx_kl            | 0.0076521756 |
|    clip_fraction        | 0.067        |
|    clip_range           | 0.2          |
|    entropy_loss         | -0.986       |
|    explained_variance   | 0.992        |
|    learning_rate        | 0.0003       |
|    loss                 | -0.0128      |
|    n_updates            | 1400         |
|    policy_gradient_loss | -0.00743     |
|    value_loss           | 0.0125       |
------------------------------------------
-----------------------------------------
| rollout/                |             |
|    ep_len_mean          | 229         |
|    ep_rew_mean          | 142         |
| time/                   |             |
|    fps                  | 259         |
|    iterations           | 282         |
|    time_elapsed         | 8889        |
|    total_timesteps      | 2310144     |
| train/                  |             |
|    approx_kl            | 0.006529029 |
|    clip_fraction        | 0.0619      |
|    clip_range           | 0.2         |
|    entropy_loss         | -1.1        |
|    explained_variance   | 0.987       |
|    learning_rate        | 0.0003      |
|    loss                 | -0.00907    |
|    n_updates            | 1405        |
|    policy_gradient_loss | -0.00522    |
|    value_loss           | 0.0201      |
-----------------------------------------
-----------------------------------------
| rollout/                |             |
|    ep_len_mean          | 227         |
|    ep_rew_mean          | 141         |
| time/                   |             |
|    fps                  | 259         |
|    iterations           | 283         |
|    time_elapsed         | 8920        |
|    total_timesteps      | 2318336     |
| train/                  |             |
|    approx_kl            | 0.007081231 |
|    clip_fraction        | 0.0653      |
|    clip_range           | 0.2         |
|    entropy_loss         | -0.989      |
|    explained_variance   | 0.988       |
|    learning_rate        | 0.0003      |
|    loss                 | -0.0134     |
|    n_updates            | 1410        |
|    policy_gradient_loss | -0.00627    |
|    value_loss           | 0.0184      |
-----------------------------------------
----------------------------------------
| rollout/                |            |
|    ep_len_mean          | 223        |
|    ep_rew_mean          | 145        |
| time/                   |            |
|    fps                  | 259        |
|    iterations           | 284        |
|    time_elapsed         | 8951       |
|    total_timesteps      | 2326528    |
| train/                  |            |
|    approx_kl            | 0.00509471 |
|    clip_fraction        | 0.0545     |
|    clip_range           | 0.2        |
|    entropy_loss         | -0.989     |
|    explained_variance   | 0.986      |
|    learning_rate        | 0.0003     |
|    loss                 | -0.0162    |
|    n_updates            | 1415       |
|    policy_gradient_loss | -0.00496   |
|    value_loss           | 0.0203     |
----------------------------------------
-----------------------------------------
| rollout/                |             |
|    ep_len_mean          | 224         |
|    ep_rew_mean          | 143         |
| time/                   |             |
|    fps                  | 259         |
|    iterations           | 285         |
|    time_elapsed         | 8980        |
|    total_timesteps      | 2334720     |
| train/                  |             |
|    approx_kl            | 0.008064226 |
|    clip_fraction        | 0.0639      |
|    clip_range           | 0.2         |
|    entropy_loss         | -0.953      |
|    explained_variance   | 0.991       |
|    learning_rate        | 0.0003      |
|    loss                 | -0.0018     |
|    n_updates            | 1420        |
|    policy_gradient_loss | -0.00636    |
|    value_loss           | 0.0142      |
-----------------------------------------
-----------------------------------------
| rollout/                |             |
|    ep_len_mean          | 225         |
|    ep_rew_mean          | 144         |
| time/                   |             |
|    fps                  | 260         |
|    iterations           | 286         |
|    time_elapsed         | 9010        |
|    total_timesteps      | 2342912     |
| train/                  |             |
|    approx_kl            | 0.006001639 |
|    clip_fraction        | 0.0622      |
|    clip_range           | 0.2         |
|    entropy_loss         | -1.07       |
|    explained_variance   | 0.989       |
|    learning_rate        | 0.0003      |
|    loss                 | -0.009      |
|    n_updates            | 1425        |
|    policy_gradient_loss | -0.00619    |
|    value_loss           | 0.017       |
-----------------------------------------
-----------------------------------------
| rollout/                |             |
|    ep_len_mean          | 229         |
|    ep_rew_mean          | 142         |
| time/                   |             |
|    fps                  | 260         |
|    iterations           | 287         |
|    time_elapsed         | 9042        |
|    total_timesteps      | 2351104     |
| train/                  |             |
|    approx_kl            | 0.006868196 |
|    clip_fraction        | 0.0714      |
|    clip_range           | 0.2         |
|    entropy_loss         | -0.995      |
|    explained_variance   | 0.984       |
|    learning_rate        | 0.0003      |
|    loss                 | -0.0175     |
|    n_updates            | 1430        |
|    policy_gradient_loss | -0.00808    |
|    value_loss           | 0.025       |
-----------------------------------------
----------------------------------------
| rollout/                |            |
|    ep_len_mean          | 231        |
|    ep_rew_mean          | 143        |
| time/                   |            |
|    fps                  | 259        |
|    iterations           | 288        |
|    time_elapsed         | 9076       |
|    total_timesteps      | 2359296    |
| train/                  |            |
|    approx_kl            | 0.00883827 |
|    clip_fraction        | 0.0741     |
|    clip_range           | 0.2        |
|    entropy_loss         | -1.1       |
|    explained_variance   | 0.981      |
|    learning_rate        | 0.0003     |
|    loss                 | -0.0121    |
|    n_updates            | 1435       |
|    policy_gradient_loss | -0.00838   |
|    value_loss           | 0.0301     |
----------------------------------------
-----------------------------------------
| rollout/                |             |
|    ep_len_mean          | 237         |
|    ep_rew_mean          | 144         |
| time/                   |             |
|    fps                  | 259         |
|    iterations           | 289         |
|    time_elapsed         | 9109        |
|    total_timesteps      | 2367488     |
| train/                  |             |
|    approx_kl            | 0.006070832 |
|    clip_fraction        | 0.0664      |
|    clip_range           | 0.2         |
|    entropy_loss         | -1.05       |
|    explained_variance   | 0.99        |
|    learning_rate        | 0.0003      |
|    loss                 | -0.0194     |
|    n_updates            | 1440        |
|    policy_gradient_loss | -0.0054     |
|    value_loss           | 0.0152      |
-----------------------------------------
------------------------------------------
| rollout/                |              |
|    ep_len_mean          | 239          |
|    ep_rew_mean          | 148          |
| time/                   |              |
|    fps                  | 259          |
|    iterations           | 290          |
|    time_elapsed         | 9142         |
|    total_timesteps      | 2375680      |
| train/                  |              |
|    approx_kl            | 0.0067896834 |
|    clip_fraction        | 0.075        |
|    clip_range           | 0.2          |
|    entropy_loss         | -1.07        |
|    explained_variance   | 0.992        |
|    learning_rate        | 0.0003       |
|    loss                 | -0.0201      |
|    n_updates            | 1445         |
|    policy_gradient_loss | -0.0067      |
|    value_loss           | 0.014        |
------------------------------------------
-----------------------------------------
| rollout/                |             |
|    ep_len_mean          | 238         |
|    ep_rew_mean          | 147         |
| time/                   |             |
|    fps                  | 259         |
|    iterations           | 291         |
|    time_elapsed         | 9174        |
|    total_timesteps      | 2383872     |
| train/                  |             |
|    approx_kl            | 0.007516389 |
|    clip_fraction        | 0.0673      |
|    clip_range           | 0.2         |
|    entropy_loss         | -1.04       |
|    explained_variance   | 0.992       |
|    learning_rate        | 0.0003      |
|    loss                 | -0.0129     |
|    n_updates            | 1450        |
|    policy_gradient_loss | -0.00636    |
|    value_loss           | 0.0143      |
-----------------------------------------
-----------------------------------------
| rollout/                |             |
|    ep_len_mean          | 237         |
|    ep_rew_mean          | 146         |
| time/                   |             |
|    fps                  | 259         |
|    iterations           | 292         |
|    time_elapsed         | 9207        |
|    total_timesteps      | 2392064     |
| train/                  |             |
|    approx_kl            | 0.006407464 |
|    clip_fraction        | 0.068       |
|    clip_range           | 0.2         |
|    entropy_loss         | -1.05       |
|    explained_variance   | 0.993       |
|    learning_rate        | 0.0003      |
|    loss                 | -0.0151     |
|    n_updates            | 1455        |
|    policy_gradient_loss | -0.00757    |
|    value_loss           | 0.0123      |
-----------------------------------------
[Checkpoint] Saved at 2400000 steps > C:\Users\Admin\Desktop\disciple\realnewdisciples-main\Big_map\campaign_checkpoints\super-last-stand-capital-3m-20260912-222556\campaign_ppo_step_2400000.zip
Eval num_timesteps=2400000, det_reward=145.25 +/- 6.46
Episode length: det=201.70 +/- 28.88
Victory rate: det=0.00%
-------------------------------------------------
| eval/                           |             |
|    deterministic_mean_ep_length | 202         |
|    deterministic_mean_reward    | 145         |
|    deterministic_victory_rate   | 0           |
|    mean_ep_length               | 202         |
|    mean_reward                  | 145         |
|    victory_rate                 | 0           |
| time/                           |             |
|    total_timesteps              | 2400000     |
| train/                          |             |
|    approx_kl                    | 0.006426966 |
|    clip_fraction                | 0.06        |
|    clip_range                   | 0.2         |
|    entropy_loss                 | -1.07       |
|    explained_variance           | 0.986       |
|    learning_rate                | 0.0003      |
|    loss                         | -0.0108     |
|    n_updates                    | 1460        |
|    policy_gradient_loss         | -0.00628    |
|    value_loss                   | 0.0227      |
-------------------------------------------------
New best model by deterministic victory rate!
---------------------------------
| rollout/           |          |
|    ep_len_mean     | 232      |
|    ep_rew_mean     | 145      |
| time/              |          |
|    fps             | 259      |
|    iterations      | 293      |
|    time_elapsed    | 9257     |
|    total_timesteps | 2400256  |
---------------------------------
------------------------------------------
| rollout/                |              |
|    ep_len_mean          | 232          |
|    ep_rew_mean          | 144          |
| time/                   |              |
|    fps                  | 259          |
|    iterations           | 294          |
|    time_elapsed         | 9291         |
|    total_timesteps      | 2408448      |
| train/                  |              |
|    approx_kl            | 0.0073550125 |
|    clip_fraction        | 0.0717       |
|    clip_range           | 0.2          |
|    entropy_loss         | -1.03        |
|    explained_variance   | 0.991        |
|    learning_rate        | 0.0003       |
|    loss                 | -0.0163      |
|    n_updates            | 1465         |
|    policy_gradient_loss | -0.00589     |
|    value_loss           | 0.0165       |
------------------------------------------
----------------------------------------
| rollout/                |            |
|    ep_len_mean          | 227        |
|    ep_rew_mean          | 144        |
| time/                   |            |
|    fps                  | 259        |
|    iterations           | 295        |
|    time_elapsed         | 9322       |
|    total_timesteps      | 2416640    |
| train/                  |            |
|    approx_kl            | 0.00735524 |
|    clip_fraction        | 0.0757     |
|    clip_range           | 0.2        |
|    entropy_loss         | -1.02      |
|    explained_variance   | 0.989      |
|    learning_rate        | 0.0003     |
|    loss                 | -0.0212    |
|    n_updates            | 1470       |
|    policy_gradient_loss | -0.00684   |
|    value_loss           | 0.0176     |
----------------------------------------
------------------------------------------
| rollout/                |              |
|    ep_len_mean          | 227          |
|    ep_rew_mean          | 146          |
| time/                   |              |
|    fps                  | 259          |
|    iterations           | 296          |
|    time_elapsed         | 9353         |
|    total_timesteps      | 2424832      |
| train/                  |              |
|    approx_kl            | 0.0063547767 |
|    clip_fraction        | 0.0553       |
|    clip_range           | 0.2          |
|    entropy_loss         | -1.01        |
|    explained_variance   | 0.991        |
|    learning_rate        | 0.0003       |
|    loss                 | -0.0158      |
|    n_updates            | 1475         |
|    policy_gradient_loss | -0.00576     |
|    value_loss           | 0.0167       |
------------------------------------------
-----------------------------------------
| rollout/                |             |
|    ep_len_mean          | 227         |
|    ep_rew_mean          | 146         |
| time/                   |             |
|    fps                  | 259         |
|    iterations           | 297         |
|    time_elapsed         | 9384        |
|    total_timesteps      | 2433024     |
| train/                  |             |
|    approx_kl            | 0.007045837 |
|    clip_fraction        | 0.0729      |
|    clip_range           | 0.2         |
|    entropy_loss         | -0.992      |
|    explained_variance   | 0.992       |
|    learning_rate        | 0.0003      |
|    loss                 | -0.0148     |
|    n_updates            | 1480        |
|    policy_gradient_loss | -0.00812    |
|    value_loss           | 0.0129      |
-----------------------------------------
-----------------------------------------
| rollout/                |             |
|    ep_len_mean          | 230         |
|    ep_rew_mean          | 145         |
| time/                   |             |
|    fps                  | 259         |
|    iterations           | 298         |
|    time_elapsed         | 9415        |
|    total_timesteps      | 2441216     |
| train/                  |             |
|    approx_kl            | 0.007248498 |
|    clip_fraction        | 0.088       |
|    clip_range           | 0.2         |
|    entropy_loss         | -1.01       |
|    explained_variance   | 0.987       |
|    learning_rate        | 0.0003      |
|    loss                 | -0.00847    |
|    n_updates            | 1485        |
|    policy_gradient_loss | -0.00659    |
|    value_loss           | 0.0219      |
-----------------------------------------
------------------------------------------
| rollout/                |              |
|    ep_len_mean          | 232          |
|    ep_rew_mean          | 142          |
| time/                   |              |
|    fps                  | 259          |
|    iterations           | 299          |
|    time_elapsed         | 9446         |
|    total_timesteps      | 2449408      |
| train/                  |              |
|    approx_kl            | 0.0056628445 |
|    clip_fraction        | 0.0635       |
|    clip_range           | 0.2          |
|    entropy_loss         | -1.01        |
|    explained_variance   | 0.986        |
|    learning_rate        | 0.0003       |
|    loss                 | -0.00851     |
|    n_updates            | 1490         |
|    policy_gradient_loss | -0.00668     |
|    value_loss           | 0.0237       |
------------------------------------------
------------------------------------------
| rollout/                |              |
|    ep_len_mean          | 232          |
|    ep_rew_mean          | 143          |
| time/                   |              |
|    fps                  | 259          |
|    iterations           | 300          |
|    time_elapsed         | 9477         |
|    total_timesteps      | 2457600      |
| train/                  |              |
|    approx_kl            | 0.0077087265 |
|    clip_fraction        | 0.0669       |
|    clip_range           | 0.2          |
|    entropy_loss         | -1.02        |
|    explained_variance   | 0.982        |
|    learning_rate        | 0.0003       |
|    loss                 | -0.00783     |
|    n_updates            | 1495         |
|    policy_gradient_loss | -0.00752     |
|    value_loss           | 0.0284       |
------------------------------------------
-----------------------------------------
| rollout/                |             |
|    ep_len_mean          | 226         |
|    ep_rew_mean          | 144         |
| time/                   |             |
|    fps                  | 259         |
|    iterations           | 301         |
|    time_elapsed         | 9507        |
|    total_timesteps      | 2465792     |
| train/                  |             |
|    approx_kl            | 0.005687639 |
|    clip_fraction        | 0.0599      |
|    clip_range           | 0.2         |
|    entropy_loss         | -0.929      |
|    explained_variance   | 0.989       |
|    learning_rate        | 0.0003      |
|    loss                 | -0.0159     |
|    n_updates            | 1500        |
|    policy_gradient_loss | -0.00586    |
|    value_loss           | 0.018       |
-----------------------------------------
------------------------------------------
| rollout/                |              |
|    ep_len_mean          | 219          |
|    ep_rew_mean          | 145          |
| time/                   |              |
|    fps                  | 259          |
|    iterations           | 302          |
|    time_elapsed         | 9538         |
|    total_timesteps      | 2473984      |
| train/                  |              |
|    approx_kl            | 0.0052133193 |
|    clip_fraction        | 0.0547       |
|    clip_range           | 0.2          |
|    entropy_loss         | -0.897       |
|    explained_variance   | 0.989        |
|    learning_rate        | 0.0003       |
|    loss                 | -0.00796     |
|    n_updates            | 1505         |
|    policy_gradient_loss | -0.00545     |
|    value_loss           | 0.0169       |
------------------------------------------
-----------------------------------------
| rollout/                |             |
|    ep_len_mean          | 215         |
|    ep_rew_mean          | 146         |
| time/                   |             |
|    fps                  | 259         |
|    iterations           | 303         |
|    time_elapsed         | 9569        |
|    total_timesteps      | 2482176     |
| train/                  |             |
|    approx_kl            | 0.005582909 |
|    clip_fraction        | 0.0569      |
|    clip_range           | 0.2         |
|    entropy_loss         | -0.866      |
|    explained_variance   | 0.987       |
|    learning_rate        | 0.0003      |
|    loss                 | -0.00763    |
|    n_updates            | 1510        |
|    policy_gradient_loss | -0.00507    |
|    value_loss           | 0.0192      |
-----------------------------------------
------------------------------------------
| rollout/                |              |
|    ep_len_mean          | 213          |
|    ep_rew_mean          | 146          |
| time/                   |              |
|    fps                  | 259          |
|    iterations           | 304          |
|    time_elapsed         | 9599         |
|    total_timesteps      | 2490368      |
| train/                  |              |
|    approx_kl            | 0.0052961963 |
|    clip_fraction        | 0.0619       |
|    clip_range           | 0.2          |
|    entropy_loss         | -0.835       |
|    explained_variance   | 0.991        |
|    learning_rate        | 0.0003       |
|    loss                 | -0.0108      |
|    n_updates            | 1515         |
|    policy_gradient_loss | -0.00576     |
|    value_loss           | 0.0142       |
------------------------------------------
------------------------------------------
| rollout/                |              |
|    ep_len_mean          | 211          |
|    ep_rew_mean          | 146          |
| time/                   |              |
|    fps                  | 259          |
|    iterations           | 305          |
|    time_elapsed         | 9630         |
|    total_timesteps      | 2498560      |
| train/                  |              |
|    approx_kl            | 0.0055602267 |
|    clip_fraction        | 0.0642       |
|    clip_range           | 0.2          |
|    entropy_loss         | -0.873       |
|    explained_variance   | 0.989        |
|    learning_rate        | 0.0003       |
|    loss                 | -0.0113      |
|    n_updates            | 1520         |
|    policy_gradient_loss | -0.00602     |
|    value_loss           | 0.0178       |
------------------------------------------
-----------------------------------------
| rollout/                |             |
|    ep_len_mean          | 214         |
|    ep_rew_mean          | 147         |
| time/                   |             |
|    fps                  | 259         |
|    iterations           | 306         |
|    time_elapsed         | 9662        |
|    total_timesteps      | 2506752     |
| train/                  |             |
|    approx_kl            | 0.006583736 |
|    clip_fraction        | 0.0706      |
|    clip_range           | 0.2         |
|    entropy_loss         | -0.843      |
|    explained_variance   | 0.988       |
|    learning_rate        | 0.0003      |
|    loss                 | -0.00843    |
|    n_updates            | 1525        |
|    policy_gradient_loss | -0.0067     |
|    value_loss           | 0.0202      |
-----------------------------------------
------------------------------------------
| rollout/                |              |
|    ep_len_mean          | 217          |
|    ep_rew_mean          | 149          |
| time/                   |              |
|    fps                  | 259          |
|    iterations           | 307          |
|    time_elapsed         | 9692         |
|    total_timesteps      | 2514944      |
| train/                  |              |
|    approx_kl            | 0.0060319686 |
|    clip_fraction        | 0.0632       |
|    clip_range           | 0.2          |
|    entropy_loss         | -0.828       |
|    explained_variance   | 0.991        |
|    learning_rate        | 0.0003       |
|    loss                 | -0.0087      |
|    n_updates            | 1530         |
|    policy_gradient_loss | -0.00561     |
|    value_loss           | 0.0144       |
------------------------------------------
---------------------------------------
| rollout/                |           |
|    ep_len_mean          | 219       |
|    ep_rew_mean          | 148       |
| time/                   |           |
|    fps                  | 259       |
|    iterations           | 308       |
|    time_elapsed         | 9722      |
|    total_timesteps      | 2523136   |
| train/                  |           |
|    approx_kl            | 0.0070157 |
|    clip_fraction        | 0.0537    |
|    clip_range           | 0.2       |
|    entropy_loss         | -0.834    |
|    explained_variance   | 0.993     |
|    learning_rate        | 0.0003    |
|    loss                 | -0.00478  |
|    n_updates            | 1535      |
|    policy_gradient_loss | -0.00508  |
|    value_loss           | 0.0105    |
---------------------------------------
------------------------------------------
| rollout/                |              |
|    ep_len_mean          | 218          |
|    ep_rew_mean          | 147          |
| time/                   |              |
|    fps                  | 259          |
|    iterations           | 309          |
|    time_elapsed         | 9753         |
|    total_timesteps      | 2531328      |
| train/                  |              |
|    approx_kl            | 0.0065608406 |
|    clip_fraction        | 0.0718       |
|    clip_range           | 0.2          |
|    entropy_loss         | -0.919       |
|    explained_variance   | 0.992        |
|    learning_rate        | 0.0003       |
|    loss                 | -0.00838     |
|    n_updates            | 1540         |
|    policy_gradient_loss | -0.00559     |
|    value_loss           | 0.0138       |
------------------------------------------
------------------------------------------
| rollout/                |              |
|    ep_len_mean          | 220          |
|    ep_rew_mean          | 146          |
| time/                   |              |
|    fps                  | 259          |
|    iterations           | 310          |
|    time_elapsed         | 9784         |
|    total_timesteps      | 2539520      |
| train/                  |              |
|    approx_kl            | 0.0051436815 |
|    clip_fraction        | 0.0578       |
|    clip_range           | 0.2          |
|    entropy_loss         | -0.854       |
|    explained_variance   | 0.99         |
|    learning_rate        | 0.0003       |
|    loss                 | -0.00618     |
|    n_updates            | 1545         |
|    policy_gradient_loss | -0.00428     |
|    value_loss           | 0.0177       |
------------------------------------------
------------------------------------------
| rollout/                |              |
|    ep_len_mean          | 220          |
|    ep_rew_mean          | 146          |
| time/                   |              |
|    fps                  | 259          |
|    iterations           | 311          |
|    time_elapsed         | 9815         |
|    total_timesteps      | 2547712      |
| train/                  |              |
|    approx_kl            | 0.0068952795 |
|    clip_fraction        | 0.0632       |
|    clip_range           | 0.2          |
|    entropy_loss         | -0.917       |
|    explained_variance   | 0.991        |
|    learning_rate        | 0.0003       |
|    loss                 | -0.0111      |
|    n_updates            | 1550         |
|    policy_gradient_loss | -0.00567     |
|    value_loss           | 0.0151       |
------------------------------------------
-----------------------------------------
| rollout/                |             |
|    ep_len_mean          | 219         |
|    ep_rew_mean          | 147         |
| time/                   |             |
|    fps                  | 259         |
|    iterations           | 312         |
|    time_elapsed         | 9847        |
|    total_timesteps      | 2555904     |
| train/                  |             |
|    approx_kl            | 0.006333756 |
|    clip_fraction        | 0.0622      |
|    clip_range           | 0.2         |
|    entropy_loss         | -0.911      |
|    explained_variance   | 0.992       |
|    learning_rate        | 0.0003      |
|    loss                 | -0.0103     |
|    n_updates            | 1555        |
|    policy_gradient_loss | -0.00572    |
|    value_loss           | 0.0139      |
-----------------------------------------
------------------------------------------
| rollout/                |              |
|    ep_len_mean          | 219          |
|    ep_rew_mean          | 147          |
| time/                   |              |
|    fps                  | 259          |
|    iterations           | 313          |
|    time_elapsed         | 9879         |
|    total_timesteps      | 2564096      |
| train/                  |              |
|    approx_kl            | 0.0054778582 |
|    clip_fraction        | 0.0542       |
|    clip_range           | 0.2          |
|    entropy_loss         | -0.84        |
|    explained_variance   | 0.991        |
|    learning_rate        | 0.0003       |
|    loss                 | -0.0168      |
|    n_updates            | 1560         |
|    policy_gradient_loss | -0.00577     |
|    value_loss           | 0.0146       |
------------------------------------------
-----------------------------------------
| rollout/                |             |
|    ep_len_mean          | 224         |
|    ep_rew_mean          | 147         |
| time/                   |             |
|    fps                  | 259         |
|    iterations           | 314         |
|    time_elapsed         | 9910        |
|    total_timesteps      | 2572288     |
| train/                  |             |
|    approx_kl            | 0.007534308 |
|    clip_fraction        | 0.0685      |
|    clip_range           | 0.2         |
|    entropy_loss         | -0.903      |
|    explained_variance   | 0.992       |
|    learning_rate        | 0.0003      |
|    loss                 | -0.016      |
|    n_updates            | 1565        |
|    policy_gradient_loss | -0.00649    |
|    value_loss           | 0.0138      |
-----------------------------------------
-----------------------------------------
| rollout/                |             |
|    ep_len_mean          | 224         |
|    ep_rew_mean          | 147         |
| time/                   |             |
|    fps                  | 259         |
|    iterations           | 315         |
|    time_elapsed         | 9941        |
|    total_timesteps      | 2580480     |
| train/                  |             |
|    approx_kl            | 0.005863934 |
|    clip_fraction        | 0.0533      |
|    clip_range           | 0.2         |
|    entropy_loss         | -0.946      |
|    explained_variance   | 0.992       |
|    learning_rate        | 0.0003      |
|    loss                 | -0.00835    |
|    n_updates            | 1570        |
|    policy_gradient_loss | -0.00544    |
|    value_loss           | 0.0147      |
-----------------------------------------
-----------------------------------------
| rollout/                |             |
|    ep_len_mean          | 227         |
|    ep_rew_mean          | 148         |
| time/                   |             |
|    fps                  | 259         |
|    iterations           | 316         |
|    time_elapsed         | 9972        |
|    total_timesteps      | 2588672     |
| train/                  |             |
|    approx_kl            | 0.006783128 |
|    clip_fraction        | 0.0657      |
|    clip_range           | 0.2         |
|    entropy_loss         | -0.849      |
|    explained_variance   | 0.991       |
|    learning_rate        | 0.0003      |
|    loss                 | -0.00938    |
|    n_updates            | 1575        |
|    policy_gradient_loss | -0.00721    |
|    value_loss           | 0.0159      |
-----------------------------------------
------------------------------------------
| rollout/                |              |
|    ep_len_mean          | 225          |
|    ep_rew_mean          | 148          |
| time/                   |              |
|    fps                  | 259          |
|    iterations           | 317          |
|    time_elapsed         | 10003        |
|    total_timesteps      | 2596864      |
| train/                  |              |
|    approx_kl            | 0.0058215302 |
|    clip_fraction        | 0.0654       |
|    clip_range           | 0.2          |
|    entropy_loss         | -0.931       |
|    explained_variance   | 0.992        |
|    learning_rate        | 0.0003       |
|    loss                 | -0.0154      |
|    n_updates            | 1580         |
|    policy_gradient_loss | -0.00473     |
|    value_loss           | 0.0136       |
------------------------------------------
------------------------------------------
| rollout/                |              |
|    ep_len_mean          | 231          |
|    ep_rew_mean          | 148          |
| time/                   |              |
|    fps                  | 259          |
|    iterations           | 318          |
|    time_elapsed         | 10033        |
|    total_timesteps      | 2605056      |
| train/                  |              |
|    approx_kl            | 0.0066669835 |
|    clip_fraction        | 0.0739       |
|    clip_range           | 0.2          |
|    entropy_loss         | -0.902       |
|    explained_variance   | 0.987        |
|    learning_rate        | 0.0003       |
|    loss                 | -0.00408     |
|    n_updates            | 1585         |
|    policy_gradient_loss | -0.00768     |
|    value_loss           | 0.0202       |
------------------------------------------
-----------------------------------------
| rollout/                |             |
|    ep_len_mean          | 228         |
|    ep_rew_mean          | 147         |
| time/                   |             |
|    fps                  | 259         |
|    iterations           | 319         |
|    time_elapsed         | 10064       |
|    total_timesteps      | 2613248     |
| train/                  |             |
|    approx_kl            | 0.005857615 |
|    clip_fraction        | 0.0628      |
|    clip_range           | 0.2         |
|    entropy_loss         | -0.943      |
|    explained_variance   | 0.992       |
|    learning_rate        | 0.0003      |
|    loss                 | -0.018      |
|    n_updates            | 1590        |
|    policy_gradient_loss | -0.00528    |
|    value_loss           | 0.0129      |
-----------------------------------------
-----------------------------------------
| rollout/                |             |
|    ep_len_mean          | 222         |
|    ep_rew_mean          | 149         |
| time/                   |             |
|    fps                  | 259         |
|    iterations           | 320         |
|    time_elapsed         | 10094       |
|    total_timesteps      | 2621440     |
| train/                  |             |
|    approx_kl            | 0.004736108 |
|    clip_fraction        | 0.0417      |
|    clip_range           | 0.2         |
|    entropy_loss         | -0.884      |
|    explained_variance   | 0.991       |
|    learning_rate        | 0.0003      |
|    loss                 | -0.0103     |
|    n_updates            | 1595        |
|    policy_gradient_loss | -0.00447    |
|    value_loss           | 0.016       |
-----------------------------------------
------------------------------------------
| rollout/                |              |
|    ep_len_mean          | 217          |
|    ep_rew_mean          | 149          |
| time/                   |              |
|    fps                  | 259          |
|    iterations           | 321          |
|    time_elapsed         | 10124        |
|    total_timesteps      | 2629632      |
| train/                  |              |
|    approx_kl            | 0.0065711774 |
|    clip_fraction        | 0.0519       |
|    clip_range           | 0.2          |
|    entropy_loss         | -0.817       |
|    explained_variance   | 0.993        |
|    learning_rate        | 0.0003       |
|    loss                 | -0.00681     |
|    n_updates            | 1600         |
|    policy_gradient_loss | -0.00551     |
|    value_loss           | 0.0127       |
------------------------------------------
------------------------------------------
| rollout/                |              |
|    ep_len_mean          | 222          |
|    ep_rew_mean          | 149          |
| time/                   |              |
|    fps                  | 259          |
|    iterations           | 322          |
|    time_elapsed         | 10154        |
|    total_timesteps      | 2637824      |
| train/                  |              |
|    approx_kl            | 0.0057396586 |
|    clip_fraction        | 0.0579       |
|    clip_range           | 0.2          |
|    entropy_loss         | -0.878       |
|    explained_variance   | 0.993        |
|    learning_rate        | 0.0003       |
|    loss                 | -0.0148      |
|    n_updates            | 1605         |
|    policy_gradient_loss | -0.00616     |
|    value_loss           | 0.0117       |
------------------------------------------
------------------------------------------
| rollout/                |              |
|    ep_len_mean          | 231          |
|    ep_rew_mean          | 149          |
| time/                   |              |
|    fps                  | 259          |
|    iterations           | 323          |
|    time_elapsed         | 10185        |
|    total_timesteps      | 2646016      |
| train/                  |              |
|    approx_kl            | 0.0077576805 |
|    clip_fraction        | 0.0663       |
|    clip_range           | 0.2          |
|    entropy_loss         | -0.952       |
|    explained_variance   | 0.99         |
|    learning_rate        | 0.0003       |
|    loss                 | -0.0108      |
|    n_updates            | 1610         |
|    policy_gradient_loss | -0.0064      |
|    value_loss           | 0.0171       |
------------------------------------------
-----------------------------------------
| rollout/                |             |
|    ep_len_mean          | 231         |
|    ep_rew_mean          | 150         |
| time/                   |             |
|    fps                  | 259         |
|    iterations           | 324         |
|    time_elapsed         | 10216       |
|    total_timesteps      | 2654208     |
| train/                  |             |
|    approx_kl            | 0.006354021 |
|    clip_fraction        | 0.0715      |
|    clip_range           | 0.2         |
|    entropy_loss         | -0.947      |
|    explained_variance   | 0.992       |
|    learning_rate        | 0.0003      |
|    loss                 | -0.0181     |
|    n_updates            | 1615        |
|    policy_gradient_loss | -0.00607    |
|    value_loss           | 0.0123      |
-----------------------------------------
-----------------------------------------
| rollout/                |             |
|    ep_len_mean          | 232         |
|    ep_rew_mean          | 151         |
| time/                   |             |
|    fps                  | 259         |
|    iterations           | 325         |
|    time_elapsed         | 10246       |
|    total_timesteps      | 2662400     |
| train/                  |             |
|    approx_kl            | 0.006175854 |
|    clip_fraction        | 0.0656      |
|    clip_range           | 0.2         |
|    entropy_loss         | -0.854      |
|    explained_variance   | 0.991       |
|    learning_rate        | 0.0003      |
|    loss                 | -0.0117     |
|    n_updates            | 1620        |
|    policy_gradient_loss | -0.00629    |
|    value_loss           | 0.0135      |
-----------------------------------------
-----------------------------------------
| rollout/                |             |
|    ep_len_mean          | 224         |
|    ep_rew_mean          | 149         |
| time/                   |             |
|    fps                  | 259         |
|    iterations           | 326         |
|    time_elapsed         | 10277       |
|    total_timesteps      | 2670592     |
| train/                  |             |
|    approx_kl            | 0.006577691 |
|    clip_fraction        | 0.0638      |
|    clip_range           | 0.2         |
|    entropy_loss         | -0.938      |
|    explained_variance   | 0.99        |
|    learning_rate        | 0.0003      |
|    loss                 | -0.00798    |
|    n_updates            | 1625        |
|    policy_gradient_loss | -0.00684    |
|    value_loss           | 0.0168      |
-----------------------------------------
------------------------------------------
| rollout/                |              |
|    ep_len_mean          | 224          |
|    ep_rew_mean          | 148          |
| time/                   |              |
|    fps                  | 259          |
|    iterations           | 327          |
|    time_elapsed         | 10307        |
|    total_timesteps      | 2678784      |
| train/                  |              |
|    approx_kl            | 0.0064677754 |
|    clip_fraction        | 0.0658       |
|    clip_range           | 0.2          |
|    entropy_loss         | -0.88        |
|    explained_variance   | 0.99         |
|    learning_rate        | 0.0003       |
|    loss                 | -1.44e-05    |
|    n_updates            | 1630         |
|    policy_gradient_loss | -0.00499     |
|    value_loss           | 0.0177       |
------------------------------------------
-----------------------------------------
| rollout/                |             |
|    ep_len_mean          | 216         |
|    ep_rew_mean          | 148         |
| time/                   |             |
|    fps                  | 259         |
|    iterations           | 328         |
|    time_elapsed         | 10338       |
|    total_timesteps      | 2686976     |
| train/                  |             |
|    approx_kl            | 0.005088427 |
|    clip_fraction        | 0.0623      |
|    clip_range           | 0.2         |
|    entropy_loss         | -0.868      |
|    explained_variance   | 0.991       |
|    learning_rate        | 0.0003      |
|    loss                 | -0.0178     |
|    n_updates            | 1635        |
|    policy_gradient_loss | -0.00572    |
|    value_loss           | 0.0158      |
-----------------------------------------
-----------------------------------------
| rollout/                |             |
|    ep_len_mean          | 217         |
|    ep_rew_mean          | 150         |
| time/                   |             |
|    fps                  | 259         |
|    iterations           | 329         |
|    time_elapsed         | 10370       |
|    total_timesteps      | 2695168     |
| train/                  |             |
|    approx_kl            | 0.005054305 |
|    clip_fraction        | 0.0477      |
|    clip_range           | 0.2         |
|    entropy_loss         | -0.776      |
|    explained_variance   | 0.99        |
|    learning_rate        | 0.0003      |
|    loss                 | -0.00689    |
|    n_updates            | 1640        |
|    policy_gradient_loss | -0.00553    |
|    value_loss           | 0.0183      |
-----------------------------------------
[Checkpoint] Saved at 2700000 steps > C:\Users\Admin\Desktop\disciple\realnewdisciples-main\Big_map\campaign_checkpoints\super-last-stand-capital-3m-20260912-222556\campaign_ppo_step_2700000.zip
Eval num_timesteps=2700000, det_reward=153.02 +/- 7.78
Episode length: det=193.15 +/- 27.02
Victory rate: det=0.00%
-------------------------------------------------
| eval/                           |             |
|    deterministic_mean_ep_length | 193         |
|    deterministic_mean_reward    | 153         |
|    deterministic_victory_rate   | 0           |
|    mean_ep_length               | 193         |
|    mean_reward                  | 153         |
|    victory_rate                 | 0           |
| time/                           |             |
|    total_timesteps              | 2700000     |
| train/                          |             |
|    approx_kl                    | 0.005660475 |
|    clip_fraction                | 0.0514      |
|    clip_range                   | 0.2         |
|    entropy_loss                 | -0.868      |
|    explained_variance           | 0.992       |
|    learning_rate                | 0.0003      |
|    loss                         | -0.00916    |
|    n_updates                    | 1645        |
|    policy_gradient_loss         | -0.00536    |
|    value_loss                   | 0.014       |
-------------------------------------------------
New best model by deterministic victory rate!
---------------------------------
| rollout/           |          |
|    ep_len_mean     | 223      |
|    ep_rew_mean     | 150      |
| time/              |          |
|    fps             | 259      |
|    iterations      | 330      |
|    time_elapsed    | 10416    |
|    total_timesteps | 2703360  |
---------------------------------
----------------------------------------
| rollout/                |            |
|    ep_len_mean          | 231        |
|    ep_rew_mean          | 151        |
| time/                   |            |
|    fps                  | 259        |
|    iterations           | 331        |
|    time_elapsed         | 10447      |
|    total_timesteps      | 2711552    |
| train/                  |            |
|    approx_kl            | 0.00632112 |
|    clip_fraction        | 0.0675     |
|    clip_range           | 0.2        |
|    entropy_loss         | -0.939     |
|    explained_variance   | 0.991      |
|    learning_rate        | 0.0003     |
|    loss                 | -0.0101    |
|    n_updates            | 1650       |
|    policy_gradient_loss | -0.00576   |
|    value_loss           | 0.016      |
----------------------------------------
------------------------------------------
| rollout/                |              |
|    ep_len_mean          | 229          |
|    ep_rew_mean          | 150          |
| time/                   |              |
|    fps                  | 259          |
|    iterations           | 332          |
|    time_elapsed         | 10479        |
|    total_timesteps      | 2719744      |
| train/                  |              |
|    approx_kl            | 0.0060628694 |
|    clip_fraction        | 0.0646       |
|    clip_range           | 0.2          |
|    entropy_loss         | -0.904       |
|    explained_variance   | 0.992        |
|    learning_rate        | 0.0003       |
|    loss                 | -0.0112      |
|    n_updates            | 1655         |
|    policy_gradient_loss | -0.00489     |
|    value_loss           | 0.0148       |
------------------------------------------
-----------------------------------------
| rollout/                |             |
|    ep_len_mean          | 219         |
|    ep_rew_mean          | 149         |
| time/                   |             |
|    fps                  | 259         |
|    iterations           | 333         |
|    time_elapsed         | 10509       |
|    total_timesteps      | 2727936     |
| train/                  |             |
|    approx_kl            | 0.005715532 |
|    clip_fraction        | 0.0636      |
|    clip_range           | 0.2         |
|    entropy_loss         | -0.807      |
|    explained_variance   | 0.993       |
|    learning_rate        | 0.0003      |
|    loss                 | -0.00971    |
|    n_updates            | 1660        |
|    policy_gradient_loss | -0.00461    |
|    value_loss           | 0.0146      |
-----------------------------------------
-----------------------------------------
| rollout/                |             |
|    ep_len_mean          | 219         |
|    ep_rew_mean          | 150         |
| time/                   |             |
|    fps                  | 259         |
|    iterations           | 334         |
|    time_elapsed         | 10539       |
|    total_timesteps      | 2736128     |
| train/                  |             |
|    approx_kl            | 0.009706911 |
|    clip_fraction        | 0.0796      |
|    clip_range           | 0.2         |
|    entropy_loss         | -0.835      |
|    explained_variance   | 0.986       |
|    learning_rate        | 0.0003      |
|    loss                 | -0.00179    |
|    n_updates            | 1665        |
|    policy_gradient_loss | -0.00547    |
|    value_loss           | 0.0228      |
-----------------------------------------
-----------------------------------------
| rollout/                |             |
|    ep_len_mean          | 222         |
|    ep_rew_mean          | 149         |
| time/                   |             |
|    fps                  | 259         |
|    iterations           | 335         |
|    time_elapsed         | 10569       |
|    total_timesteps      | 2744320     |
| train/                  |             |
|    approx_kl            | 0.009401988 |
|    clip_fraction        | 0.0864      |
|    clip_range           | 0.2         |
|    entropy_loss         | -0.837      |
|    explained_variance   | 0.99        |
|    learning_rate        | 0.0003      |
|    loss                 | -0.0099     |
|    n_updates            | 1670        |
|    policy_gradient_loss | -0.00688    |
|    value_loss           | 0.0176      |
-----------------------------------------
-----------------------------------------
| rollout/                |             |
|    ep_len_mean          | 222         |
|    ep_rew_mean          | 150         |
| time/                   |             |
|    fps                  | 259         |
|    iterations           | 336         |
|    time_elapsed         | 10600       |
|    total_timesteps      | 2752512     |
| train/                  |             |
|    approx_kl            | 0.006797854 |
|    clip_fraction        | 0.0631      |
|    clip_range           | 0.2         |
|    entropy_loss         | -0.852      |
|    explained_variance   | 0.988       |
|    learning_rate        | 0.0003      |
|    loss                 | -0.00564    |
|    n_updates            | 1675        |
|    policy_gradient_loss | -0.00607    |
|    value_loss           | 0.0213      |
-----------------------------------------
-----------------------------------------
| rollout/                |             |
|    ep_len_mean          | 224         |
|    ep_rew_mean          | 151         |
| time/                   |             |
|    fps                  | 259         |
|    iterations           | 337         |
|    time_elapsed         | 10630       |
|    total_timesteps      | 2760704     |
| train/                  |             |
|    approx_kl            | 0.005845555 |
|    clip_fraction        | 0.053       |
|    clip_range           | 0.2         |
|    entropy_loss         | -0.842      |
|    explained_variance   | 0.989       |
|    learning_rate        | 0.0003      |
|    loss                 | -0.00195    |
|    n_updates            | 1680        |
|    policy_gradient_loss | -0.00576    |
|    value_loss           | 0.018       |
-----------------------------------------
-----------------------------------------
| rollout/                |             |
|    ep_len_mean          | 223         |
|    ep_rew_mean          | 151         |
| time/                   |             |
|    fps                  | 259         |
|    iterations           | 338         |
|    time_elapsed         | 10660       |
|    total_timesteps      | 2768896     |
| train/                  |             |
|    approx_kl            | 0.006858578 |
|    clip_fraction        | 0.0724      |
|    clip_range           | 0.2         |
|    entropy_loss         | -0.823      |
|    explained_variance   | 0.99        |
|    learning_rate        | 0.0003      |
|    loss                 | -0.0124     |
|    n_updates            | 1685        |
|    policy_gradient_loss | -0.0071     |
|    value_loss           | 0.0167      |
-----------------------------------------
------------------------------------------
| rollout/                |              |
|    ep_len_mean          | 221          |
|    ep_rew_mean          | 152          |
| time/                   |              |
|    fps                  | 259          |
|    iterations           | 339          |
|    time_elapsed         | 10690        |
|    total_timesteps      | 2777088      |
| train/                  |              |
|    approx_kl            | 0.0076299235 |
|    clip_fraction        | 0.0711       |
|    clip_range           | 0.2          |
|    entropy_loss         | -0.847       |
|    explained_variance   | 0.99         |
|    learning_rate        | 0.0003       |
|    loss                 | -0.0102      |
|    n_updates            | 1690         |
|    policy_gradient_loss | -0.00508     |
|    value_loss           | 0.0168       |
------------------------------------------
-----------------------------------------
| rollout/                |             |
|    ep_len_mean          | 221         |
|    ep_rew_mean          | 153         |
| time/                   |             |
|    fps                  | 259         |
|    iterations           | 340         |
|    time_elapsed         | 10721       |
|    total_timesteps      | 2785280     |
| train/                  |             |
|    approx_kl            | 0.005703621 |
|    clip_fraction        | 0.0624      |
|    clip_range           | 0.2         |
|    entropy_loss         | -0.798      |
|    explained_variance   | 0.988       |
|    learning_rate        | 0.0003      |
|    loss                 | -0.00332    |
|    n_updates            | 1695        |
|    policy_gradient_loss | -0.00529    |
|    value_loss           | 0.0216      |
-----------------------------------------
------------------------------------------
| rollout/                |              |
|    ep_len_mean          | 220          |
|    ep_rew_mean          | 153          |
| time/                   |              |
|    fps                  | 259          |
|    iterations           | 341          |
|    time_elapsed         | 10751        |
|    total_timesteps      | 2793472      |
| train/                  |              |
|    approx_kl            | 0.0055822665 |
|    clip_fraction        | 0.0518       |
|    clip_range           | 0.2          |
|    entropy_loss         | -0.784       |
|    explained_variance   | 0.988        |
|    learning_rate        | 0.0003       |
|    loss                 | -0.0115      |
|    n_updates            | 1700         |
|    policy_gradient_loss | -0.00507     |
|    value_loss           | 0.0195       |
------------------------------------------
------------------------------------------
| rollout/                |              |
|    ep_len_mean          | 221          |
|    ep_rew_mean          | 154          |
| time/                   |              |
|    fps                  | 259          |
|    iterations           | 342          |
|    time_elapsed         | 10781        |
|    total_timesteps      | 2801664      |
| train/                  |              |
|    approx_kl            | 0.0063515734 |
|    clip_fraction        | 0.0709       |
|    clip_range           | 0.2          |
|    entropy_loss         | -0.802       |
|    explained_variance   | 0.99         |
|    learning_rate        | 0.0003       |
|    loss                 | -0.014       |
|    n_updates            | 1705         |
|    policy_gradient_loss | -0.0053      |
|    value_loss           | 0.0183       |
------------------------------------------
----------------------------------------
| rollout/                |            |
|    ep_len_mean          | 222        |
|    ep_rew_mean          | 154        |
| time/                   |            |
|    fps                  | 259        |
|    iterations           | 343        |
|    time_elapsed         | 10811      |
|    total_timesteps      | 2809856    |
| train/                  |            |
|    approx_kl            | 0.00922276 |
|    clip_fraction        | 0.0725     |
|    clip_range           | 0.2        |
|    entropy_loss         | -0.796     |
|    explained_variance   | 0.988      |
|    learning_rate        | 0.0003     |
|    loss                 | -0.00956   |
|    n_updates            | 1710       |
|    policy_gradient_loss | -0.00644   |
|    value_loss           | 0.0212     |
----------------------------------------
-----------------------------------------
| rollout/                |             |
|    ep_len_mean          | 221         |
|    ep_rew_mean          | 154         |
| time/                   |             |
|    fps                  | 259         |
|    iterations           | 344         |
|    time_elapsed         | 10841       |
|    total_timesteps      | 2818048     |
| train/                  |             |
|    approx_kl            | 0.006873914 |
|    clip_fraction        | 0.0726      |
|    clip_range           | 0.2         |
|    entropy_loss         | -0.843      |
|    explained_variance   | 0.988       |
|    learning_rate        | 0.0003      |
|    loss                 | -0.0114     |
|    n_updates            | 1715        |
|    policy_gradient_loss | -0.004      |
|    value_loss           | 0.0217      |
-----------------------------------------
-----------------------------------------
| rollout/                |             |
|    ep_len_mean          | 228         |
|    ep_rew_mean          | 153         |
| time/                   |             |
|    fps                  | 259         |
|    iterations           | 345         |
|    time_elapsed         | 10871       |
|    total_timesteps      | 2826240     |
| train/                  |             |
|    approx_kl            | 0.007707619 |
|    clip_fraction        | 0.0644      |
|    clip_range           | 0.2         |
|    entropy_loss         | -0.794      |
|    explained_variance   | 0.989       |
|    learning_rate        | 0.0003      |
|    loss                 | -0.012      |
|    n_updates            | 1720        |
|    policy_gradient_loss | -0.00621    |
|    value_loss           | 0.0185      |
-----------------------------------------
-----------------------------------------
| rollout/                |             |
|    ep_len_mean          | 228         |
|    ep_rew_mean          | 152         |
| time/                   |             |
|    fps                  | 260         |
|    iterations           | 346         |
|    time_elapsed         | 10901       |
|    total_timesteps      | 2834432     |
| train/                  |             |
|    approx_kl            | 0.007063147 |
|    clip_fraction        | 0.0759      |
|    clip_range           | 0.2         |
|    entropy_loss         | -0.902      |
|    explained_variance   | 0.99        |
|    learning_rate        | 0.0003      |
|    loss                 | -0.019      |
|    n_updates            | 1725        |
|    policy_gradient_loss | -0.00548    |
|    value_loss           | 0.0176      |
-----------------------------------------
------------------------------------------
| rollout/                |              |
|    ep_len_mean          | 231          |
|    ep_rew_mean          | 153          |
| time/                   |              |
|    fps                  | 259          |
|    iterations           | 347          |
|    time_elapsed         | 10935        |
|    total_timesteps      | 2842624      |
| train/                  |              |
|    approx_kl            | 0.0062829517 |
|    clip_fraction        | 0.0795       |
|    clip_range           | 0.2          |
|    entropy_loss         | -0.827       |
|    explained_variance   | 0.99         |
|    learning_rate        | 0.0003       |
|    loss                 | -0.0123      |
|    n_updates            | 1730         |
|    policy_gradient_loss | -0.00449     |
|    value_loss           | 0.0167       |
------------------------------------------
-----------------------------------------
| rollout/                |             |
|    ep_len_mean          | 225         |
|    ep_rew_mean          | 153         |
| time/                   |             |
|    fps                  | 259         |
|    iterations           | 348         |
|    time_elapsed         | 10966       |
|    total_timesteps      | 2850816     |
| train/                  |             |
|    approx_kl            | 0.006113048 |
|    clip_fraction        | 0.0621      |
|    clip_range           | 0.2         |
|    entropy_loss         | -0.824      |
|    explained_variance   | 0.99        |
|    learning_rate        | 0.0003      |
|    loss                 | -0.00703    |
|    n_updates            | 1735        |
|    policy_gradient_loss | -0.00402    |
|    value_loss           | 0.0186      |
-----------------------------------------
----------------------------------------
| rollout/                |            |
|    ep_len_mean          | 226        |
|    ep_rew_mean          | 154        |
| time/                   |            |
|    fps                  | 259        |
|    iterations           | 349        |
|    time_elapsed         | 10996      |
|    total_timesteps      | 2859008    |
| train/                  |            |
|    approx_kl            | 0.00848121 |
|    clip_fraction        | 0.0702     |
|    clip_range           | 0.2        |
|    entropy_loss         | -0.815     |
|    explained_variance   | 0.988      |
|    learning_rate        | 0.0003     |
|    loss                 | -0.00815   |
|    n_updates            | 1740       |
|    policy_gradient_loss | -0.00332   |
|    value_loss           | 0.0236     |
----------------------------------------
----------------------------------------
| rollout/                |            |
|    ep_len_mean          | 226        |
|    ep_rew_mean          | 156        |
| time/                   |            |
|    fps                  | 260        |
|    iterations           | 350        |
|    time_elapsed         | 11026      |
|    total_timesteps      | 2867200    |
| train/                  |            |
|    approx_kl            | 0.00869582 |
|    clip_fraction        | 0.0701     |
|    clip_range           | 0.2        |
|    entropy_loss         | -0.802     |
|    explained_variance   | 0.991      |
|    learning_rate        | 0.0003     |
|    loss                 | -0.0115    |
|    n_updates            | 1745       |
|    policy_gradient_loss | -0.00553   |
|    value_loss           | 0.0157     |
----------------------------------------
-----------------------------------------
| rollout/                |             |
|    ep_len_mean          | 233         |
|    ep_rew_mean          | 156         |
| time/                   |             |
|    fps                  | 260         |
|    iterations           | 351         |
|    time_elapsed         | 11057       |
|    total_timesteps      | 2875392     |
| train/                  |             |
|    approx_kl            | 0.008499843 |
|    clip_fraction        | 0.0693      |
|    clip_range           | 0.2         |
|    entropy_loss         | -0.829      |
|    explained_variance   | 0.986       |
|    learning_rate        | 0.0003      |
|    loss                 | -0.000741   |
|    n_updates            | 1750        |
|    policy_gradient_loss | -0.0061     |
|    value_loss           | 0.0245      |
-----------------------------------------
------------------------------------------
| rollout/                |              |
|    ep_len_mean          | 227          |
|    ep_rew_mean          | 154          |
| time/                   |              |
|    fps                  | 260          |
|    iterations           | 352          |
|    time_elapsed         | 11087        |
|    total_timesteps      | 2883584      |
| train/                  |              |
|    approx_kl            | 0.0056338636 |
|    clip_fraction        | 0.0625       |
|    clip_range           | 0.2          |
|    entropy_loss         | -0.839       |
|    explained_variance   | 0.988        |
|    learning_rate        | 0.0003       |
|    loss                 | -0.00691     |
|    n_updates            | 1755         |
|    policy_gradient_loss | -0.00525     |
|    value_loss           | 0.0237       |
------------------------------------------
------------------------------------------
| rollout/                |              |
|    ep_len_mean          | 226          |
|    ep_rew_mean          | 155          |
| time/                   |              |
|    fps                  | 260          |
|    iterations           | 353          |
|    time_elapsed         | 11117        |
|    total_timesteps      | 2891776      |
| train/                  |              |
|    approx_kl            | 0.0072050197 |
|    clip_fraction        | 0.0675       |
|    clip_range           | 0.2          |
|    entropy_loss         | -0.737       |
|    explained_variance   | 0.992        |
|    learning_rate        | 0.0003       |
|    loss                 | -0.0143      |
|    n_updates            | 1760         |
|    policy_gradient_loss | -0.00716     |
|    value_loss           | 0.015        |
------------------------------------------
-----------------------------------------
| rollout/                |             |
|    ep_len_mean          | 228         |
|    ep_rew_mean          | 156         |
| time/                   |             |
|    fps                  | 260         |
|    iterations           | 354         |
|    time_elapsed         | 11147       |
|    total_timesteps      | 2899968     |
| train/                  |             |
|    approx_kl            | 0.005969044 |
|    clip_fraction        | 0.0644      |
|    clip_range           | 0.2         |
|    entropy_loss         | -0.831      |
|    explained_variance   | 0.99        |
|    learning_rate        | 0.0003      |
|    loss                 | -0.00848    |
|    n_updates            | 1765        |
|    policy_gradient_loss | -0.00476    |
|    value_loss           | 0.019       |
-----------------------------------------
------------------------------------------
| rollout/                |              |
|    ep_len_mean          | 232          |
|    ep_rew_mean          | 157          |
| time/                   |              |
|    fps                  | 260          |
|    iterations           | 355          |
|    time_elapsed         | 11177        |
|    total_timesteps      | 2908160      |
| train/                  |              |
|    approx_kl            | 0.0057314914 |
|    clip_fraction        | 0.0721       |
|    clip_range           | 0.2          |
|    entropy_loss         | -0.786       |
|    explained_variance   | 0.991        |
|    learning_rate        | 0.0003       |
|    loss                 | -0.0103      |
|    n_updates            | 1770         |
|    policy_gradient_loss | -0.00585     |
|    value_loss           | 0.0171       |
------------------------------------------
-----------------------------------------
| rollout/                |             |
|    ep_len_mean          | 233         |
|    ep_rew_mean          | 158         |
| time/                   |             |
|    fps                  | 260         |
|    iterations           | 356         |
|    time_elapsed         | 11208       |
|    total_timesteps      | 2916352     |
| train/                  |             |
|    approx_kl            | 0.009069062 |
|    clip_fraction        | 0.0744      |
|    clip_range           | 0.2         |
|    entropy_loss         | -0.768      |
|    explained_variance   | 0.989       |
|    learning_rate        | 0.0003      |
|    loss                 | -0.00437    |
|    n_updates            | 1775        |
|    policy_gradient_loss | -0.00395    |
|    value_loss           | 0.0214      |
-----------------------------------------
-----------------------------------------
| rollout/                |             |
|    ep_len_mean          | 228         |
|    ep_rew_mean          | 157         |
| time/                   |             |
|    fps                  | 260         |
|    iterations           | 357         |
|    time_elapsed         | 11238       |
|    total_timesteps      | 2924544     |
| train/                  |             |
|    approx_kl            | 0.005229776 |
|    clip_fraction        | 0.0701      |
|    clip_range           | 0.2         |
|    entropy_loss         | -0.788      |
|    explained_variance   | 0.991       |
|    learning_rate        | 0.0003      |
|    loss                 | -0.0141     |
|    n_updates            | 1780        |
|    policy_gradient_loss | -0.00464    |
|    value_loss           | 0.0164      |
-----------------------------------------
-----------------------------------------
| rollout/                |             |
|    ep_len_mean          | 224         |
|    ep_rew_mean          | 158         |
| time/                   |             |
|    fps                  | 260         |
|    iterations           | 358         |
|    time_elapsed         | 11268       |
|    total_timesteps      | 2932736     |
| train/                  |             |
|    approx_kl            | 0.004963764 |
|    clip_fraction        | 0.045       |
|    clip_range           | 0.2         |
|    entropy_loss         | -0.714      |
|    explained_variance   | 0.988       |
|    learning_rate        | 0.0003      |
|    loss                 | -0.00406    |
|    n_updates            | 1785        |
|    policy_gradient_loss | -0.00449    |
|    value_loss           | 0.0217      |
-----------------------------------------
------------------------------------------
| rollout/                |              |
|    ep_len_mean          | 219          |
|    ep_rew_mean          | 157          |
| time/                   |              |
|    fps                  | 260          |
|    iterations           | 359          |
|    time_elapsed         | 11300        |
|    total_timesteps      | 2940928      |
| train/                  |              |
|    approx_kl            | 0.0061861626 |
|    clip_fraction        | 0.0722       |
|    clip_range           | 0.2          |
|    entropy_loss         | -0.731       |
|    explained_variance   | 0.99         |
|    learning_rate        | 0.0003       |
|    loss                 | -0.0179      |
|    n_updates            | 1790         |
|    policy_gradient_loss | -0.00402     |
|    value_loss           | 0.0178       |
------------------------------------------
-----------------------------------------
| rollout/                |             |
|    ep_len_mean          | 222         |
|    ep_rew_mean          | 157         |
| time/                   |             |
|    fps                  | 260         |
|    iterations           | 360         |
|    time_elapsed         | 11330       |
|    total_timesteps      | 2949120     |
| train/                  |             |
|    approx_kl            | 0.005148232 |
|    clip_fraction        | 0.0455      |
|    clip_range           | 0.2         |
|    entropy_loss         | -0.708      |
|    explained_variance   | 0.99        |
|    learning_rate        | 0.0003      |
|    loss                 | 0.00189     |
|    n_updates            | 1795        |
|    policy_gradient_loss | -0.00438    |
|    value_loss           | 0.0189      |
-----------------------------------------
------------------------------------------
| rollout/                |              |
|    ep_len_mean          | 226          |
|    ep_rew_mean          | 158          |
| time/                   |              |
|    fps                  | 260          |
|    iterations           | 361          |
|    time_elapsed         | 11360        |
|    total_timesteps      | 2957312      |
| train/                  |              |
|    approx_kl            | 0.0070313914 |
|    clip_fraction        | 0.0643       |
|    clip_range           | 0.2          |
|    entropy_loss         | -0.726       |
|    explained_variance   | 0.991        |
|    learning_rate        | 0.0003       |
|    loss                 | -0.00776     |
|    n_updates            | 1800         |
|    policy_gradient_loss | -0.00579     |
|    value_loss           | 0.0155       |
------------------------------------------
------------------------------------------
| rollout/                |              |
|    ep_len_mean          | 229          |
|    ep_rew_mean          | 156          |
| time/                   |              |
|    fps                  | 260          |
|    iterations           | 362          |
|    time_elapsed         | 11392        |
|    total_timesteps      | 2965504      |
| train/                  |              |
|    approx_kl            | 0.0061305733 |
|    clip_fraction        | 0.0582       |
|    clip_range           | 0.2          |
|    entropy_loss         | -0.777       |
|    explained_variance   | 0.989        |
|    learning_rate        | 0.0003       |
|    loss                 | -0.0132      |
|    n_updates            | 1805         |
|    policy_gradient_loss | -0.00496     |
|    value_loss           | 0.0207       |
------------------------------------------
-----------------------------------------
| rollout/                |             |
|    ep_len_mean          | 234         |
|    ep_rew_mean          | 158         |
| time/                   |             |
|    fps                  | 260         |
|    iterations           | 363         |
|    time_elapsed         | 11422       |
|    total_timesteps      | 2973696     |
| train/                  |             |
|    approx_kl            | 0.006091317 |
|    clip_fraction        | 0.0517      |
|    clip_range           | 0.2         |
|    entropy_loss         | -0.807      |
|    explained_variance   | 0.982       |
|    learning_rate        | 0.0003      |
|    loss                 | 0.000602    |
|    n_updates            | 1810        |
|    policy_gradient_loss | -0.00542    |
|    value_loss           | 0.0308      |
-----------------------------------------
-----------------------------------------
| rollout/                |             |
|    ep_len_mean          | 227         |
|    ep_rew_mean          | 158         |
| time/                   |             |
|    fps                  | 260         |
|    iterations           | 364         |
|    time_elapsed         | 11454       |
|    total_timesteps      | 2981888     |
| train/                  |             |
|    approx_kl            | 0.005605912 |
|    clip_fraction        | 0.0666      |
|    clip_range           | 0.2         |
|    entropy_loss         | -0.76       |
|    explained_variance   | 0.987       |
|    learning_rate        | 0.0003      |
|    loss                 | -0.00513    |
|    n_updates            | 1815        |
|    policy_gradient_loss | -0.00494    |
|    value_loss           | 0.0217      |
-----------------------------------------
------------------------------------------
| rollout/                |              |
|    ep_len_mean          | 227          |
|    ep_rew_mean          | 160          |
| time/                   |              |
|    fps                  | 260          |
|    iterations           | 365          |
|    time_elapsed         | 11484        |
|    total_timesteps      | 2990080      |
| train/                  |              |
|    approx_kl            | 0.0058966624 |
|    clip_fraction        | 0.0515       |
|    clip_range           | 0.2          |
|    entropy_loss         | -0.72        |
|    explained_variance   | 0.987        |
|    learning_rate        | 0.0003       |
|    loss                 | -0.00788     |
|    n_updates            | 1820         |
|    policy_gradient_loss | -0.00541     |
|    value_loss           | 0.0225       |
------------------------------------------
------------------------------------------
| rollout/                |              |
|    ep_len_mean          | 224          |
|    ep_rew_mean          | 157          |
| time/                   |              |
|    fps                  | 260          |
|    iterations           | 366          |
|    time_elapsed         | 11515        |
|    total_timesteps      | 2998272      |
| train/                  |              |
|    approx_kl            | 0.0052224547 |
|    clip_fraction        | 0.051        |
|    clip_range           | 0.2          |
|    entropy_loss         | -0.74        |
|    explained_variance   | 0.989        |
|    learning_rate        | 0.0003       |
|    loss                 | -0.00055     |
|    n_updates            | 1825         |
|    policy_gradient_loss | -0.00405     |
|    value_loss           | 0.0195       |
------------------------------------------
[Checkpoint] Saved at 3000000 steps > C:\Users\Admin\Desktop\disciple\realnewdisciples-main\Big_map\campaign_checkpoints\super-last-stand-capital-3m-20260912-222556\campaign_ppo_step_3000000.zip
Eval num_timesteps=3000000, det_reward=155.23 +/- 15.42
Episode length: det=191.40 +/- 17.96
Victory rate: det=0.00%
-------------------------------------------------
| eval/                           |             |
|    deterministic_mean_ep_length | 191         |
|    deterministic_mean_reward    | 155         |
|    deterministic_victory_rate   | 0           |
|    mean_ep_length               | 191         |
|    mean_reward                  | 155         |
|    victory_rate                 | 0           |
| time/                           |             |
|    total_timesteps              | 3000000     |
| train/                          |             |
|    approx_kl                    | 0.009074008 |
|    clip_fraction                | 0.0678      |
|    clip_range                   | 0.2         |
|    entropy_loss                 | -0.788      |
|    explained_variance           | 0.991       |
|    learning_rate                | 0.0003      |
|    loss                         | -0.0122     |
|    n_updates                    | 1830        |
|    policy_gradient_loss         | -0.00589    |
|    value_loss                   | 0.0173      |
-------------------------------------------------
New best model by deterministic victory rate!
---------------------------------
| rollout/           |          |
|    ep_len_mean     | 231      |
|    ep_rew_mean     | 159      |
| time/              |          |
|    fps             | 260      |
|    iterations      | 367      |
|    time_elapsed    | 11562    |
|    total_timesteps | 3006464  |
---------------------------------
VecNormalize stats saved: C:\Users\Admin\Desktop\disciple\realnewdisciples-main\Big_map\campaign_models\super-last-stand-capital-3m-20260912-222556/vecnormalize.pkl

Финальная модель сохранена: C:\Users\Admin\Desktop\disciple\realnewdisciples-main\Big_map\campaign_models\super-last-stand-capital-3m-20260912-222556/final_model.zip

============================================================
ИТОГИ ОБУЧЕНИЯ:
  Побед: 0
  Поражений: 13436
  Таймаутов: 0
  Побед бота столицы над врагами: 0
  Перестановок юнитов: 278462
  Терминальные поражения по противникам:
    enemy_107: 8244 — Волна 3 — «Разведка боем» (~1050); Люди
    enemy_108: 2949 — Волна 3 — «Разведка боем» (~1050); Эльфы
    enemy_106: 647 — Волна 2 — «Регулярные роты» (~770); Гномы
    enemy_109: 266 — Волна 3 — «Разведка боем» (~1050); Гномы
    enemy_10: 260 — Гарнизон города тёмных эльфов
    enemy_105: 208 — Волна 2 — «Регулярные роты» (~770); Эльфы
    enemy_2: 207 — Один Мастер оккультист
    enemy_104: 181 — Волна 2 — «Регулярные роты» (~770); Люди
    enemy_110: 125 — Волна 4 — «Первая сталь» (~1300); Люди
    enemy_3: 76 — Морской змей и Кракен охраняют драгоценность в озере
    enemy_70: 66 — Руины: Тролль, Людоед и Гоблин старейшина
    enemy_71: 62 — Забытые эльфийские руины: нейтральный грифон, эльфийский оракул, лорд эльфов и эльф-рейнджер
    enemy_11: 42 — Гарнизон города сильных варваров
    enemy_101: 36 — Волна 1 — «Первая волна»; Люди
    enemy_102: 27 — Волна 1 — «Первая волна»; Эльфы
    enemy_111: 22 — Волна 4 — «Первая сталь» (~1300); Эльфы
    enemy_103: 17 — Волна 1 — «Первая волна»; Гномы
    enemy_112: 1 — Волна 4 — «Первая сталь» (~1300); Гномы
  Winrate: 0.0%
============================================================
  График призывов за эпизод: C:\Users\Admin\Desktop\disciple\realnewdisciples-main\Big_map\outputs\campaign_summoned_units_per_episode.png
  График призывов за всё обучение: C:\Users\Admin\Desktop\disciple\realnewdisciples-main\Big_map\outputs\campaign_summoned_units_cumulative.png
  График найма за эпизод: C:\Users\Admin\Desktop\disciple\realnewdisciples-main\Big_map\outputs\campaign_hired_units_per_episode.png
  График найма за всё обучение: C:\Users\Admin\Desktop\disciple\realnewdisciples-main\Big_map\outputs\campaign_hired_units_cumulative.png
  График перестановок юнитов за эпизод: C:\Users\Admin\Desktop\disciple\realnewdisciples-main\Big_map\outputs\campaign_unit_swaps_per_episode.png
  График боевых предметов: C:\Users\Admin\Desktop\disciple\realnewdisciples-main\Big_map\outputs\campaign_battle_item_activity.png
  График побед бота столицы за эпизод: C:\Users\Admin\Desktop\disciple\realnewdisciples-main\Big_map\outputs\campaign_scripted_bot_victories_per_episode.png
  График применения заклинаний: C:\Users\Admin\Desktop\disciple\realnewdisciples-main\Big_map\outputs\campaign_spell_cast_activity.png
