Проверка среды CampaignEnv...
Среда прошла проверку!
[INFO] Comet disabled, running without experiment tracking
Создание 4 параллельных сред (dummy)...
[Resume] VecNormalize stats loaded: campaign_models\super-last-stand-capital-3m-20260912-222556\vecnormalize.pkl
Инициализация MaskablePPO...
[Resume] Model loaded: campaign_models\super-last-stand-capital-3m-20260912-222556\final_model.zip
[Resume] Model timesteps: 3,006,464

============================================================
Запуск обучения Campaign Agent
Всего шагов: 6,000,000
Параллельных сред: 4
VecEnv: dummy
Seed: 43
Checkpoint каждые: 300,000 шагов
Evaluation каждые: 75,000 шагов
Eval deterministic эпизодов: 20
Eval stochastic эпизодов: 0
Eval лимит шагов на эпизод: 5000
Campaign map: super_last_stand
Campaign objective: waves
System resources at training start:
  Platform: Windows 11 (AMD64)
  Python: 3.14.6
  PyTorch: 2.12.1+cpu
  Training device: cpu
  CPU model: Intel64 Family 6 Model 158 Stepping 10, GenuineIntel
  CPU vendor: unknown
  Logical CPUs visible: 6
  Process CPU affinity: 6
  Sockets: unknown
  Cores per socket: unknown
  Threads per core: unknown
  CPU max MHz: unknown
  CPU min MHz: unknown
  L1d cache: unknown
  L1i cache: unknown
  L2 cache: unknown
  L3 cache: unknown
  Virtualization: unknown
  Hypervisor: unknown
  RAM total: unknown
  RAM available at start: unknown
  Disk total: 237.56 GiB
  Disk free at start: 49.83 GiB
  Torch intra-op threads: 1
  Torch inter-op threads: 1
  OMP_NUM_THREADS: 1
  MKL_NUM_THREADS: 1
  OPENBLAS_NUM_THREADS: 1
PPO n_steps: 2,048
PPO batch_size: 512
PPO n_epochs: 5
PPO learning_rate: 0.0003
PPO clip_range: 0.2
PPO ent_coef: 0.01
PPO gamma: 0.995
PPO gae_lambda: 0.95
PPO target_kl: disabled
PPO gradient batches per rollout: 80
VecCheckNan: enabled
Freeze action layout: enabled
Empire territory: enabled
Torch threads per process: 1
Diagnostics: enabled
Wall-clock training limit: disabled
Diagnostics dir: C:\Users\Admin\Desktop\disciple\realnewdisciples-main\Big_map\campaign_diagnostics\super-last-stand-capital-6m-20260913-132436
Resume model: campaign_models\super-last-stand-capital-3m-20260912-222556\final_model.zip
Resume VecNormalize: campaign_models\super-last-stand-capital-3m-20260912-222556\vecnormalize.pkl
Resume start timesteps: 3,006,464
Learn call timesteps: 2,993,536
Reset num timesteps: False
Run ID: super-last-stand-capital-6m-20260913-132436
============================================================

Logging to C:\Users\Admin\Desktop\disciple\realnewdisciples-main\Big_map\campaign_tb_logs\super-last-stand-capital-6m-20260913-132436\MaskablePPO_0
---------------------------------
| rollout/           |          |
|    ep_len_mean     | 230      |
|    ep_rew_mean     | 157      |
| time/              |          |
|    fps             | 324      |
|    iterations      | 1        |
|    time_elapsed    | 25       |
|    total_timesteps | 3014656  |
---------------------------------
------------------------------------------
| rollout/                |              |
|    ep_len_mean          | 227          |
|    ep_rew_mean          | 157          |
| time/                   |              |
|    fps                  | 294          |
|    iterations           | 2            |
|    time_elapsed         | 55           |
|    total_timesteps      | 3022848      |
| train/                  |              |
|    approx_kl            | 0.0046412842 |
|    clip_fraction        | 0.0472       |
|    clip_range           | 0.2          |
|    entropy_loss         | -0.792       |
|    explained_variance   | 0.989        |
|    learning_rate        | 0.0003       |
|    loss                 | -0.00436     |
|    n_updates            | 1840         |
|    policy_gradient_loss | -0.00445     |
|    value_loss           | 0.0201       |
------------------------------------------
------------------------------------------
| rollout/                |              |
|    ep_len_mean          | 229          |
|    ep_rew_mean          | 158          |
| time/                   |              |
|    fps                  | 286          |
|    iterations           | 3            |
|    time_elapsed         | 85           |
|    total_timesteps      | 3031040      |
| train/                  |              |
|    approx_kl            | 0.0058715916 |
|    clip_fraction        | 0.0605       |
|    clip_range           | 0.2          |
|    entropy_loss         | -0.726       |
|    explained_variance   | 0.988        |
|    learning_rate        | 0.0003       |
|    loss                 | -0.00667     |
|    n_updates            | 1845         |
|    policy_gradient_loss | -0.00368     |
|    value_loss           | 0.0197       |
------------------------------------------
-----------------------------------------
| rollout/                |             |
|    ep_len_mean          | 229         |
|    ep_rew_mean          | 159         |
| time/                   |             |
|    fps                  | 284         |
|    iterations           | 4           |
|    time_elapsed         | 115         |
|    total_timesteps      | 3039232     |
| train/                  |             |
|    approx_kl            | 0.005288489 |
|    clip_fraction        | 0.0583      |
|    clip_range           | 0.2         |
|    entropy_loss         | -0.728      |
|    explained_variance   | 0.992       |
|    learning_rate        | 0.0003      |
|    loss                 | -0.0182     |
|    n_updates            | 1850        |
|    policy_gradient_loss | -0.00449    |
|    value_loss           | 0.0146      |
-----------------------------------------
-----------------------------------------
| rollout/                |             |
|    ep_len_mean          | 234         |
|    ep_rew_mean          | 161         |
| time/                   |             |
|    fps                  | 285         |
|    iterations           | 5           |
|    time_elapsed         | 143         |
|    total_timesteps      | 3047424     |
| train/                  |             |
|    approx_kl            | 0.008188816 |
|    clip_fraction        | 0.0665      |
|    clip_range           | 0.2         |
|    entropy_loss         | -0.759      |
|    explained_variance   | 0.987       |
|    learning_rate        | 0.0003      |
|    loss                 | 0.00193     |
|    n_updates            | 1855        |
|    policy_gradient_loss | -0.00484    |
|    value_loss           | 0.023       |
-----------------------------------------
-----------------------------------------
| rollout/                |             |
|    ep_len_mean          | 232         |
|    ep_rew_mean          | 159         |
| time/                   |             |
|    fps                  | 286         |
|    iterations           | 6           |
|    time_elapsed         | 171         |
|    total_timesteps      | 3055616     |
| train/                  |             |
|    approx_kl            | 0.005468484 |
|    clip_fraction        | 0.065       |
|    clip_range           | 0.2         |
|    entropy_loss         | -0.788      |
|    explained_variance   | 0.984       |
|    learning_rate        | 0.0003      |
|    loss                 | -0.00393    |
|    n_updates            | 1860        |
|    policy_gradient_loss | -0.00332    |
|    value_loss           | 0.0272      |
-----------------------------------------
-----------------------------------------
| rollout/                |             |
|    ep_len_mean          | 232         |
|    ep_rew_mean          | 161         |
| time/                   |             |
|    fps                  | 287         |
|    iterations           | 7           |
|    time_elapsed         | 199         |
|    total_timesteps      | 3063808     |
| train/                  |             |
|    approx_kl            | 0.005635257 |
|    clip_fraction        | 0.0613      |
|    clip_range           | 0.2         |
|    entropy_loss         | -0.713      |
|    explained_variance   | 0.988       |
|    learning_rate        | 0.0003      |
|    loss                 | -0.00638    |
|    n_updates            | 1865        |
|    policy_gradient_loss | -0.00428    |
|    value_loss           | 0.0229      |
-----------------------------------------
-----------------------------------------
| rollout/                |             |
|    ep_len_mean          | 231         |
|    ep_rew_mean          | 162         |
| time/                   |             |
|    fps                  | 287         |
|    iterations           | 8           |
|    time_elapsed         | 227         |
|    total_timesteps      | 3072000     |
| train/                  |             |
|    approx_kl            | 0.005709904 |
|    clip_fraction        | 0.0741      |
|    clip_range           | 0.2         |
|    entropy_loss         | -0.752      |
|    explained_variance   | 0.985       |
|    learning_rate        | 0.0003      |
|    loss                 | -0.00117    |
|    n_updates            | 1870        |
|    policy_gradient_loss | -0.00461    |
|    value_loss           | 0.0271      |
-----------------------------------------
------------------------------------------
| rollout/                |              |
|    ep_len_mean          | 231          |
|    ep_rew_mean          | 163          |
| time/                   |              |
|    fps                  | 288          |
|    iterations           | 9            |
|    time_elapsed         | 255          |
|    total_timesteps      | 3080192      |
| train/                  |              |
|    approx_kl            | 0.0063412907 |
|    clip_fraction        | 0.06         |
|    clip_range           | 0.2          |
|    entropy_loss         | -0.737       |
|    explained_variance   | 0.985        |
|    learning_rate        | 0.0003       |
|    loss                 | 0.000875     |
|    n_updates            | 1875         |
|    policy_gradient_loss | -0.00456     |
|    value_loss           | 0.0283       |
------------------------------------------
-----------------------------------------
| rollout/                |             |
|    ep_len_mean          | 231         |
|    ep_rew_mean          | 162         |
| time/                   |             |
|    fps                  | 288         |
|    iterations           | 10          |
|    time_elapsed         | 283         |
|    total_timesteps      | 3088384     |
| train/                  |             |
|    approx_kl            | 0.006053926 |
|    clip_fraction        | 0.0552      |
|    clip_range           | 0.2         |
|    entropy_loss         | -0.721      |
|    explained_variance   | 0.984       |
|    learning_rate        | 0.0003      |
|    loss                 | -0.00405    |
|    n_updates            | 1880        |
|    policy_gradient_loss | -0.00492    |
|    value_loss           | 0.0264      |
-----------------------------------------
------------------------------------------
| rollout/                |              |
|    ep_len_mean          | 231          |
|    ep_rew_mean          | 162          |
| time/                   |              |
|    fps                  | 288          |
|    iterations           | 11           |
|    time_elapsed         | 312          |
|    total_timesteps      | 3096576      |
| train/                  |              |
|    approx_kl            | 0.0056628054 |
|    clip_fraction        | 0.0583       |
|    clip_range           | 0.2          |
|    entropy_loss         | -0.747       |
|    explained_variance   | 0.986        |
|    learning_rate        | 0.0003       |
|    loss                 | -0.00552     |
|    n_updates            | 1885         |
|    policy_gradient_loss | -0.00377     |
|    value_loss           | 0.026        |
------------------------------------------
-----------------------------------------
| rollout/                |             |
|    ep_len_mean          | 237         |
|    ep_rew_mean          | 162         |
| time/                   |             |
|    fps                  | 288         |
|    iterations           | 12          |
|    time_elapsed         | 340         |
|    total_timesteps      | 3104768     |
| train/                  |             |
|    approx_kl            | 0.006693995 |
|    clip_fraction        | 0.0701      |
|    clip_range           | 0.2         |
|    entropy_loss         | -0.786      |
|    explained_variance   | 0.987       |
|    learning_rate        | 0.0003      |
|    loss                 | -0.0057     |
|    n_updates            | 1890        |
|    policy_gradient_loss | -0.0048     |
|    value_loss           | 0.0225      |
-----------------------------------------
-----------------------------------------
| rollout/                |             |
|    ep_len_mean          | 240         |
|    ep_rew_mean          | 162         |
| time/                   |             |
|    fps                  | 288         |
|    iterations           | 13          |
|    time_elapsed         | 368         |
|    total_timesteps      | 3112960     |
| train/                  |             |
|    approx_kl            | 0.008770105 |
|    clip_fraction        | 0.0778      |
|    clip_range           | 0.2         |
|    entropy_loss         | -0.786      |
|    explained_variance   | 0.991       |
|    learning_rate        | 0.0003      |
|    loss                 | -0.00505    |
|    n_updates            | 1895        |
|    policy_gradient_loss | -0.00523    |
|    value_loss           | 0.0178      |
-----------------------------------------
-----------------------------------------
| rollout/                |             |
|    ep_len_mean          | 235         |
|    ep_rew_mean          | 161         |
| time/                   |             |
|    fps                  | 288         |
|    iterations           | 14          |
|    time_elapsed         | 397         |
|    total_timesteps      | 3121152     |
| train/                  |             |
|    approx_kl            | 0.007326766 |
|    clip_fraction        | 0.0663      |
|    clip_range           | 0.2         |
|    entropy_loss         | -0.79       |
|    explained_variance   | 0.987       |
|    learning_rate        | 0.0003      |
|    loss                 | -0.00945    |
|    n_updates            | 1900        |
|    policy_gradient_loss | -0.00514    |
|    value_loss           | 0.024       |
-----------------------------------------
-----------------------------------------
| rollout/                |             |
|    ep_len_mean          | 240         |
|    ep_rew_mean          | 158         |
| time/                   |             |
|    fps                  | 286         |
|    iterations           | 15          |
|    time_elapsed         | 428         |
|    total_timesteps      | 3129344     |
| train/                  |             |
|    approx_kl            | 0.011989668 |
|    clip_fraction        | 0.0928      |
|    clip_range           | 0.2         |
|    entropy_loss         | -0.766      |
|    explained_variance   | 0.988       |
|    learning_rate        | 0.0003      |
|    loss                 | 0.00125     |
|    n_updates            | 1905        |
|    policy_gradient_loss | -0.0041     |
|    value_loss           | 0.0236      |
-----------------------------------------
-----------------------------------------
| rollout/                |             |
|    ep_len_mean          | 244         |
|    ep_rew_mean          | 156         |
| time/                   |             |
|    fps                  | 285         |
|    iterations           | 16          |
|    time_elapsed         | 458         |
|    total_timesteps      | 3137536     |
| train/                  |             |
|    approx_kl            | 0.008315401 |
|    clip_fraction        | 0.0741      |
|    clip_range           | 0.2         |
|    entropy_loss         | -0.888      |
|    explained_variance   | 0.984       |
|    learning_rate        | 0.0003      |
|    loss                 | -0.0132     |
|    n_updates            | 1910        |
|    policy_gradient_loss | -0.00408    |
|    value_loss           | 0.0271      |
-----------------------------------------
-----------------------------------------
| rollout/                |             |
|    ep_len_mean          | 248         |
|    ep_rew_mean          | 154         |
| time/                   |             |
|    fps                  | 284         |
|    iterations           | 17          |
|    time_elapsed         | 489         |
|    total_timesteps      | 3145728     |
| train/                  |             |
|    approx_kl            | 0.011087686 |
|    clip_fraction        | 0.0696      |
|    clip_range           | 0.2         |
|    entropy_loss         | -0.881      |
|    explained_variance   | 0.985       |
|    learning_rate        | 0.0003      |
|    loss                 | 0.0121      |
|    n_updates            | 1915        |
|    policy_gradient_loss | -0.00426    |
|    value_loss           | 0.0266      |
-----------------------------------------
-----------------------------------------
| rollout/                |             |
|    ep_len_mean          | 241         |
|    ep_rew_mean          | 156         |
| time/                   |             |
|    fps                  | 282         |
|    iterations           | 18          |
|    time_elapsed         | 521         |
|    total_timesteps      | 3153920     |
| train/                  |             |
|    approx_kl            | 0.007954128 |
|    clip_fraction        | 0.0679      |
|    clip_range           | 0.2         |
|    entropy_loss         | -0.826      |
|    explained_variance   | 0.979       |
|    learning_rate        | 0.0003      |
|    loss                 | 0.0107      |
|    n_updates            | 1920        |
|    policy_gradient_loss | -0.00453    |
|    value_loss           | 0.0368      |
-----------------------------------------
------------------------------------------
| rollout/                |              |
|    ep_len_mean          | 243          |
|    ep_rew_mean          | 157          |
| time/                   |              |
|    fps                  | 281          |
|    iterations           | 19           |
|    time_elapsed         | 553          |
|    total_timesteps      | 3162112      |
| train/                  |              |
|    approx_kl            | 0.0046680165 |
|    clip_fraction        | 0.0471       |
|    clip_range           | 0.2          |
|    entropy_loss         | -0.756       |
|    explained_variance   | 0.985        |
|    learning_rate        | 0.0003       |
|    loss                 | 0.00104      |
|    n_updates            | 1925         |
|    policy_gradient_loss | -0.00429     |
|    value_loss           | 0.0268       |
------------------------------------------
-----------------------------------------
| rollout/                |             |
|    ep_len_mean          | 254         |
|    ep_rew_mean          | 161         |
| time/                   |             |
|    fps                  | 279         |
|    iterations           | 20          |
|    time_elapsed         | 586         |
|    total_timesteps      | 3170304     |
| train/                  |             |
|    approx_kl            | 0.006811574 |
|    clip_fraction        | 0.0666      |
|    clip_range           | 0.2         |
|    entropy_loss         | -0.917      |
|    explained_variance   | 0.985       |
|    learning_rate        | 0.0003      |
|    loss                 | -0.0113     |
|    n_updates            | 1930        |
|    policy_gradient_loss | -0.0046     |
|    value_loss           | 0.0253      |
-----------------------------------------
------------------------------------------
| rollout/                |              |
|    ep_len_mean          | 266          |
|    ep_rew_mean          | 165          |
| time/                   |              |
|    fps                  | 278          |
|    iterations           | 21           |
|    time_elapsed         | 617          |
|    total_timesteps      | 3178496      |
| train/                  |              |
|    approx_kl            | 0.0074686436 |
|    clip_fraction        | 0.075        |
|    clip_range           | 0.2          |
|    entropy_loss         | -0.927       |
|    explained_variance   | 0.984        |
|    learning_rate        | 0.0003       |
|    loss                 | -0.00779     |
|    n_updates            | 1935         |
|    policy_gradient_loss | -0.00617     |
|    value_loss           | 0.026        |
------------------------------------------
-----------------------------------------
| rollout/                |             |
|    ep_len_mean          | 275         |
|    ep_rew_mean          | 166         |
| time/                   |             |
|    fps                  | 277         |
|    iterations           | 22          |
|    time_elapsed         | 650         |
|    total_timesteps      | 3186688     |
| train/                  |             |
|    approx_kl            | 0.006059812 |
|    clip_fraction        | 0.0652      |
|    clip_range           | 0.2         |
|    entropy_loss         | -0.901      |
|    explained_variance   | 0.985       |
|    learning_rate        | 0.0003      |
|    loss                 | -0.00624    |
|    n_updates            | 1940        |
|    policy_gradient_loss | -0.00568    |
|    value_loss           | 0.0239      |
-----------------------------------------
-----------------------------------------
| rollout/                |             |
|    ep_len_mean          | 275         |
|    ep_rew_mean          | 167         |
| time/                   |             |
|    fps                  | 276         |
|    iterations           | 23          |
|    time_elapsed         | 682         |
|    total_timesteps      | 3194880     |
| train/                  |             |
|    approx_kl            | 0.005823493 |
|    clip_fraction        | 0.0549      |
|    clip_range           | 0.2         |
|    entropy_loss         | -0.907      |
|    explained_variance   | 0.98        |
|    learning_rate        | 0.0003      |
|    loss                 | -0.000217   |
|    n_updates            | 1945        |
|    policy_gradient_loss | -0.0049     |
|    value_loss           | 0.0318      |
-----------------------------------------
------------------------------------------
| rollout/                |              |
|    ep_len_mean          | 269          |
|    ep_rew_mean          | 165          |
| time/                   |              |
|    fps                  | 275          |
|    iterations           | 24           |
|    time_elapsed         | 713          |
|    total_timesteps      | 3203072      |
| train/                  |              |
|    approx_kl            | 0.0076262513 |
|    clip_fraction        | 0.0874       |
|    clip_range           | 0.2          |
|    entropy_loss         | -0.864       |
|    explained_variance   | 0.981        |
|    learning_rate        | 0.0003       |
|    loss                 | -0.00127     |
|    n_updates            | 1950         |
|    policy_gradient_loss | -0.00492     |
|    value_loss           | 0.029        |
------------------------------------------
-----------------------------------------
| rollout/                |             |
|    ep_len_mean          | 266         |
|    ep_rew_mean          | 167         |
| time/                   |             |
|    fps                  | 274         |
|    iterations           | 25          |
|    time_elapsed         | 744         |
|    total_timesteps      | 3211264     |
| train/                  |             |
|    approx_kl            | 0.005841643 |
|    clip_fraction        | 0.0572      |
|    clip_range           | 0.2         |
|    entropy_loss         | -0.86       |
|    explained_variance   | 0.984       |
|    learning_rate        | 0.0003      |
|    loss                 | -0.00597    |
|    n_updates            | 1955        |
|    policy_gradient_loss | -0.00481    |
|    value_loss           | 0.0286      |
-----------------------------------------
------------------------------------------
| rollout/                |              |
|    ep_len_mean          | 267          |
|    ep_rew_mean          | 168          |
| time/                   |              |
|    fps                  | 274          |
|    iterations           | 26           |
|    time_elapsed         | 776          |
|    total_timesteps      | 3219456      |
| train/                  |              |
|    approx_kl            | 0.0075985338 |
|    clip_fraction        | 0.0742       |
|    clip_range           | 0.2          |
|    entropy_loss         | -0.809       |
|    explained_variance   | 0.985        |
|    learning_rate        | 0.0003       |
|    loss                 | -0.0055      |
|    n_updates            | 1960         |
|    policy_gradient_loss | -0.00571     |
|    value_loss           | 0.0251       |
------------------------------------------
-----------------------------------------
| rollout/                |             |
|    ep_len_mean          | 260         |
|    ep_rew_mean          | 168         |
| time/                   |             |
|    fps                  | 273         |
|    iterations           | 27          |
|    time_elapsed         | 808         |
|    total_timesteps      | 3227648     |
| train/                  |             |
|    approx_kl            | 0.005464923 |
|    clip_fraction        | 0.0663      |
|    clip_range           | 0.2         |
|    entropy_loss         | -0.874      |
|    explained_variance   | 0.976       |
|    learning_rate        | 0.0003      |
|    loss                 | -0.00968    |
|    n_updates            | 1965        |
|    policy_gradient_loss | -0.00549    |
|    value_loss           | 0.0416      |
-----------------------------------------
-----------------------------------------
| rollout/                |             |
|    ep_len_mean          | 266         |
|    ep_rew_mean          | 167         |
| time/                   |             |
|    fps                  | 273         |
|    iterations           | 28          |
|    time_elapsed         | 839         |
|    total_timesteps      | 3235840     |
| train/                  |             |
|    approx_kl            | 0.006849624 |
|    clip_fraction        | 0.0679      |
|    clip_range           | 0.2         |
|    entropy_loss         | -0.813      |
|    explained_variance   | 0.982       |
|    learning_rate        | 0.0003      |
|    loss                 | -0.00162    |
|    n_updates            | 1970        |
|    policy_gradient_loss | -0.00559    |
|    value_loss           | 0.0329      |
-----------------------------------------
------------------------------------------
| rollout/                |              |
|    ep_len_mean          | 264          |
|    ep_rew_mean          | 165          |
| time/                   |              |
|    fps                  | 272          |
|    iterations           | 29           |
|    time_elapsed         | 870          |
|    total_timesteps      | 3244032      |
| train/                  |              |
|    approx_kl            | 0.0071449094 |
|    clip_fraction        | 0.0633       |
|    clip_range           | 0.2          |
|    entropy_loss         | -0.901       |
|    explained_variance   | 0.981        |
|    learning_rate        | 0.0003       |
|    loss                 | -0.0033      |
|    n_updates            | 1975         |
|    policy_gradient_loss | -0.00551     |
|    value_loss           | 0.0287       |
------------------------------------------
------------------------------------------
| rollout/                |              |
|    ep_len_mean          | 263          |
|    ep_rew_mean          | 162          |
| time/                   |              |
|    fps                  | 272          |
|    iterations           | 30           |
|    time_elapsed         | 901          |
|    total_timesteps      | 3252224      |
| train/                  |              |
|    approx_kl            | 0.0072171576 |
|    clip_fraction        | 0.0752       |
|    clip_range           | 0.2          |
|    entropy_loss         | -0.85        |
|    explained_variance   | 0.984        |
|    learning_rate        | 0.0003       |
|    loss                 | 0.000101     |
|    n_updates            | 1980         |
|    policy_gradient_loss | -0.00657     |
|    value_loss           | 0.0302       |
------------------------------------------
----------------------------------------
| rollout/                |            |
|    ep_len_mean          | 259        |
|    ep_rew_mean          | 165        |
| time/                   |            |
|    fps                  | 271        |
|    iterations           | 31         |
|    time_elapsed         | 934        |
|    total_timesteps      | 3260416    |
| train/                  |            |
|    approx_kl            | 0.00655197 |
|    clip_fraction        | 0.064      |
|    clip_range           | 0.2        |
|    entropy_loss         | -0.858     |
|    explained_variance   | 0.987      |
|    learning_rate        | 0.0003     |
|    loss                 | -0.0103    |
|    n_updates            | 1985       |
|    policy_gradient_loss | -0.00598   |
|    value_loss           | 0.0254     |
----------------------------------------
----------------------------------------
| rollout/                |            |
|    ep_len_mean          | 267        |
|    ep_rew_mean          | 169        |
| time/                   |            |
|    fps                  | 271        |
|    iterations           | 32         |
|    time_elapsed         | 966        |
|    total_timesteps      | 3268608    |
| train/                  |            |
|    approx_kl            | 0.00584234 |
|    clip_fraction        | 0.0701     |
|    clip_range           | 0.2        |
|    entropy_loss         | -0.83      |
|    explained_variance   | 0.984      |
|    learning_rate        | 0.0003     |
|    loss                 | -0.0113    |
|    n_updates            | 1990       |
|    policy_gradient_loss | -0.00417   |
|    value_loss           | 0.0285     |
----------------------------------------
-----------------------------------------
| rollout/                |             |
|    ep_len_mean          | 266         |
|    ep_rew_mean          | 170         |
| time/                   |             |
|    fps                  | 270         |
|    iterations           | 33          |
|    time_elapsed         | 997         |
|    total_timesteps      | 3276800     |
| train/                  |             |
|    approx_kl            | 0.007110807 |
|    clip_fraction        | 0.074       |
|    clip_range           | 0.2         |
|    entropy_loss         | -0.89       |
|    explained_variance   | 0.985       |
|    learning_rate        | 0.0003      |
|    loss                 | -0.00851    |
|    n_updates            | 1995        |
|    policy_gradient_loss | -0.00517    |
|    value_loss           | 0.0264      |
-----------------------------------------
------------------------------------------
| rollout/                |              |
|    ep_len_mean          | 268          |
|    ep_rew_mean          | 170          |
| time/                   |              |
|    fps                  | 270          |
|    iterations           | 34           |
|    time_elapsed         | 1029         |
|    total_timesteps      | 3284992      |
| train/                  |              |
|    approx_kl            | 0.0057750726 |
|    clip_fraction        | 0.0565       |
|    clip_range           | 0.2          |
|    entropy_loss         | -0.815       |
|    explained_variance   | 0.981        |
|    learning_rate        | 0.0003       |
|    loss                 | 0.00193      |
|    n_updates            | 2000         |
|    policy_gradient_loss | -0.00417     |
|    value_loss           | 0.0328       |
------------------------------------------
------------------------------------------
| rollout/                |              |
|    ep_len_mean          | 261          |
|    ep_rew_mean          | 168          |
| time/                   |              |
|    fps                  | 270          |
|    iterations           | 35           |
|    time_elapsed         | 1060         |
|    total_timesteps      | 3293184      |
| train/                  |              |
|    approx_kl            | 0.0073756156 |
|    clip_fraction        | 0.0629       |
|    clip_range           | 0.2          |
|    entropy_loss         | -0.84        |
|    explained_variance   | 0.982        |
|    learning_rate        | 0.0003       |
|    loss                 | 0.00202      |
|    n_updates            | 2005         |
|    policy_gradient_loss | -0.00567     |
|    value_loss           | 0.0326       |
------------------------------------------
[Checkpoint] Saved at 3300000 steps > C:\Users\Admin\Desktop\disciple\realnewdisciples-main\Big_map\campaign_checkpoints\super-last-stand-capital-6m-20260913-132436\campaign_ppo_step_3300000.zip
------------------------------------------
| rollout/                |              |
|    ep_len_mean          | 263          |
|    ep_rew_mean          | 168          |
| time/                   |              |
|    fps                  | 270          |
|    iterations           | 36           |
|    time_elapsed         | 1090         |
|    total_timesteps      | 3301376      |
| train/                  |              |
|    approx_kl            | 0.0060975184 |
|    clip_fraction        | 0.0667       |
|    clip_range           | 0.2          |
|    entropy_loss         | -0.85        |
|    explained_variance   | 0.981        |
|    learning_rate        | 0.0003       |
|    loss                 | 0.00449      |
|    n_updates            | 2010         |
|    policy_gradient_loss | -0.00443     |
|    value_loss           | 0.0323       |
------------------------------------------
Eval num_timesteps=3306464, det_reward=157.00 +/- 16.21
Episode length: det=218.40 +/- 35.91
Victory rate: det=0.00%
--------------------------------------------------
| eval/                           |              |
|    deterministic_mean_ep_length | 218          |
|    deterministic_mean_reward    | 157          |
|    deterministic_victory_rate   | 0            |
|    mean_ep_length               | 218          |
|    mean_reward                  | 157          |
|    victory_rate                 | 0            |
| time/                           |              |
|    total_timesteps              | 3306464      |
| train/                          |              |
|    approx_kl                    | 0.0047763656 |
|    clip_fraction                | 0.0573       |
|    clip_range                   | 0.2          |
|    entropy_loss                 | -0.817       |
|    explained_variance           | 0.984        |
|    learning_rate                | 0.0003       |
|    loss                         | -0.00461     |
|    n_updates                    | 2015         |
|    policy_gradient_loss         | -0.00262     |
|    value_loss                   | 0.0282       |
--------------------------------------------------
New best model by deterministic victory rate!
---------------------------------
| rollout/           |          |
|    ep_len_mean     | 259      |
|    ep_rew_mean     | 167      |
| time/              |          |
|    fps             | 266      |
|    iterations      | 37       |
|    time_elapsed    | 1138     |
|    total_timesteps | 3309568  |
---------------------------------
------------------------------------------
| rollout/                |              |
|    ep_len_mean          | 265          |
|    ep_rew_mean          | 170          |
| time/                   |              |
|    fps                  | 265          |
|    iterations           | 38           |
|    time_elapsed         | 1171         |
|    total_timesteps      | 3317760      |
| train/                  |              |
|    approx_kl            | 0.0059165657 |
|    clip_fraction        | 0.0653       |
|    clip_range           | 0.2          |
|    entropy_loss         | -0.843       |
|    explained_variance   | 0.987        |
|    learning_rate        | 0.0003       |
|    loss                 | -0.00425     |
|    n_updates            | 2020         |
|    policy_gradient_loss | -0.00412     |
|    value_loss           | 0.0238       |
------------------------------------------
------------------------------------------
| rollout/                |              |
|    ep_len_mean          | 267          |
|    ep_rew_mean          | 170          |
| time/                   |              |
|    fps                  | 265          |
|    iterations           | 39           |
|    time_elapsed         | 1203         |
|    total_timesteps      | 3325952      |
| train/                  |              |
|    approx_kl            | 0.0059530195 |
|    clip_fraction        | 0.0638       |
|    clip_range           | 0.2          |
|    entropy_loss         | -0.861       |
|    explained_variance   | 0.984        |
|    learning_rate        | 0.0003       |
|    loss                 | -0.00278     |
|    n_updates            | 2025         |
|    policy_gradient_loss | -0.00525     |
|    value_loss           | 0.0306       |
------------------------------------------
-----------------------------------------
| rollout/                |             |
|    ep_len_mean          | 268         |
|    ep_rew_mean          | 170         |
| time/                   |             |
|    fps                  | 265         |
|    iterations           | 40          |
|    time_elapsed         | 1235        |
|    total_timesteps      | 3334144     |
| train/                  |             |
|    approx_kl            | 0.007395507 |
|    clip_fraction        | 0.0703      |
|    clip_range           | 0.2         |
|    entropy_loss         | -0.833      |
|    explained_variance   | 0.982       |
|    learning_rate        | 0.0003      |
|    loss                 | -0.00276    |
|    n_updates            | 2030        |
|    policy_gradient_loss | -0.00568    |
|    value_loss           | 0.0315      |
-----------------------------------------
-----------------------------------------
| rollout/                |             |
|    ep_len_mean          | 265         |
|    ep_rew_mean          | 167         |
| time/                   |             |
|    fps                  | 265         |
|    iterations           | 41          |
|    time_elapsed         | 1265        |
|    total_timesteps      | 3342336     |
| train/                  |             |
|    approx_kl            | 0.006378552 |
|    clip_fraction        | 0.0592      |
|    clip_range           | 0.2         |
|    entropy_loss         | -0.828      |
|    explained_variance   | 0.986       |
|    learning_rate        | 0.0003      |
|    loss                 | -0.00953    |
|    n_updates            | 2035        |
|    policy_gradient_loss | -0.00546    |
|    value_loss           | 0.0265      |
-----------------------------------------
-----------------------------------------
| rollout/                |             |
|    ep_len_mean          | 271         |
|    ep_rew_mean          | 168         |
| time/                   |             |
|    fps                  | 265         |
|    iterations           | 42          |
|    time_elapsed         | 1296        |
|    total_timesteps      | 3350528     |
| train/                  |             |
|    approx_kl            | 0.006362917 |
|    clip_fraction        | 0.072       |
|    clip_range           | 0.2         |
|    entropy_loss         | -0.876      |
|    explained_variance   | 0.985       |
|    learning_rate        | 0.0003      |
|    loss                 | -0.00956    |
|    n_updates            | 2040        |
|    policy_gradient_loss | -0.00569    |
|    value_loss           | 0.0272      |
-----------------------------------------
------------------------------------------
| rollout/                |              |
|    ep_len_mean          | 272          |
|    ep_rew_mean          | 170          |
| time/                   |              |
|    fps                  | 264          |
|    iterations           | 43           |
|    time_elapsed         | 1329         |
|    total_timesteps      | 3358720      |
| train/                  |              |
|    approx_kl            | 0.0072688777 |
|    clip_fraction        | 0.0781       |
|    clip_range           | 0.2          |
|    entropy_loss         | -0.899       |
|    explained_variance   | 0.987        |
|    learning_rate        | 0.0003       |
|    loss                 | -0.00595     |
|    n_updates            | 2045         |
|    policy_gradient_loss | -0.00515     |
|    value_loss           | 0.0221       |
------------------------------------------
-----------------------------------------
| rollout/                |             |
|    ep_len_mean          | 281         |
|    ep_rew_mean          | 169         |
| time/                   |             |
|    fps                  | 264         |
|    iterations           | 44          |
|    time_elapsed         | 1361        |
|    total_timesteps      | 3366912     |
| train/                  |             |
|    approx_kl            | 0.008443769 |
|    clip_fraction        | 0.0732      |
|    clip_range           | 0.2         |
|    entropy_loss         | -0.888      |
|    explained_variance   | 0.975       |
|    learning_rate        | 0.0003      |
|    loss                 | -0.0049     |
|    n_updates            | 2050        |
|    policy_gradient_loss | -0.00725    |
|    value_loss           | 0.0401      |
-----------------------------------------
------------------------------------------
| rollout/                |              |
|    ep_len_mean          | 287          |
|    ep_rew_mean          | 166          |
| time/                   |              |
|    fps                  | 265          |
|    iterations           | 45           |
|    time_elapsed         | 1389         |
|    total_timesteps      | 3375104      |
| train/                  |              |
|    approx_kl            | 0.0070607685 |
|    clip_fraction        | 0.065        |
|    clip_range           | 0.2          |
|    entropy_loss         | -0.916       |
|    explained_variance   | 0.976        |
|    learning_rate        | 0.0003       |
|    loss                 | 0.00051      |
|    n_updates            | 2055         |
|    policy_gradient_loss | -0.00578     |
|    value_loss           | 0.0393       |
------------------------------------------
-----------------------------------------
| rollout/                |             |
|    ep_len_mean          | 288         |
|    ep_rew_mean          | 165         |
| time/                   |             |
|    fps                  | 265         |
|    iterations           | 46          |
|    time_elapsed         | 1421        |
|    total_timesteps      | 3383296     |
| train/                  |             |
|    approx_kl            | 0.008601309 |
|    clip_fraction        | 0.08        |
|    clip_range           | 0.2         |
|    entropy_loss         | -0.823      |
|    explained_variance   | 0.982       |
|    learning_rate        | 0.0003      |
|    loss                 | 0.00976     |
|    n_updates            | 2060        |
|    policy_gradient_loss | -0.00478    |
|    value_loss           | 0.0342      |
-----------------------------------------
------------------------------------------
| rollout/                |              |
|    ep_len_mean          | 289          |
|    ep_rew_mean          | 168          |
| time/                   |              |
|    fps                  | 264          |
|    iterations           | 47           |
|    time_elapsed         | 1452         |
|    total_timesteps      | 3391488      |
| train/                  |              |
|    approx_kl            | 0.0063195215 |
|    clip_fraction        | 0.0669       |
|    clip_range           | 0.2          |
|    entropy_loss         | -0.92        |
|    explained_variance   | 0.979        |
|    learning_rate        | 0.0003       |
|    loss                 | -0.000922    |
|    n_updates            | 2065         |
|    policy_gradient_loss | -0.00522     |
|    value_loss           | 0.0342       |
------------------------------------------
------------------------------------------
| rollout/                |              |
|    ep_len_mean          | 295          |
|    ep_rew_mean          | 172          |
| time/                   |              |
|    fps                  | 264          |
|    iterations           | 48           |
|    time_elapsed         | 1485         |
|    total_timesteps      | 3399680      |
| train/                  |              |
|    approx_kl            | 0.0060524847 |
|    clip_fraction        | 0.051        |
|    clip_range           | 0.2          |
|    entropy_loss         | -0.871       |
|    explained_variance   | 0.976        |
|    learning_rate        | 0.0003       |
|    loss                 | -0.00509     |
|    n_updates            | 2070         |
|    policy_gradient_loss | -0.00616     |
|    value_loss           | 0.0399       |
------------------------------------------
------------------------------------------
| rollout/                |              |
|    ep_len_mean          | 290          |
|    ep_rew_mean          | 177          |
| time/                   |              |
|    fps                  | 264          |
|    iterations           | 49           |
|    time_elapsed         | 1515         |
|    total_timesteps      | 3407872      |
| train/                  |              |
|    approx_kl            | 0.0066803135 |
|    clip_fraction        | 0.0596       |
|    clip_range           | 0.2          |
|    entropy_loss         | -0.88        |
|    explained_variance   | 0.973        |
|    learning_rate        | 0.0003       |
|    loss                 | -0.0033      |
|    n_updates            | 2075         |
|    policy_gradient_loss | -0.00484     |
|    value_loss           | 0.0407       |
------------------------------------------
------------------------------------------
| rollout/                |              |
|    ep_len_mean          | 294          |
|    ep_rew_mean          | 179          |
| time/                   |              |
|    fps                  | 264          |
|    iterations           | 50           |
|    time_elapsed         | 1546         |
|    total_timesteps      | 3416064      |
| train/                  |              |
|    approx_kl            | 0.0070061767 |
|    clip_fraction        | 0.0686       |
|    clip_range           | 0.2          |
|    entropy_loss         | -0.891       |
|    explained_variance   | 0.977        |
|    learning_rate        | 0.0003       |
|    loss                 | -0.000454    |
|    n_updates            | 2080         |
|    policy_gradient_loss | -0.00531     |
|    value_loss           | 0.038        |
------------------------------------------
-----------------------------------------
| rollout/                |             |
|    ep_len_mean          | 298         |
|    ep_rew_mean          | 177         |
| time/                   |             |
|    fps                  | 265         |
|    iterations           | 51          |
|    time_elapsed         | 1575        |
|    total_timesteps      | 3424256     |
| train/                  |             |
|    approx_kl            | 0.006104555 |
|    clip_fraction        | 0.0662      |
|    clip_range           | 0.2         |
|    entropy_loss         | -0.916      |
|    explained_variance   | 0.974       |
|    learning_rate        | 0.0003      |
|    loss                 | 0.00127     |
|    n_updates            | 2085        |
|    policy_gradient_loss | -0.00492    |
|    value_loss           | 0.0427      |
-----------------------------------------
-----------------------------------------
| rollout/                |             |
|    ep_len_mean          | 302         |
|    ep_rew_mean          | 179         |
| time/                   |             |
|    fps                  | 265         |
|    iterations           | 52          |
|    time_elapsed         | 1606        |
|    total_timesteps      | 3432448     |
| train/                  |             |
|    approx_kl            | 0.011103377 |
|    clip_fraction        | 0.0804      |
|    clip_range           | 0.2         |
|    entropy_loss         | -0.84       |
|    explained_variance   | 0.981       |
|    learning_rate        | 0.0003      |
|    loss                 | -0.00339    |
|    n_updates            | 2090        |
|    policy_gradient_loss | -0.00448    |
|    value_loss           | 0.0363      |
-----------------------------------------
-----------------------------------------
| rollout/                |             |
|    ep_len_mean          | 302         |
|    ep_rew_mean          | 181         |
| time/                   |             |
|    fps                  | 264         |
|    iterations           | 53          |
|    time_elapsed         | 1639        |
|    total_timesteps      | 3440640     |
| train/                  |             |
|    approx_kl            | 0.005635918 |
|    clip_fraction        | 0.073       |
|    clip_range           | 0.2         |
|    entropy_loss         | -0.88       |
|    explained_variance   | 0.964       |
|    learning_rate        | 0.0003      |
|    loss                 | -0.000503   |
|    n_updates            | 2095        |
|    policy_gradient_loss | -0.00321    |
|    value_loss           | 0.0506      |
-----------------------------------------
-----------------------------------------
| rollout/                |             |
|    ep_len_mean          | 289         |
|    ep_rew_mean          | 179         |
| time/                   |             |
|    fps                  | 264         |
|    iterations           | 54          |
|    time_elapsed         | 1672        |
|    total_timesteps      | 3448832     |
| train/                  |             |
|    approx_kl            | 0.005495505 |
|    clip_fraction        | 0.0718      |
|    clip_range           | 0.2         |
|    entropy_loss         | -0.85       |
|    explained_variance   | 0.966       |
|    learning_rate        | 0.0003      |
|    loss                 | 0.0115      |
|    n_updates            | 2100        |
|    policy_gradient_loss | -0.0047     |
|    value_loss           | 0.0508      |
-----------------------------------------
------------------------------------------
| rollout/                |              |
|    ep_len_mean          | 293          |
|    ep_rew_mean          | 183          |
| time/                   |              |
|    fps                  | 264          |
|    iterations           | 55           |
|    time_elapsed         | 1703         |
|    total_timesteps      | 3457024      |
| train/                  |              |
|    approx_kl            | 0.0054273163 |
|    clip_fraction        | 0.0581       |
|    clip_range           | 0.2          |
|    entropy_loss         | -0.811       |
|    explained_variance   | 0.97         |
|    learning_rate        | 0.0003       |
|    loss                 | 0.000794     |
|    n_updates            | 2105         |
|    policy_gradient_loss | -0.00447     |
|    value_loss           | 0.0403       |
------------------------------------------
-----------------------------------------
| rollout/                |             |
|    ep_len_mean          | 286         |
|    ep_rew_mean          | 177         |
| time/                   |             |
|    fps                  | 264         |
|    iterations           | 56          |
|    time_elapsed         | 1735        |
|    total_timesteps      | 3465216     |
| train/                  |             |
|    approx_kl            | 0.008019416 |
|    clip_fraction        | 0.0767      |
|    clip_range           | 0.2         |
|    entropy_loss         | -0.89       |
|    explained_variance   | 0.96        |
|    learning_rate        | 0.0003      |
|    loss                 | 0.00241     |
|    n_updates            | 2110        |
|    policy_gradient_loss | -0.0071     |
|    value_loss           | 0.0531      |
-----------------------------------------
-----------------------------------------
| rollout/                |             |
|    ep_len_mean          | 298         |
|    ep_rew_mean          | 180         |
| time/                   |             |
|    fps                  | 264         |
|    iterations           | 57          |
|    time_elapsed         | 1767        |
|    total_timesteps      | 3473408     |
| train/                  |             |
|    approx_kl            | 0.007733725 |
|    clip_fraction        | 0.077       |
|    clip_range           | 0.2         |
|    entropy_loss         | -0.946      |
|    explained_variance   | 0.968       |
|    learning_rate        | 0.0003      |
|    loss                 | 0.00296     |
|    n_updates            | 2115        |
|    policy_gradient_loss | -0.00584    |
|    value_loss           | 0.0439      |
-----------------------------------------
----------------------------------------
| rollout/                |            |
|    ep_len_mean          | 300        |
|    ep_rew_mean          | 183        |
| time/                   |            |
|    fps                  | 264        |
|    iterations           | 58         |
|    time_elapsed         | 1798       |
|    total_timesteps      | 3481600    |
| train/                  |            |
|    approx_kl            | 0.00596952 |
|    clip_fraction        | 0.071      |
|    clip_range           | 0.2        |
|    entropy_loss         | -0.882     |
|    explained_variance   | 0.968      |
|    learning_rate        | 0.0003     |
|    loss                 | 0.00512    |
|    n_updates            | 2120       |
|    policy_gradient_loss | -0.00484   |
|    value_loss           | 0.0434     |
----------------------------------------
-----------------------------------------
| rollout/                |             |
|    ep_len_mean          | 301         |
|    ep_rew_mean          | 179         |
| time/                   |             |
|    fps                  | 264         |
|    iterations           | 59          |
|    time_elapsed         | 1830        |
|    total_timesteps      | 3489792     |
| train/                  |             |
|    approx_kl            | 0.008006904 |
|    clip_fraction        | 0.0782      |
|    clip_range           | 0.2         |
|    entropy_loss         | -0.89       |
|    explained_variance   | 0.966       |
|    learning_rate        | 0.0003      |
|    loss                 | -0.000679   |
|    n_updates            | 2125        |
|    policy_gradient_loss | -0.00613    |
|    value_loss           | 0.0482      |
-----------------------------------------
-----------------------------------------
| rollout/                |             |
|    ep_len_mean          | 299         |
|    ep_rew_mean          | 180         |
| time/                   |             |
|    fps                  | 263         |
|    iterations           | 60          |
|    time_elapsed         | 1862        |
|    total_timesteps      | 3497984     |
| train/                  |             |
|    approx_kl            | 0.006580883 |
|    clip_fraction        | 0.0713      |
|    clip_range           | 0.2         |
|    entropy_loss         | -0.964      |
|    explained_variance   | 0.956       |
|    learning_rate        | 0.0003      |
|    loss                 | 0.0127      |
|    n_updates            | 2130        |
|    policy_gradient_loss | -0.00444    |
|    value_loss           | 0.0602      |
-----------------------------------------
------------------------------------------
| rollout/                |              |
|    ep_len_mean          | 304          |
|    ep_rew_mean          | 180          |
| time/                   |              |
|    fps                  | 263          |
|    iterations           | 61           |
|    time_elapsed         | 1894         |
|    total_timesteps      | 3506176      |
| train/                  |              |
|    approx_kl            | 0.0070355013 |
|    clip_fraction        | 0.0766       |
|    clip_range           | 0.2          |
|    entropy_loss         | -0.877       |
|    explained_variance   | 0.969        |
|    learning_rate        | 0.0003       |
|    loss                 | 0.0057       |
|    n_updates            | 2135         |
|    policy_gradient_loss | -0.00676     |
|    value_loss           | 0.0473       |
------------------------------------------
------------------------------------------
| rollout/                |              |
|    ep_len_mean          | 297          |
|    ep_rew_mean          | 175          |
| time/                   |              |
|    fps                  | 263          |
|    iterations           | 62           |
|    time_elapsed         | 1926         |
|    total_timesteps      | 3514368      |
| train/                  |              |
|    approx_kl            | 0.0077456017 |
|    clip_fraction        | 0.0685       |
|    clip_range           | 0.2          |
|    entropy_loss         | -0.889       |
|    explained_variance   | 0.969        |
|    learning_rate        | 0.0003       |
|    loss                 | 0.00801      |
|    n_updates            | 2140         |
|    policy_gradient_loss | -0.00524     |
|    value_loss           | 0.0469       |
------------------------------------------
-----------------------------------------
| rollout/                |             |
|    ep_len_mean          | 294         |
|    ep_rew_mean          | 172         |
| time/                   |             |
|    fps                  | 263         |
|    iterations           | 63          |
|    time_elapsed         | 1958        |
|    total_timesteps      | 3522560     |
| train/                  |             |
|    approx_kl            | 0.006622874 |
|    clip_fraction        | 0.0652      |
|    clip_range           | 0.2         |
|    entropy_loss         | -0.918      |
|    explained_variance   | 0.968       |
|    learning_rate        | 0.0003      |
|    loss                 | 0.00512     |
|    n_updates            | 2145        |
|    policy_gradient_loss | -0.00532    |
|    value_loss           | 0.0508      |
-----------------------------------------
-----------------------------------------
| rollout/                |             |
|    ep_len_mean          | 288         |
|    ep_rew_mean          | 174         |
| time/                   |             |
|    fps                  | 263         |
|    iterations           | 64          |
|    time_elapsed         | 1989        |
|    total_timesteps      | 3530752     |
| train/                  |             |
|    approx_kl            | 0.007963474 |
|    clip_fraction        | 0.0782      |
|    clip_range           | 0.2         |
|    entropy_loss         | -0.878      |
|    explained_variance   | 0.965       |
|    learning_rate        | 0.0003      |
|    loss                 | 0.0106      |
|    n_updates            | 2150        |
|    policy_gradient_loss | -0.00474    |
|    value_loss           | 0.0519      |
-----------------------------------------
-----------------------------------------
| rollout/                |             |
|    ep_len_mean          | 293         |
|    ep_rew_mean          | 175         |
| time/                   |             |
|    fps                  | 263         |
|    iterations           | 65          |
|    time_elapsed         | 2022        |
|    total_timesteps      | 3538944     |
| train/                  |             |
|    approx_kl            | 0.005616213 |
|    clip_fraction        | 0.0712      |
|    clip_range           | 0.2         |
|    entropy_loss         | -0.835      |
|    explained_variance   | 0.97        |
|    learning_rate        | 0.0003      |
|    loss                 | 0.00744     |
|    n_updates            | 2155        |
|    policy_gradient_loss | -0.00539    |
|    value_loss           | 0.0431      |
-----------------------------------------
------------------------------------------
| rollout/                |              |
|    ep_len_mean          | 299          |
|    ep_rew_mean          | 181          |
| time/                   |              |
|    fps                  | 263          |
|    iterations           | 66           |
|    time_elapsed         | 2054         |
|    total_timesteps      | 3547136      |
| train/                  |              |
|    approx_kl            | 0.0068560666 |
|    clip_fraction        | 0.0771       |
|    clip_range           | 0.2          |
|    entropy_loss         | -0.902       |
|    explained_variance   | 0.961        |
|    learning_rate        | 0.0003       |
|    loss                 | -0.00565     |
|    n_updates            | 2160         |
|    policy_gradient_loss | -0.00463     |
|    value_loss           | 0.0547       |
------------------------------------------
-----------------------------------------
| rollout/                |             |
|    ep_len_mean          | 302         |
|    ep_rew_mean          | 181         |
| time/                   |             |
|    fps                  | 262         |
|    iterations           | 67          |
|    time_elapsed         | 2087        |
|    total_timesteps      | 3555328     |
| train/                  |             |
|    approx_kl            | 0.007835599 |
|    clip_fraction        | 0.0778      |
|    clip_range           | 0.2         |
|    entropy_loss         | -0.879      |
|    explained_variance   | 0.966       |
|    learning_rate        | 0.0003      |
|    loss                 | 0.00628     |
|    n_updates            | 2165        |
|    policy_gradient_loss | -0.00596    |
|    value_loss           | 0.0525      |
-----------------------------------------
------------------------------------------
| rollout/                |              |
|    ep_len_mean          | 303          |
|    ep_rew_mean          | 181          |
| time/                   |              |
|    fps                  | 262          |
|    iterations           | 68           |
|    time_elapsed         | 2119         |
|    total_timesteps      | 3563520      |
| train/                  |              |
|    approx_kl            | 0.0066423304 |
|    clip_fraction        | 0.08         |
|    clip_range           | 0.2          |
|    entropy_loss         | -0.874       |
|    explained_variance   | 0.961        |
|    learning_rate        | 0.0003       |
|    loss                 | 0.00528      |
|    n_updates            | 2170         |
|    policy_gradient_loss | -0.00551     |
|    value_loss           | 0.0579       |
------------------------------------------
-----------------------------------------
| rollout/                |             |
|    ep_len_mean          | 296         |
|    ep_rew_mean          | 179         |
| time/                   |             |
|    fps                  | 262         |
|    iterations           | 69          |
|    time_elapsed         | 2150        |
|    total_timesteps      | 3571712     |
| train/                  |             |
|    approx_kl            | 0.005735134 |
|    clip_fraction        | 0.0632      |
|    clip_range           | 0.2         |
|    entropy_loss         | -0.852      |
|    explained_variance   | 0.957       |
|    learning_rate        | 0.0003      |
|    loss                 | 0.00683     |
|    n_updates            | 2175        |
|    policy_gradient_loss | -0.00486    |
|    value_loss           | 0.0643      |
-----------------------------------------
------------------------------------------
| rollout/                |              |
|    ep_len_mean          | 297          |
|    ep_rew_mean          | 181          |
| time/                   |              |
|    fps                  | 262          |
|    iterations           | 70           |
|    time_elapsed         | 2182         |
|    total_timesteps      | 3579904      |
| train/                  |              |
|    approx_kl            | 0.0048642047 |
|    clip_fraction        | 0.0521       |
|    clip_range           | 0.2          |
|    entropy_loss         | -0.868       |
|    explained_variance   | 0.96         |
|    learning_rate        | 0.0003       |
|    loss                 | 0.0152       |
|    n_updates            | 2180         |
|    policy_gradient_loss | -0.00557     |
|    value_loss           | 0.0623       |
------------------------------------------
------------------------------------------
| rollout/                |              |
|    ep_len_mean          | 297          |
|    ep_rew_mean          | 182          |
| time/                   |              |
|    fps                  | 262          |
|    iterations           | 71           |
|    time_elapsed         | 2214         |
|    total_timesteps      | 3588096      |
| train/                  |              |
|    approx_kl            | 0.0061070463 |
|    clip_fraction        | 0.0671       |
|    clip_range           | 0.2          |
|    entropy_loss         | -0.881       |
|    explained_variance   | 0.963        |
|    learning_rate        | 0.0003       |
|    loss                 | 0.015        |
|    n_updates            | 2185         |
|    policy_gradient_loss | -0.00448     |
|    value_loss           | 0.0567       |
------------------------------------------
-----------------------------------------
| rollout/                |             |
|    ep_len_mean          | 290         |
|    ep_rew_mean          | 178         |
| time/                   |             |
|    fps                  | 262         |
|    iterations           | 72          |
|    time_elapsed         | 2246        |
|    total_timesteps      | 3596288     |
| train/                  |             |
|    approx_kl            | 0.006856623 |
|    clip_fraction        | 0.0654      |
|    clip_range           | 0.2         |
|    entropy_loss         | -0.832      |
|    explained_variance   | 0.964       |
|    learning_rate        | 0.0003      |
|    loss                 | 0.0155      |
|    n_updates            | 2190        |
|    policy_gradient_loss | -0.0055     |
|    value_loss           | 0.0612      |
-----------------------------------------
[Checkpoint] Saved at 3600000 steps > C:\Users\Admin\Desktop\disciple\realnewdisciples-main\Big_map\campaign_checkpoints\super-last-stand-capital-6m-20260913-132436\campaign_ppo_step_3600000.zip
------------------------------------------
| rollout/                |              |
|    ep_len_mean          | 290          |
|    ep_rew_mean          | 179          |
| time/                   |              |
|    fps                  | 262          |
|    iterations           | 73           |
|    time_elapsed         | 2277         |
|    total_timesteps      | 3604480      |
| train/                  |              |
|    approx_kl            | 0.0077075223 |
|    clip_fraction        | 0.0675       |
|    clip_range           | 0.2          |
|    entropy_loss         | -0.827       |
|    explained_variance   | 0.956        |
|    learning_rate        | 0.0003       |
|    loss                 | 0.0154       |
|    n_updates            | 2195         |
|    policy_gradient_loss | -0.00602     |
|    value_loss           | 0.0765       |
------------------------------------------
Eval num_timesteps=3606464, det_reward=189.16 +/- 40.41
Episode length: det=260.65 +/- 72.45
Victory rate: det=0.00%
-------------------------------------------------
| eval/                           |             |
|    deterministic_mean_ep_length | 261         |
|    deterministic_mean_reward    | 189         |
|    deterministic_victory_rate   | 0           |
|    mean_ep_length               | 261         |
|    mean_reward                  | 189         |
|    victory_rate                 | 0           |
| time/                           |             |
|    total_timesteps              | 3606464     |
| train/                          |             |
|    approx_kl                    | 0.006899276 |
|    clip_fraction                | 0.0672      |
|    clip_range                   | 0.2         |
|    entropy_loss                 | -0.867      |
|    explained_variance           | 0.962       |
|    learning_rate                | 0.0003      |
|    loss                         | 0.00652     |
|    n_updates                    | 2200        |
|    policy_gradient_loss         | -0.00575    |
|    value_loss                   | 0.0633      |
-------------------------------------------------
New best model by deterministic victory rate!
---------------------------------
| rollout/           |          |
|    ep_len_mean     | 288      |
|    ep_rew_mean     | 179      |
| time/              |          |
|    fps             | 260      |
|    iterations      | 74       |
|    time_elapsed    | 2327     |
|    total_timesteps | 3612672  |
---------------------------------
-----------------------------------------
| rollout/                |             |
|    ep_len_mean          | 296         |
|    ep_rew_mean          | 177         |
| time/                   |             |
|    fps                  | 260         |
|    iterations           | 75          |
|    time_elapsed         | 2357        |
|    total_timesteps      | 3620864     |
| train/                  |             |
|    approx_kl            | 0.008258352 |
|    clip_fraction        | 0.0905      |
|    clip_range           | 0.2         |
|    entropy_loss         | -0.856      |
|    explained_variance   | 0.951       |
|    learning_rate        | 0.0003      |
|    loss                 | 0.0138      |
|    n_updates            | 2205        |
|    policy_gradient_loss | -0.00481    |
|    value_loss           | 0.0751      |
-----------------------------------------
------------------------------------------
| rollout/                |              |
|    ep_len_mean          | 304          |
|    ep_rew_mean          | 178          |
| time/                   |              |
|    fps                  | 260          |
|    iterations           | 76           |
|    time_elapsed         | 2388         |
|    total_timesteps      | 3629056      |
| train/                  |              |
|    approx_kl            | 0.0071801804 |
|    clip_fraction        | 0.0801       |
|    clip_range           | 0.2          |
|    entropy_loss         | -0.925       |
|    explained_variance   | 0.94         |
|    learning_rate        | 0.0003       |
|    loss                 | 0.0132       |
|    n_updates            | 2210         |
|    policy_gradient_loss | -0.00323     |
|    value_loss           | 0.0698       |
------------------------------------------
-----------------------------------------
| rollout/                |             |
|    ep_len_mean          | 311         |
|    ep_rew_mean          | 180         |
| time/                   |             |
|    fps                  | 260         |
|    iterations           | 77          |
|    time_elapsed         | 2418        |
|    total_timesteps      | 3637248     |
| train/                  |             |
|    approx_kl            | 0.008170148 |
|    clip_fraction        | 0.0846      |
|    clip_range           | 0.2         |
|    entropy_loss         | -0.868      |
|    explained_variance   | 0.956       |
|    learning_rate        | 0.0003      |
|    loss                 | 0.00142     |
|    n_updates            | 2215        |
|    policy_gradient_loss | -0.00717    |
|    value_loss           | 0.0553      |
-----------------------------------------
------------------------------------------
| rollout/                |              |
|    ep_len_mean          | 310          |
|    ep_rew_mean          | 180          |
| time/                   |              |
|    fps                  | 260          |
|    iterations           | 78           |
|    time_elapsed         | 2449         |
|    total_timesteps      | 3645440      |
| train/                  |              |
|    approx_kl            | 0.0063468097 |
|    clip_fraction        | 0.0655       |
|    clip_range           | 0.2          |
|    entropy_loss         | -0.902       |
|    explained_variance   | 0.947        |
|    learning_rate        | 0.0003       |
|    loss                 | 0.0108       |
|    n_updates            | 2220         |
|    policy_gradient_loss | -0.0046      |
|    value_loss           | 0.0767       |
------------------------------------------
-----------------------------------------
| rollout/                |             |
|    ep_len_mean          | 306         |
|    ep_rew_mean          | 184         |
| time/                   |             |
|    fps                  | 260         |
|    iterations           | 79          |
|    time_elapsed         | 2480        |
|    total_timesteps      | 3653632     |
| train/                  |             |
|    approx_kl            | 0.005563599 |
|    clip_fraction        | 0.0571      |
|    clip_range           | 0.2         |
|    entropy_loss         | -0.847      |
|    explained_variance   | 0.944       |
|    learning_rate        | 0.0003      |
|    loss                 | 0.0181      |
|    n_updates            | 2225        |
|    policy_gradient_loss | -0.00398    |
|    value_loss           | 0.0786      |
-----------------------------------------
------------------------------------------
| rollout/                |              |
|    ep_len_mean          | 298          |
|    ep_rew_mean          | 182          |
| time/                   |              |
|    fps                  | 261          |
|    iterations           | 80           |
|    time_elapsed         | 2509         |
|    total_timesteps      | 3661824      |
| train/                  |              |
|    approx_kl            | 0.0060583586 |
|    clip_fraction        | 0.0492       |
|    clip_range           | 0.2          |
|    entropy_loss         | -0.88        |
|    explained_variance   | 0.973        |
|    learning_rate        | 0.0003       |
|    loss                 | -0.00863     |
|    n_updates            | 2230         |
|    policy_gradient_loss | -0.00603     |
|    value_loss           | 0.0381       |
------------------------------------------
------------------------------------------
| rollout/                |              |
|    ep_len_mean          | 299          |
|    ep_rew_mean          | 181          |
| time/                   |              |
|    fps                  | 261          |
|    iterations           | 81           |
|    time_elapsed         | 2538         |
|    total_timesteps      | 3670016      |
| train/                  |              |
|    approx_kl            | 0.0074284114 |
|    clip_fraction        | 0.0809       |
|    clip_range           | 0.2          |
|    entropy_loss         | -0.859       |
|    explained_variance   | 0.972        |
|    learning_rate        | 0.0003       |
|    loss                 | 0.00659      |
|    n_updates            | 2235         |
|    policy_gradient_loss | -0.00564     |
|    value_loss           | 0.0403       |
------------------------------------------
-----------------------------------------
| rollout/                |             |
|    ep_len_mean          | 300         |
|    ep_rew_mean          | 180         |
| time/                   |             |
|    fps                  | 261         |
|    iterations           | 82          |
|    time_elapsed         | 2567        |
|    total_timesteps      | 3678208     |
| train/                  |             |
|    approx_kl            | 0.006714334 |
|    clip_fraction        | 0.0635      |
|    clip_range           | 0.2         |
|    entropy_loss         | -0.918      |
|    explained_variance   | 0.958       |
|    learning_rate        | 0.0003      |
|    loss                 | 0.00684     |
|    n_updates            | 2240        |
|    policy_gradient_loss | -0.00517    |
|    value_loss           | 0.0627      |
-----------------------------------------
-----------------------------------------
| rollout/                |             |
|    ep_len_mean          | 293         |
|    ep_rew_mean          | 177         |
| time/                   |             |
|    fps                  | 261         |
|    iterations           | 83          |
|    time_elapsed         | 2596        |
|    total_timesteps      | 3686400     |
| train/                  |             |
|    approx_kl            | 0.009723465 |
|    clip_fraction        | 0.0775      |
|    clip_range           | 0.2         |
|    entropy_loss         | -0.894      |
|    explained_variance   | 0.967       |
|    learning_rate        | 0.0003      |
|    loss                 | 0.00801     |
|    n_updates            | 2245        |
|    policy_gradient_loss | -0.00345    |
|    value_loss           | 0.0547      |
-----------------------------------------
------------------------------------------
| rollout/                |              |
|    ep_len_mean          | 300          |
|    ep_rew_mean          | 178          |
| time/                   |              |
|    fps                  | 261          |
|    iterations           | 84           |
|    time_elapsed         | 2626         |
|    total_timesteps      | 3694592      |
| train/                  |              |
|    approx_kl            | 0.0061334483 |
|    clip_fraction        | 0.0604       |
|    clip_range           | 0.2          |
|    entropy_loss         | -0.869       |
|    explained_variance   | 0.965        |
|    learning_rate        | 0.0003       |
|    loss                 | 0.0154       |
|    n_updates            | 2250         |
|    policy_gradient_loss | -0.00547     |
|    value_loss           | 0.0611       |
------------------------------------------
------------------------------------------
| rollout/                |              |
|    ep_len_mean          | 301          |
|    ep_rew_mean          | 181          |
| time/                   |              |
|    fps                  | 262          |
|    iterations           | 85           |
|    time_elapsed         | 2656         |
|    total_timesteps      | 3702784      |
| train/                  |              |
|    approx_kl            | 0.0052997814 |
|    clip_fraction        | 0.0462       |
|    clip_range           | 0.2          |
|    entropy_loss         | -0.931       |
|    explained_variance   | 0.961        |
|    learning_rate        | 0.0003       |
|    loss                 | 0.00373      |
|    n_updates            | 2255         |
|    policy_gradient_loss | -0.00342     |
|    value_loss           | 0.0518       |
------------------------------------------
-----------------------------------------
| rollout/                |             |
|    ep_len_mean          | 307         |
|    ep_rew_mean          | 182         |
| time/                   |             |
|    fps                  | 262         |
|    iterations           | 86          |
|    time_elapsed         | 2685        |
|    total_timesteps      | 3710976     |
| train/                  |             |
|    approx_kl            | 0.006878257 |
|    clip_fraction        | 0.0649      |
|    clip_range           | 0.2         |
|    entropy_loss         | -0.942      |
|    explained_variance   | 0.959       |
|    learning_rate        | 0.0003      |
|    loss                 | 0.000867    |
|    n_updates            | 2260        |
|    policy_gradient_loss | -0.00532    |
|    value_loss           | 0.0629      |
-----------------------------------------
------------------------------------------
| rollout/                |              |
|    ep_len_mean          | 319          |
|    ep_rew_mean          | 189          |
| time/                   |              |
|    fps                  | 262          |
|    iterations           | 87           |
|    time_elapsed         | 2715         |
|    total_timesteps      | 3719168      |
| train/                  |              |
|    approx_kl            | 0.0076879775 |
|    clip_fraction        | 0.0697       |
|    clip_range           | 0.2          |
|    entropy_loss         | -0.92        |
|    explained_variance   | 0.967        |
|    learning_rate        | 0.0003       |
|    loss                 | -0.00158     |
|    n_updates            | 2265         |
|    policy_gradient_loss | -0.00669     |
|    value_loss           | 0.0481       |
------------------------------------------
-----------------------------------------
| rollout/                |             |
|    ep_len_mean          | 314         |
|    ep_rew_mean          | 186         |
| time/                   |             |
|    fps                  | 262         |
|    iterations           | 88          |
|    time_elapsed         | 2744        |
|    total_timesteps      | 3727360     |
| train/                  |             |
|    approx_kl            | 0.006663464 |
|    clip_fraction        | 0.0806      |
|    clip_range           | 0.2         |
|    entropy_loss         | -0.876      |
|    explained_variance   | 0.964       |
|    learning_rate        | 0.0003      |
|    loss                 | 0.00857     |
|    n_updates            | 2270        |
|    policy_gradient_loss | -0.00492    |
|    value_loss           | 0.0575      |
-----------------------------------------
-----------------------------------------
| rollout/                |             |
|    ep_len_mean          | 312         |
|    ep_rew_mean          | 186         |
| time/                   |             |
|    fps                  | 262         |
|    iterations           | 89          |
|    time_elapsed         | 2776        |
|    total_timesteps      | 3735552     |
| train/                  |             |
|    approx_kl            | 0.008036067 |
|    clip_fraction        | 0.0806      |
|    clip_range           | 0.2         |
|    entropy_loss         | -0.919      |
|    explained_variance   | 0.967       |
|    learning_rate        | 0.0003      |
|    loss                 | 0.0149      |
|    n_updates            | 2275        |
|    policy_gradient_loss | -0.00525    |
|    value_loss           | 0.0453      |
-----------------------------------------
------------------------------------------
| rollout/                |              |
|    ep_len_mean          | 317          |
|    ep_rew_mean          | 189          |
| time/                   |              |
|    fps                  | 262          |
|    iterations           | 90           |
|    time_elapsed         | 2806         |
|    total_timesteps      | 3743744      |
| train/                  |              |
|    approx_kl            | 0.0061650067 |
|    clip_fraction        | 0.06         |
|    clip_range           | 0.2          |
|    entropy_loss         | -0.872       |
|    explained_variance   | 0.967        |
|    learning_rate        | 0.0003       |
|    loss                 | 0.00903      |
|    n_updates            | 2280         |
|    policy_gradient_loss | -0.00396     |
|    value_loss           | 0.0531       |
------------------------------------------
----------------------------------------
| rollout/                |            |
|    ep_len_mean          | 321        |
|    ep_rew_mean          | 191        |
| time/                   |            |
|    fps                  | 262        |
|    iterations           | 91         |
|    time_elapsed         | 2836       |
|    total_timesteps      | 3751936    |
| train/                  |            |
|    approx_kl            | 0.00841859 |
|    clip_fraction        | 0.0771     |
|    clip_range           | 0.2        |
|    entropy_loss         | -0.931     |
|    explained_variance   | 0.955      |
|    learning_rate        | 0.0003     |
|    loss                 | 0.00923    |
|    n_updates            | 2285       |
|    policy_gradient_loss | -0.00613   |
|    value_loss           | 0.0567     |
----------------------------------------
----------------------------------------
| rollout/                |            |
|    ep_len_mean          | 323        |
|    ep_rew_mean          | 194        |
| time/                   |            |
|    fps                  | 262        |
|    iterations           | 92         |
|    time_elapsed         | 2865       |
|    total_timesteps      | 3760128    |
| train/                  |            |
|    approx_kl            | 0.00600335 |
|    clip_fraction        | 0.0699     |
|    clip_range           | 0.2        |
|    entropy_loss         | -0.926     |
|    explained_variance   | 0.961      |
|    learning_rate        | 0.0003     |
|    loss                 | 0.00147    |
|    n_updates            | 2290       |
|    policy_gradient_loss | -0.00485   |
|    value_loss           | 0.0529     |
----------------------------------------
------------------------------------------
| rollout/                |              |
|    ep_len_mean          | 320          |
|    ep_rew_mean          | 191          |
| time/                   |              |
|    fps                  | 263          |
|    iterations           | 93           |
|    time_elapsed         | 2894         |
|    total_timesteps      | 3768320      |
| train/                  |              |
|    approx_kl            | 0.0065049417 |
|    clip_fraction        | 0.0624       |
|    clip_range           | 0.2          |
|    entropy_loss         | -0.927       |
|    explained_variance   | 0.946        |
|    learning_rate        | 0.0003       |
|    loss                 | 0.017        |
|    n_updates            | 2295         |
|    policy_gradient_loss | -0.00458     |
|    value_loss           | 0.0698       |
------------------------------------------
-----------------------------------------
| rollout/                |             |
|    ep_len_mean          | 315         |
|    ep_rew_mean          | 188         |
| time/                   |             |
|    fps                  | 263         |
|    iterations           | 94          |
|    time_elapsed         | 2924        |
|    total_timesteps      | 3776512     |
| train/                  |             |
|    approx_kl            | 0.008625239 |
|    clip_fraction        | 0.0906      |
|    clip_range           | 0.2         |
|    entropy_loss         | -0.923      |
|    explained_variance   | 0.935       |
|    learning_rate        | 0.0003      |
|    loss                 | 0.00464     |
|    n_updates            | 2300        |
|    policy_gradient_loss | -0.00691    |
|    value_loss           | 0.0811      |
-----------------------------------------
-----------------------------------------
| rollout/                |             |
|    ep_len_mean          | 311         |
|    ep_rew_mean          | 185         |
| time/                   |             |
|    fps                  | 263         |
|    iterations           | 95          |
|    time_elapsed         | 2954        |
|    total_timesteps      | 3784704     |
| train/                  |             |
|    approx_kl            | 0.007820131 |
|    clip_fraction        | 0.0783      |
|    clip_range           | 0.2         |
|    entropy_loss         | -0.954      |
|    explained_variance   | 0.954       |
|    learning_rate        | 0.0003      |
|    loss                 | 0.0121      |
|    n_updates            | 2305        |
|    policy_gradient_loss | -0.00512    |
|    value_loss           | 0.0684      |
-----------------------------------------
-----------------------------------------
| rollout/                |             |
|    ep_len_mean          | 320         |
|    ep_rew_mean          | 186         |
| time/                   |             |
|    fps                  | 263         |
|    iterations           | 96          |
|    time_elapsed         | 2984        |
|    total_timesteps      | 3792896     |
| train/                  |             |
|    approx_kl            | 0.007647471 |
|    clip_fraction        | 0.0734      |
|    clip_range           | 0.2         |
|    entropy_loss         | -0.941      |
|    explained_variance   | 0.96        |
|    learning_rate        | 0.0003      |
|    loss                 | 0.0107      |
|    n_updates            | 2310        |
|    policy_gradient_loss | -0.00494    |
|    value_loss           | 0.0547      |
-----------------------------------------
-----------------------------------------
| rollout/                |             |
|    ep_len_mean          | 320         |
|    ep_rew_mean          | 188         |
| time/                   |             |
|    fps                  | 263         |
|    iterations           | 97          |
|    time_elapsed         | 3013        |
|    total_timesteps      | 3801088     |
| train/                  |             |
|    approx_kl            | 0.006532189 |
|    clip_fraction        | 0.0752      |
|    clip_range           | 0.2         |
|    entropy_loss         | -0.958      |
|    explained_variance   | 0.953       |
|    learning_rate        | 0.0003      |
|    loss                 | 0.00777     |
|    n_updates            | 2315        |
|    policy_gradient_loss | -0.00545    |
|    value_loss           | 0.06        |
-----------------------------------------
-----------------------------------------
| rollout/                |             |
|    ep_len_mean          | 318         |
|    ep_rew_mean          | 187         |
| time/                   |             |
|    fps                  | 263         |
|    iterations           | 98          |
|    time_elapsed         | 3042        |
|    total_timesteps      | 3809280     |
| train/                  |             |
|    approx_kl            | 0.008520422 |
|    clip_fraction        | 0.0799      |
|    clip_range           | 0.2         |
|    entropy_loss         | -0.899      |
|    explained_variance   | 0.962       |
|    learning_rate        | 0.0003      |
|    loss                 | 0.00161     |
|    n_updates            | 2320        |
|    policy_gradient_loss | -0.00647    |
|    value_loss           | 0.0513      |
-----------------------------------------
-----------------------------------------
| rollout/                |             |
|    ep_len_mean          | 312         |
|    ep_rew_mean          | 181         |
| time/                   |             |
|    fps                  | 263         |
|    iterations           | 99          |
|    time_elapsed         | 3072        |
|    total_timesteps      | 3817472     |
| train/                  |             |
|    approx_kl            | 0.008247148 |
|    clip_fraction        | 0.0667      |
|    clip_range           | 0.2         |
|    entropy_loss         | -0.936      |
|    explained_variance   | 0.96        |
|    learning_rate        | 0.0003      |
|    loss                 | 0.0117      |
|    n_updates            | 2325        |
|    policy_gradient_loss | -0.00506    |
|    value_loss           | 0.0615      |
-----------------------------------------
-----------------------------------------
| rollout/                |             |
|    ep_len_mean          | 311         |
|    ep_rew_mean          | 183         |
| time/                   |             |
|    fps                  | 264         |
|    iterations           | 100         |
|    time_elapsed         | 3102        |
|    total_timesteps      | 3825664     |
| train/                  |             |
|    approx_kl            | 0.007089155 |
|    clip_fraction        | 0.0841      |
|    clip_range           | 0.2         |
|    entropy_loss         | -0.936      |
|    explained_variance   | 0.967       |
|    learning_rate        | 0.0003      |
|    loss                 | -0.007      |
|    n_updates            | 2330        |
|    policy_gradient_loss | -0.00329    |
|    value_loss           | 0.0516      |
-----------------------------------------
-----------------------------------------
| rollout/                |             |
|    ep_len_mean          | 312         |
|    ep_rew_mean          | 183         |
| time/                   |             |
|    fps                  | 264         |
|    iterations           | 101         |
|    time_elapsed         | 3132        |
|    total_timesteps      | 3833856     |
| train/                  |             |
|    approx_kl            | 0.007843988 |
|    clip_fraction        | 0.0731      |
|    clip_range           | 0.2         |
|    entropy_loss         | -0.921      |
|    explained_variance   | 0.965       |
|    learning_rate        | 0.0003      |
|    loss                 | 0.00722     |
|    n_updates            | 2335        |
|    policy_gradient_loss | -0.00611    |
|    value_loss           | 0.053       |
-----------------------------------------
-----------------------------------------
| rollout/                |             |
|    ep_len_mean          | 315         |
|    ep_rew_mean          | 185         |
| time/                   |             |
|    fps                  | 264         |
|    iterations           | 102         |
|    time_elapsed         | 3161        |
|    total_timesteps      | 3842048     |
| train/                  |             |
|    approx_kl            | 0.007728528 |
|    clip_fraction        | 0.0617      |
|    clip_range           | 0.2         |
|    entropy_loss         | -0.943      |
|    explained_variance   | 0.963       |
|    learning_rate        | 0.0003      |
|    loss                 | 0.00853     |
|    n_updates            | 2340        |
|    policy_gradient_loss | -0.0071     |
|    value_loss           | 0.0512      |
-----------------------------------------
------------------------------------------
| rollout/                |              |
|    ep_len_mean          | 325          |
|    ep_rew_mean          | 191          |
| time/                   |              |
|    fps                  | 264          |
|    iterations           | 103          |
|    time_elapsed         | 3191         |
|    total_timesteps      | 3850240      |
| train/                  |              |
|    approx_kl            | 0.0072130235 |
|    clip_fraction        | 0.0648       |
|    clip_range           | 0.2          |
|    entropy_loss         | -0.971       |
|    explained_variance   | 0.955        |
|    learning_rate        | 0.0003       |
|    loss                 | 0.0057       |
|    n_updates            | 2345         |
|    policy_gradient_loss | -0.0057      |
|    value_loss           | 0.0646       |
------------------------------------------
-----------------------------------------
| rollout/                |             |
|    ep_len_mean          | 329         |
|    ep_rew_mean          | 193         |
| time/                   |             |
|    fps                  | 264         |
|    iterations           | 104         |
|    time_elapsed         | 3221        |
|    total_timesteps      | 3858432     |
| train/                  |             |
|    approx_kl            | 0.008331705 |
|    clip_fraction        | 0.0718      |
|    clip_range           | 0.2         |
|    entropy_loss         | -0.98       |
|    explained_variance   | 0.946       |
|    learning_rate        | 0.0003      |
|    loss                 | 0.0133      |
|    n_updates            | 2350        |
|    policy_gradient_loss | -0.0053     |
|    value_loss           | 0.0732      |
-----------------------------------------
-----------------------------------------
| rollout/                |             |
|    ep_len_mean          | 346         |
|    ep_rew_mean          | 194         |
| time/                   |             |
|    fps                  | 264         |
|    iterations           | 105         |
|    time_elapsed         | 3249        |
|    total_timesteps      | 3866624     |
| train/                  |             |
|    approx_kl            | 0.009041561 |
|    clip_fraction        | 0.0843      |
|    clip_range           | 0.2         |
|    entropy_loss         | -0.944      |
|    explained_variance   | 0.951       |
|    learning_rate        | 0.0003      |
|    loss                 | 0.00584     |
|    n_updates            | 2355        |
|    policy_gradient_loss | -0.00748    |
|    value_loss           | 0.0631      |
-----------------------------------------
-----------------------------------------
| rollout/                |             |
|    ep_len_mean          | 350         |
|    ep_rew_mean          | 194         |
| time/                   |             |
|    fps                  | 264         |
|    iterations           | 106         |
|    time_elapsed         | 3279        |
|    total_timesteps      | 3874816     |
| train/                  |             |
|    approx_kl            | 0.006675604 |
|    clip_fraction        | 0.0637      |
|    clip_range           | 0.2         |
|    entropy_loss         | -0.925      |
|    explained_variance   | 0.965       |
|    learning_rate        | 0.0003      |
|    loss                 | 0.00897     |
|    n_updates            | 2360        |
|    policy_gradient_loss | -0.00508    |
|    value_loss           | 0.0533      |
-----------------------------------------
----------------------------------------
| rollout/                |            |
|    ep_len_mean          | 351        |
|    ep_rew_mean          | 193        |
| time/                   |            |
|    fps                  | 264        |
|    iterations           | 107        |
|    time_elapsed         | 3308       |
|    total_timesteps      | 3883008    |
| train/                  |            |
|    approx_kl            | 0.00828425 |
|    clip_fraction        | 0.0722     |
|    clip_range           | 0.2        |
|    entropy_loss         | -0.973     |
|    explained_variance   | 0.96       |
|    learning_rate        | 0.0003     |
|    loss                 | 0.00932    |
|    n_updates            | 2365       |
|    policy_gradient_loss | -0.0045    |
|    value_loss           | 0.0484     |
----------------------------------------
------------------------------------------
| rollout/                |              |
|    ep_len_mean          | 343          |
|    ep_rew_mean          | 190          |
| time/                   |              |
|    fps                  | 265          |
|    iterations           | 108          |
|    time_elapsed         | 3338         |
|    total_timesteps      | 3891200      |
| train/                  |              |
|    approx_kl            | 0.0077558844 |
|    clip_fraction        | 0.0781       |
|    clip_range           | 0.2          |
|    entropy_loss         | -0.97        |
|    explained_variance   | 0.957        |
|    learning_rate        | 0.0003       |
|    loss                 | 0.0118       |
|    n_updates            | 2370         |
|    policy_gradient_loss | -0.00607     |
|    value_loss           | 0.0599       |
------------------------------------------
-----------------------------------------
| rollout/                |             |
|    ep_len_mean          | 321         |
|    ep_rew_mean          | 187         |
| time/                   |             |
|    fps                  | 265         |
|    iterations           | 109         |
|    time_elapsed         | 3368        |
|    total_timesteps      | 3899392     |
| train/                  |             |
|    approx_kl            | 0.006693328 |
|    clip_fraction        | 0.0619      |
|    clip_range           | 0.2         |
|    entropy_loss         | -0.891      |
|    explained_variance   | 0.961       |
|    learning_rate        | 0.0003      |
|    loss                 | 0.0152      |
|    n_updates            | 2375        |
|    policy_gradient_loss | -0.00534    |
|    value_loss           | 0.056       |
-----------------------------------------
[Checkpoint] Saved at 3900000 steps > C:\Users\Admin\Desktop\disciple\realnewdisciples-main\Big_map\campaign_checkpoints\super-last-stand-capital-6m-20260913-132436\campaign_ppo_step_3900000.zip
Eval num_timesteps=3906464, det_reward=177.70 +/- 33.31
Episode length: det=279.75 +/- 45.30
Victory rate: det=0.00%
-------------------------------------------------
| eval/                           |             |
|    deterministic_mean_ep_length | 280         |
|    deterministic_mean_reward    | 178         |
|    deterministic_victory_rate   | 0           |
|    mean_ep_length               | 280         |
|    mean_reward                  | 178         |
|    victory_rate                 | 0           |
| time/                           |             |
|    total_timesteps              | 3906464     |
| train/                          |             |
|    approx_kl                    | 0.007148614 |
|    clip_fraction                | 0.0751      |
|    clip_range                   | 0.2         |
|    entropy_loss                 | -0.918      |
|    explained_variance           | 0.965       |
|    learning_rate                | 0.0003      |
|    loss                         | 0.00127     |
|    n_updates                    | 2380        |
|    policy_gradient_loss         | -0.00411    |
|    value_loss                   | 0.0533      |
-------------------------------------------------
---------------------------------
| rollout/           |          |
|    ep_len_mean     | 323      |
|    ep_rew_mean     | 190      |
| time/              |          |
|    fps             | 263      |
|    iterations      | 110      |
|    time_elapsed    | 3416     |
|    total_timesteps | 3907584  |
---------------------------------
------------------------------------------
| rollout/                |              |
|    ep_len_mean          | 330          |
|    ep_rew_mean          | 192          |
| time/                   |              |
|    fps                  | 263          |
|    iterations           | 111          |
|    time_elapsed         | 3447         |
|    total_timesteps      | 3915776      |
| train/                  |              |
|    approx_kl            | 0.0059505044 |
|    clip_fraction        | 0.0738       |
|    clip_range           | 0.2          |
|    entropy_loss         | -0.958       |
|    explained_variance   | 0.962        |
|    learning_rate        | 0.0003       |
|    loss                 | 0.0104       |
|    n_updates            | 2385         |
|    policy_gradient_loss | -0.00524     |
|    value_loss           | 0.0549       |
------------------------------------------
-----------------------------------------
| rollout/                |             |
|    ep_len_mean          | 333         |
|    ep_rew_mean          | 195         |
| time/                   |             |
|    fps                  | 263         |
|    iterations           | 112         |
|    time_elapsed         | 3477        |
|    total_timesteps      | 3923968     |
| train/                  |             |
|    approx_kl            | 0.007092866 |
|    clip_fraction        | 0.0813      |
|    clip_range           | 0.2         |
|    entropy_loss         | -0.969      |
|    explained_variance   | 0.946       |
|    learning_rate        | 0.0003      |
|    loss                 | 0.014       |
|    n_updates            | 2390        |
|    policy_gradient_loss | -0.00392    |
|    value_loss           | 0.0801      |
-----------------------------------------
-----------------------------------------
| rollout/                |             |
|    ep_len_mean          | 341         |
|    ep_rew_mean          | 197         |
| time/                   |             |
|    fps                  | 263         |
|    iterations           | 113         |
|    time_elapsed         | 3507        |
|    total_timesteps      | 3932160     |
| train/                  |             |
|    approx_kl            | 0.006079204 |
|    clip_fraction        | 0.0647      |
|    clip_range           | 0.2         |
|    entropy_loss         | -0.882      |
|    explained_variance   | 0.96        |
|    learning_rate        | 0.0003      |
|    loss                 | 0.00389     |
|    n_updates            | 2395        |
|    policy_gradient_loss | -0.00508    |
|    value_loss           | 0.0571      |
-----------------------------------------
------------------------------------------
| rollout/                |              |
|    ep_len_mean          | 348          |
|    ep_rew_mean          | 198          |
| time/                   |              |
|    fps                  | 264          |
|    iterations           | 114          |
|    time_elapsed         | 3536         |
|    total_timesteps      | 3940352      |
| train/                  |              |
|    approx_kl            | 0.0077994093 |
|    clip_fraction        | 0.0758       |
|    clip_range           | 0.2          |
|    entropy_loss         | -0.963       |
|    explained_variance   | 0.948        |
|    learning_rate        | 0.0003       |
|    loss                 | 0.0185       |
|    n_updates            | 2400         |
|    policy_gradient_loss | -0.00449     |
|    value_loss           | 0.0721       |
------------------------------------------
-----------------------------------------
| rollout/                |             |
|    ep_len_mean          | 349         |
|    ep_rew_mean          | 202         |
| time/                   |             |
|    fps                  | 264         |
|    iterations           | 115         |
|    time_elapsed         | 3566        |
|    total_timesteps      | 3948544     |
| train/                  |             |
|    approx_kl            | 0.008296536 |
|    clip_fraction        | 0.0829      |
|    clip_range           | 0.2         |
|    entropy_loss         | -0.97       |
|    explained_variance   | 0.955       |
|    learning_rate        | 0.0003      |
|    loss                 | 0.0145      |
|    n_updates            | 2405        |
|    policy_gradient_loss | -0.00524    |
|    value_loss           | 0.0569      |
-----------------------------------------
------------------------------------------
| rollout/                |              |
|    ep_len_mean          | 343          |
|    ep_rew_mean          | 198          |
| time/                   |              |
|    fps                  | 264          |
|    iterations           | 116          |
|    time_elapsed         | 3596         |
|    total_timesteps      | 3956736      |
| train/                  |              |
|    approx_kl            | 0.0068661757 |
|    clip_fraction        | 0.0699       |
|    clip_range           | 0.2          |
|    entropy_loss         | -0.932       |
|    explained_variance   | 0.963        |
|    learning_rate        | 0.0003       |
|    loss                 | 0.017        |
|    n_updates            | 2410         |
|    policy_gradient_loss | -0.00516     |
|    value_loss           | 0.0571       |
------------------------------------------
------------------------------------------
| rollout/                |              |
|    ep_len_mean          | 355          |
|    ep_rew_mean          | 203          |
| time/                   |              |
|    fps                  | 264          |
|    iterations           | 117          |
|    time_elapsed         | 3626         |
|    total_timesteps      | 3964928      |
| train/                  |              |
|    approx_kl            | 0.0091245575 |
|    clip_fraction        | 0.0852       |
|    clip_range           | 0.2          |
|    entropy_loss         | -0.955       |
|    explained_variance   | 0.952        |
|    learning_rate        | 0.0003       |
|    loss                 | 0.00685      |
|    n_updates            | 2415         |
|    policy_gradient_loss | -0.00584     |
|    value_loss           | 0.0674       |
------------------------------------------
-----------------------------------------
| rollout/                |             |
|    ep_len_mean          | 359         |
|    ep_rew_mean          | 207         |
| time/                   |             |
|    fps                  | 264         |
|    iterations           | 118         |
|    time_elapsed         | 3656        |
|    total_timesteps      | 3973120     |
| train/                  |             |
|    approx_kl            | 0.008245467 |
|    clip_fraction        | 0.0945      |
|    clip_range           | 0.2         |
|    entropy_loss         | -1.02       |
|    explained_variance   | 0.958       |
|    learning_rate        | 0.0003      |
|    loss                 | 0.00234     |
|    n_updates            | 2420        |
|    policy_gradient_loss | -0.00608    |
|    value_loss           | 0.049       |
-----------------------------------------
-----------------------------------------
| rollout/                |             |
|    ep_len_mean          | 361         |
|    ep_rew_mean          | 206         |
| time/                   |             |
|    fps                  | 264         |
|    iterations           | 119         |
|    time_elapsed         | 3686        |
|    total_timesteps      | 3981312     |
| train/                  |             |
|    approx_kl            | 0.011416151 |
|    clip_fraction        | 0.0928      |
|    clip_range           | 0.2         |
|    entropy_loss         | -1.04       |
|    explained_variance   | 0.953       |
|    learning_rate        | 0.0003      |
|    loss                 | 0.0021      |
|    n_updates            | 2425        |
|    policy_gradient_loss | -0.00728    |
|    value_loss           | 0.0581      |
-----------------------------------------
-----------------------------------------
| rollout/                |             |
|    ep_len_mean          | 370         |
|    ep_rew_mean          | 208         |
| time/                   |             |
|    fps                  | 264         |
|    iterations           | 120         |
|    time_elapsed         | 3716        |
|    total_timesteps      | 3989504     |
| train/                  |             |
|    approx_kl            | 0.009106332 |
|    clip_fraction        | 0.0642      |
|    clip_range           | 0.2         |
|    entropy_loss         | -1.02       |
|    explained_variance   | 0.961       |
|    learning_rate        | 0.0003      |
|    loss                 | 0.0054      |
|    n_updates            | 2430        |
|    policy_gradient_loss | -0.00507    |
|    value_loss           | 0.0481      |
-----------------------------------------
------------------------------------------
| rollout/                |              |
|    ep_len_mean          | 376          |
|    ep_rew_mean          | 207          |
| time/                   |              |
|    fps                  | 264          |
|    iterations           | 121          |
|    time_elapsed         | 3746         |
|    total_timesteps      | 3997696      |
| train/                  |              |
|    approx_kl            | 0.0073274476 |
|    clip_fraction        | 0.087        |
|    clip_range           | 0.2          |
|    entropy_loss         | -0.99        |
|    explained_variance   | 0.961        |
|    learning_rate        | 0.0003       |
|    loss                 | 0.00205      |
|    n_updates            | 2435         |
|    policy_gradient_loss | -0.00539     |
|    value_loss           | 0.0537       |
------------------------------------------
------------------------------------------
| rollout/                |              |
|    ep_len_mean          | 363          |
|    ep_rew_mean          | 199          |
| time/                   |              |
|    fps                  | 264          |
|    iterations           | 122          |
|    time_elapsed         | 3776         |
|    total_timesteps      | 4005888      |
| train/                  |              |
|    approx_kl            | 0.0071447273 |
|    clip_fraction        | 0.0736       |
|    clip_range           | 0.2          |
|    entropy_loss         | -1.06        |
|    explained_variance   | 0.947        |
|    learning_rate        | 0.0003       |
|    loss                 | 0.0192       |
|    n_updates            | 2440         |
|    policy_gradient_loss | -0.00461     |
|    value_loss           | 0.06         |
------------------------------------------
------------------------------------------
| rollout/                |              |
|    ep_len_mean          | 363          |
|    ep_rew_mean          | 198          |
| time/                   |              |
|    fps                  | 264          |
|    iterations           | 123          |
|    time_elapsed         | 3808         |
|    total_timesteps      | 4014080      |
| train/                  |              |
|    approx_kl            | 0.0075516347 |
|    clip_fraction        | 0.068        |
|    clip_range           | 0.2          |
|    entropy_loss         | -0.993       |
|    explained_variance   | 0.945        |
|    learning_rate        | 0.0003       |
|    loss                 | 0.0139       |
|    n_updates            | 2445         |
|    policy_gradient_loss | -0.00441     |
|    value_loss           | 0.0743       |
------------------------------------------
-----------------------------------------
| rollout/                |             |
|    ep_len_mean          | 359         |
|    ep_rew_mean          | 195         |
| time/                   |             |
|    fps                  | 264         |
|    iterations           | 124         |
|    time_elapsed         | 3840        |
|    total_timesteps      | 4022272     |
| train/                  |             |
|    approx_kl            | 0.008660965 |
|    clip_fraction        | 0.0868      |
|    clip_range           | 0.2         |
|    entropy_loss         | -1.06       |
|    explained_variance   | 0.954       |
|    learning_rate        | 0.0003      |
|    loss                 | 0.00241     |
|    n_updates            | 2450        |
|    policy_gradient_loss | -0.00602    |
|    value_loss           | 0.0605      |
-----------------------------------------
-----------------------------------------
| rollout/                |             |
|    ep_len_mean          | 362         |
|    ep_rew_mean          | 197         |
| time/                   |             |
|    fps                  | 264         |
|    iterations           | 125         |
|    time_elapsed         | 3871        |
|    total_timesteps      | 4030464     |
| train/                  |             |
|    approx_kl            | 0.007980934 |
|    clip_fraction        | 0.0641      |
|    clip_range           | 0.2         |
|    entropy_loss         | -1.04       |
|    explained_variance   | 0.961       |
|    learning_rate        | 0.0003      |
|    loss                 | -0.00198    |
|    n_updates            | 2455        |
|    policy_gradient_loss | -0.00468    |
|    value_loss           | 0.0538      |
-----------------------------------------
-----------------------------------------
| rollout/                |             |
|    ep_len_mean          | 362         |
|    ep_rew_mean          | 199         |
| time/                   |             |
|    fps                  | 264         |
|    iterations           | 126         |
|    time_elapsed         | 3902        |
|    total_timesteps      | 4038656     |
| train/                  |             |
|    approx_kl            | 0.007854234 |
|    clip_fraction        | 0.0825      |
|    clip_range           | 0.2         |
|    entropy_loss         | -1.03       |
|    explained_variance   | 0.959       |
|    learning_rate        | 0.0003      |
|    loss                 | 0.000539    |
|    n_updates            | 2460        |
|    policy_gradient_loss | -0.00503    |
|    value_loss           | 0.0528      |
-----------------------------------------
-----------------------------------------
| rollout/                |             |
|    ep_len_mean          | 367         |
|    ep_rew_mean          | 204         |
| time/                   |             |
|    fps                  | 264         |
|    iterations           | 127         |
|    time_elapsed         | 3933        |
|    total_timesteps      | 4046848     |
| train/                  |             |
|    approx_kl            | 0.009427787 |
|    clip_fraction        | 0.0895      |
|    clip_range           | 0.2         |
|    entropy_loss         | -0.993      |
|    explained_variance   | 0.955       |
|    learning_rate        | 0.0003      |
|    loss                 | 0.00407     |
|    n_updates            | 2465        |
|    policy_gradient_loss | -0.00611    |
|    value_loss           | 0.0642      |
-----------------------------------------
-----------------------------------------
| rollout/                |             |
|    ep_len_mean          | 364         |
|    ep_rew_mean          | 205         |
| time/                   |             |
|    fps                  | 264         |
|    iterations           | 128         |
|    time_elapsed         | 3966        |
|    total_timesteps      | 4055040     |
| train/                  |             |
|    approx_kl            | 0.007976257 |
|    clip_fraction        | 0.079       |
|    clip_range           | 0.2         |
|    entropy_loss         | -1.02       |
|    explained_variance   | 0.949       |
|    learning_rate        | 0.0003      |
|    loss                 | 0.0018      |
|    n_updates            | 2470        |
|    policy_gradient_loss | -0.00685    |
|    value_loss           | 0.0621      |
-----------------------------------------
------------------------------------------
| rollout/                |              |
|    ep_len_mean          | 363          |
|    ep_rew_mean          | 204          |
| time/                   |              |
|    fps                  | 264          |
|    iterations           | 129          |
|    time_elapsed         | 3999         |
|    total_timesteps      | 4063232      |
| train/                  |              |
|    approx_kl            | 0.0076789586 |
|    clip_fraction        | 0.0904       |
|    clip_range           | 0.2          |
|    entropy_loss         | -0.994       |
|    explained_variance   | 0.947        |
|    learning_rate        | 0.0003       |
|    loss                 | 0.034        |
|    n_updates            | 2475         |
|    policy_gradient_loss | -0.00331     |
|    value_loss           | 0.0763       |
------------------------------------------
------------------------------------------
| rollout/                |              |
|    ep_len_mean          | 362          |
|    ep_rew_mean          | 204          |
| time/                   |              |
|    fps                  | 264          |
|    iterations           | 130          |
|    time_elapsed         | 4030         |
|    total_timesteps      | 4071424      |
| train/                  |              |
|    approx_kl            | 0.0072709904 |
|    clip_fraction        | 0.0872       |
|    clip_range           | 0.2          |
|    entropy_loss         | -1.03        |
|    explained_variance   | 0.939        |
|    learning_rate        | 0.0003       |
|    loss                 | 0.029        |
|    n_updates            | 2480         |
|    policy_gradient_loss | -0.00414     |
|    value_loss           | 0.075        |
------------------------------------------
-----------------------------------------
| rollout/                |             |
|    ep_len_mean          | 340         |
|    ep_rew_mean          | 194         |
| time/                   |             |
|    fps                  | 264         |
|    iterations           | 131         |
|    time_elapsed         | 4061        |
|    total_timesteps      | 4079616     |
| train/                  |             |
|    approx_kl            | 0.008344825 |
|    clip_fraction        | 0.0907      |
|    clip_range           | 0.2         |
|    entropy_loss         | -0.962      |
|    explained_variance   | 0.944       |
|    learning_rate        | 0.0003      |
|    loss                 | 0.018       |
|    n_updates            | 2485        |
|    policy_gradient_loss | -0.00566    |
|    value_loss           | 0.068       |
-----------------------------------------
------------------------------------------
| rollout/                |              |
|    ep_len_mean          | 337          |
|    ep_rew_mean          | 193          |
| time/                   |              |
|    fps                  | 264          |
|    iterations           | 132          |
|    time_elapsed         | 4091         |
|    total_timesteps      | 4087808      |
| train/                  |              |
|    approx_kl            | 0.0077130934 |
|    clip_fraction        | 0.0944       |
|    clip_range           | 0.2          |
|    entropy_loss         | -0.913       |
|    explained_variance   | 0.945        |
|    learning_rate        | 0.0003       |
|    loss                 | 0.00949      |
|    n_updates            | 2490         |
|    policy_gradient_loss | -0.00662     |
|    value_loss           | 0.0725       |
------------------------------------------
-----------------------------------------
| rollout/                |             |
|    ep_len_mean          | 339         |
|    ep_rew_mean          | 194         |
| time/                   |             |
|    fps                  | 264         |
|    iterations           | 133         |
|    time_elapsed         | 4122        |
|    total_timesteps      | 4096000     |
| train/                  |             |
|    approx_kl            | 0.006441485 |
|    clip_fraction        | 0.0816      |
|    clip_range           | 0.2         |
|    entropy_loss         | -0.984      |
|    explained_variance   | 0.957       |
|    learning_rate        | 0.0003      |
|    loss                 | 0.00909     |
|    n_updates            | 2495        |
|    policy_gradient_loss | -0.00783    |
|    value_loss           | 0.0659      |
-----------------------------------------
-----------------------------------------
| rollout/                |             |
|    ep_len_mean          | 352         |
|    ep_rew_mean          | 201         |
| time/                   |             |
|    fps                  | 264         |
|    iterations           | 134         |
|    time_elapsed         | 4153        |
|    total_timesteps      | 4104192     |
| train/                  |             |
|    approx_kl            | 0.008691557 |
|    clip_fraction        | 0.081       |
|    clip_range           | 0.2         |
|    entropy_loss         | -1.04       |
|    explained_variance   | 0.96        |
|    learning_rate        | 0.0003      |
|    loss                 | 0.00772     |
|    n_updates            | 2500        |
|    policy_gradient_loss | -0.00606    |
|    value_loss           | 0.0561      |
-----------------------------------------
----------------------------------------
| rollout/                |            |
|    ep_len_mean          | 362        |
|    ep_rew_mean          | 203        |
| time/                   |            |
|    fps                  | 264        |
|    iterations           | 135        |
|    time_elapsed         | 4183       |
|    total_timesteps      | 4112384    |
| train/                  |            |
|    approx_kl            | 0.00827011 |
|    clip_fraction        | 0.0797     |
|    clip_range           | 0.2        |
|    entropy_loss         | -1.03      |
|    explained_variance   | 0.953      |
|    learning_rate        | 0.0003     |
|    loss                 | 0.00641    |
|    n_updates            | 2505       |
|    policy_gradient_loss | -0.00665   |
|    value_loss           | 0.0561     |
----------------------------------------
------------------------------------------
| rollout/                |              |
|    ep_len_mean          | 389          |
|    ep_rew_mean          | 211          |
| time/                   |              |
|    fps                  | 264          |
|    iterations           | 136          |
|    time_elapsed         | 4214         |
|    total_timesteps      | 4120576      |
| train/                  |              |
|    approx_kl            | 0.0074246256 |
|    clip_fraction        | 0.0809       |
|    clip_range           | 0.2          |
|    entropy_loss         | -1.03        |
|    explained_variance   | 0.951        |
|    learning_rate        | 0.0003       |
|    loss                 | 0.000754     |
|    n_updates            | 2510         |
|    policy_gradient_loss | -0.00689     |
|    value_loss           | 0.0618       |
------------------------------------------
-----------------------------------------
| rollout/                |             |
|    ep_len_mean          | 400         |
|    ep_rew_mean          | 214         |
| time/                   |             |
|    fps                  | 264         |
|    iterations           | 137         |
|    time_elapsed         | 4245        |
|    total_timesteps      | 4128768     |
| train/                  |             |
|    approx_kl            | 0.011455687 |
|    clip_fraction        | 0.11        |
|    clip_range           | 0.2         |
|    entropy_loss         | -1.03       |
|    explained_variance   | 0.952       |
|    learning_rate        | 0.0003      |
|    loss                 | -0.00978    |
|    n_updates            | 2515        |
|    policy_gradient_loss | -0.00839    |
|    value_loss           | 0.0563      |
-----------------------------------------
------------------------------------------
| rollout/                |              |
|    ep_len_mean          | 399          |
|    ep_rew_mean          | 212          |
| time/                   |              |
|    fps                  | 264          |
|    iterations           | 138          |
|    time_elapsed         | 4281         |
|    total_timesteps      | 4136960      |
| train/                  |              |
|    approx_kl            | 0.0075361645 |
|    clip_fraction        | 0.065        |
|    clip_range           | 0.2          |
|    entropy_loss         | -1.05        |
|    explained_variance   | 0.95         |
|    learning_rate        | 0.0003       |
|    loss                 | 0.00938      |
|    n_updates            | 2520         |
|    policy_gradient_loss | -0.00452     |
|    value_loss           | 0.0666       |
------------------------------------------
-----------------------------------------
| rollout/                |             |
|    ep_len_mean          | 392         |
|    ep_rew_mean          | 207         |
| time/                   |             |
|    fps                  | 263         |
|    iterations           | 139         |
|    time_elapsed         | 4320        |
|    total_timesteps      | 4145152     |
| train/                  |             |
|    approx_kl            | 0.006605276 |
|    clip_fraction        | 0.0599      |
|    clip_range           | 0.2         |
|    entropy_loss         | -1.06       |
|    explained_variance   | 0.954       |
|    learning_rate        | 0.0003      |
|    loss                 | 0.00786     |
|    n_updates            | 2525        |
|    policy_gradient_loss | -0.00588    |
|    value_loss           | 0.0595      |
-----------------------------------------
------------------------------------------
| rollout/                |              |
|    ep_len_mean          | 397          |
|    ep_rew_mean          | 209          |
| time/                   |              |
|    fps                  | 263          |
|    iterations           | 140          |
|    time_elapsed         | 4357         |
|    total_timesteps      | 4153344      |
| train/                  |              |
|    approx_kl            | 0.0076631657 |
|    clip_fraction        | 0.0672       |
|    clip_range           | 0.2          |
|    entropy_loss         | -1.04        |
|    explained_variance   | 0.96         |
|    learning_rate        | 0.0003       |
|    loss                 | 0.00694      |
|    n_updates            | 2530         |
|    policy_gradient_loss | -0.00517     |
|    value_loss           | 0.0551       |
------------------------------------------
-----------------------------------------
| rollout/                |             |
|    ep_len_mean          | 392         |
|    ep_rew_mean          | 211         |
| time/                   |             |
|    fps                  | 262         |
|    iterations           | 141         |
|    time_elapsed         | 4392        |
|    total_timesteps      | 4161536     |
| train/                  |             |
|    approx_kl            | 0.008142857 |
|    clip_fraction        | 0.0731      |
|    clip_range           | 0.2         |
|    entropy_loss         | -1.01       |
|    explained_variance   | 0.958       |
|    learning_rate        | 0.0003      |
|    loss                 | 0.00229     |
|    n_updates            | 2535        |
|    policy_gradient_loss | -0.00615    |
|    value_loss           | 0.0558      |
-----------------------------------------
------------------------------------------
| rollout/                |              |
|    ep_len_mean          | 394          |
|    ep_rew_mean          | 214          |
| time/                   |              |
|    fps                  | 262          |
|    iterations           | 142          |
|    time_elapsed         | 4424         |
|    total_timesteps      | 4169728      |
| train/                  |              |
|    approx_kl            | 0.0064988844 |
|    clip_fraction        | 0.0744       |
|    clip_range           | 0.2          |
|    entropy_loss         | -0.994       |
|    explained_variance   | 0.959        |
|    learning_rate        | 0.0003       |
|    loss                 | 0.00202      |
|    n_updates            | 2540         |
|    policy_gradient_loss | -0.00409     |
|    value_loss           | 0.0494       |
------------------------------------------
-----------------------------------------
| rollout/                |             |
|    ep_len_mean          | 395         |
|    ep_rew_mean          | 215         |
| time/                   |             |
|    fps                  | 262         |
|    iterations           | 143         |
|    time_elapsed         | 4458        |
|    total_timesteps      | 4177920     |
| train/                  |             |
|    approx_kl            | 0.009011193 |
|    clip_fraction        | 0.0936      |
|    clip_range           | 0.2         |
|    entropy_loss         | -1.02       |
|    explained_variance   | 0.942       |
|    learning_rate        | 0.0003      |
|    loss                 | 0.0101      |
|    n_updates            | 2545        |
|    policy_gradient_loss | -0.00637    |
|    value_loss           | 0.0704      |
-----------------------------------------
----------------------------------------
| rollout/                |            |
|    ep_len_mean          | 382        |
|    ep_rew_mean          | 209        |
| time/                   |            |
|    fps                  | 262        |
|    iterations           | 144        |
|    time_elapsed         | 4491       |
|    total_timesteps      | 4186112    |
| train/                  |            |
|    approx_kl            | 0.00935918 |
|    clip_fraction        | 0.0869     |
|    clip_range           | 0.2        |
|    entropy_loss         | -1.02      |
|    explained_variance   | 0.963      |
|    learning_rate        | 0.0003     |
|    loss                 | 0.00389    |
|    n_updates            | 2550       |
|    policy_gradient_loss | -0.00462   |
|    value_loss           | 0.0462     |
----------------------------------------
-----------------------------------------
| rollout/                |             |
|    ep_len_mean          | 381         |
|    ep_rew_mean          | 210         |
| time/                   |             |
|    fps                  | 262         |
|    iterations           | 145         |
|    time_elapsed         | 4524        |
|    total_timesteps      | 4194304     |
| train/                  |             |
|    approx_kl            | 0.008616038 |
|    clip_fraction        | 0.0749      |
|    clip_range           | 0.2         |
|    entropy_loss         | -0.987      |
|    explained_variance   | 0.965       |
|    learning_rate        | 0.0003      |
|    loss                 | 0.00643     |
|    n_updates            | 2555        |
|    policy_gradient_loss | -0.00509    |
|    value_loss           | 0.0477      |
-----------------------------------------
[Checkpoint] Saved at 4200000 steps > C:\Users\Admin\Desktop\disciple\realnewdisciples-main\Big_map\campaign_checkpoints\super-last-stand-capital-6m-20260913-132436\campaign_ppo_step_4200000.zip
-----------------------------------------
| rollout/                |             |
|    ep_len_mean          | 377         |
|    ep_rew_mean          | 205         |
| time/                   |             |
|    fps                  | 262         |
|    iterations           | 146         |
|    time_elapsed         | 4557        |
|    total_timesteps      | 4202496     |
| train/                  |             |
|    approx_kl            | 0.008086098 |
|    clip_fraction        | 0.0895      |
|    clip_range           | 0.2         |
|    entropy_loss         | -0.991      |
|    explained_variance   | 0.964       |
|    learning_rate        | 0.0003      |
|    loss                 | 0.0114      |
|    n_updates            | 2560        |
|    policy_gradient_loss | -0.0055     |
|    value_loss           | 0.0522      |
-----------------------------------------
Eval num_timesteps=4206464, det_reward=182.65 +/- 32.12
Episode length: det=280.25 +/- 58.91
Victory rate: det=0.00%
-------------------------------------------------
| eval/                           |             |
|    deterministic_mean_ep_length | 280         |
|    deterministic_mean_reward    | 183         |
|    deterministic_victory_rate   | 0           |
|    mean_ep_length               | 280         |
|    mean_reward                  | 183         |
|    victory_rate                 | 0           |
| time/                           |             |
|    total_timesteps              | 4206464     |
| train/                          |             |
|    approx_kl                    | 0.006842342 |
|    clip_fraction                | 0.0659      |
|    clip_range                   | 0.2         |
|    entropy_loss                 | -1.01       |
|    explained_variance           | 0.964       |
|    learning_rate                | 0.0003      |
|    loss                         | 0.00778     |
|    n_updates                    | 2565        |
|    policy_gradient_loss         | -0.00406    |
|    value_loss                   | 0.054       |
-------------------------------------------------
---------------------------------
| rollout/           |          |
|    ep_len_mean     | 376      |
|    ep_rew_mean     | 206      |
| time/              |          |
|    fps             | 260      |
|    iterations      | 147      |
|    time_elapsed    | 4614     |
|    total_timesteps | 4210688  |
---------------------------------
-----------------------------------------
| rollout/                |             |
|    ep_len_mean          | 373         |
|    ep_rew_mean          | 204         |
| time/                   |             |
|    fps                  | 260         |
|    iterations           | 148         |
|    time_elapsed         | 4649        |
|    total_timesteps      | 4218880     |
| train/                  |             |
|    approx_kl            | 0.007487095 |
|    clip_fraction        | 0.0904      |
|    clip_range           | 0.2         |
|    entropy_loss         | -0.997      |
|    explained_variance   | 0.966       |
|    learning_rate        | 0.0003      |
|    loss                 | 0.00524     |
|    n_updates            | 2570        |
|    policy_gradient_loss | -0.00484    |
|    value_loss           | 0.0499      |
-----------------------------------------
----------------------------------------
| rollout/                |            |
|    ep_len_mean          | 385        |
|    ep_rew_mean          | 209        |
| time/                   |            |
|    fps                  | 260        |
|    iterations           | 149        |
|    time_elapsed         | 4681       |
|    total_timesteps      | 4227072    |
| train/                  |            |
|    approx_kl            | 0.00874415 |
|    clip_fraction        | 0.0755     |
|    clip_range           | 0.2        |
|    entropy_loss         | -1.04      |
|    explained_variance   | 0.961      |
|    learning_rate        | 0.0003     |
|    loss                 | 0.0205     |
|    n_updates            | 2575       |
|    policy_gradient_loss | -0.00331   |
|    value_loss           | 0.0608     |
----------------------------------------
-----------------------------------------
| rollout/                |             |
|    ep_len_mean          | 386         |
|    ep_rew_mean          | 209         |
| time/                   |             |
|    fps                  | 260         |
|    iterations           | 150         |
|    time_elapsed         | 4712        |
|    total_timesteps      | 4235264     |
| train/                  |             |
|    approx_kl            | 0.009598871 |
|    clip_fraction        | 0.109       |
|    clip_range           | 0.2         |
|    entropy_loss         | -1.06       |
|    explained_variance   | 0.953       |
|    learning_rate        | 0.0003      |
|    loss                 | 0.00162     |
|    n_updates            | 2580        |
|    policy_gradient_loss | -0.00562    |
|    value_loss           | 0.0601      |
-----------------------------------------
------------------------------------------
| rollout/                |              |
|    ep_len_mean          | 394          |
|    ep_rew_mean          | 213          |
| time/                   |              |
|    fps                  | 260          |
|    iterations           | 151          |
|    time_elapsed         | 4743         |
|    total_timesteps      | 4243456      |
| train/                  |              |
|    approx_kl            | 0.0069399625 |
|    clip_fraction        | 0.0595       |
|    clip_range           | 0.2          |
|    entropy_loss         | -1.01        |
|    explained_variance   | 0.958        |
|    learning_rate        | 0.0003       |
|    loss                 | 0.0106       |
|    n_updates            | 2585         |
|    policy_gradient_loss | -0.00521     |
|    value_loss           | 0.0631       |
------------------------------------------
---------------------------------------
| rollout/                |           |
|    ep_len_mean          | 390       |
|    ep_rew_mean          | 211       |
| time/                   |           |
|    fps                  | 260       |
|    iterations           | 152       |
|    time_elapsed         | 4775      |
|    total_timesteps      | 4251648   |
| train/                  |           |
|    approx_kl            | 0.0075787 |
|    clip_fraction        | 0.0844    |
|    clip_range           | 0.2       |
|    entropy_loss         | -1.01     |
|    explained_variance   | 0.958     |
|    learning_rate        | 0.0003    |
|    loss                 | 0.00192   |
|    n_updates            | 2590      |
|    policy_gradient_loss | -0.00566  |
|    value_loss           | 0.0582    |
---------------------------------------
------------------------------------------
| rollout/                |              |
|    ep_len_mean          | 391          |
|    ep_rew_mean          | 210          |
| time/                   |              |
|    fps                  | 260          |
|    iterations           | 153          |
|    time_elapsed         | 4807         |
|    total_timesteps      | 4259840      |
| train/                  |              |
|    approx_kl            | 0.0068380903 |
|    clip_fraction        | 0.0688       |
|    clip_range           | 0.2          |
|    entropy_loss         | -1.01        |
|    explained_variance   | 0.954        |
|    learning_rate        | 0.0003       |
|    loss                 | 0.00542      |
|    n_updates            | 2595         |
|    policy_gradient_loss | -0.00598     |
|    value_loss           | 0.0575       |
------------------------------------------
-----------------------------------------
| rollout/                |             |
|    ep_len_mean          | 391         |
|    ep_rew_mean          | 209         |
| time/                   |             |
|    fps                  | 260         |
|    iterations           | 154         |
|    time_elapsed         | 4840        |
|    total_timesteps      | 4268032     |
| train/                  |             |
|    approx_kl            | 0.008745306 |
|    clip_fraction        | 0.0945      |
|    clip_range           | 0.2         |
|    entropy_loss         | -1.06       |
|    explained_variance   | 0.955       |
|    learning_rate        | 0.0003      |
|    loss                 | 0.00796     |
|    n_updates            | 2600        |
|    policy_gradient_loss | -0.00759    |
|    value_loss           | 0.0649      |
-----------------------------------------
------------------------------------------
| rollout/                |              |
|    ep_len_mean          | 399          |
|    ep_rew_mean          | 214          |
| time/                   |              |
|    fps                  | 260          |
|    iterations           | 155          |
|    time_elapsed         | 4870         |
|    total_timesteps      | 4276224      |
| train/                  |              |
|    approx_kl            | 0.0068205018 |
|    clip_fraction        | 0.0654       |
|    clip_range           | 0.2          |
|    entropy_loss         | -0.99        |
|    explained_variance   | 0.945        |
|    learning_rate        | 0.0003       |
|    loss                 | 0.00817      |
|    n_updates            | 2605         |
|    policy_gradient_loss | -0.00548     |
|    value_loss           | 0.0772       |
------------------------------------------
------------------------------------------
| rollout/                |              |
|    ep_len_mean          | 400          |
|    ep_rew_mean          | 215          |
| time/                   |              |
|    fps                  | 260          |
|    iterations           | 156          |
|    time_elapsed         | 4902         |
|    total_timesteps      | 4284416      |
| train/                  |              |
|    approx_kl            | 0.0062868195 |
|    clip_fraction        | 0.0604       |
|    clip_range           | 0.2          |
|    entropy_loss         | -1.01        |
|    explained_variance   | 0.951        |
|    learning_rate        | 0.0003       |
|    loss                 | 0.0116       |
|    n_updates            | 2610         |
|    policy_gradient_loss | -0.00508     |
|    value_loss           | 0.0694       |
------------------------------------------
-----------------------------------------
| rollout/                |             |
|    ep_len_mean          | 414         |
|    ep_rew_mean          | 219         |
| time/                   |             |
|    fps                  | 260         |
|    iterations           | 157         |
|    time_elapsed         | 4932        |
|    total_timesteps      | 4292608     |
| train/                  |             |
|    approx_kl            | 0.009795548 |
|    clip_fraction        | 0.094       |
|    clip_range           | 0.2         |
|    entropy_loss         | -1.05       |
|    explained_variance   | 0.967       |
|    learning_rate        | 0.0003      |
|    loss                 | 0.000955    |
|    n_updates            | 2615        |
|    policy_gradient_loss | -0.00313    |
|    value_loss           | 0.0437      |
-----------------------------------------
-----------------------------------------
| rollout/                |             |
|    ep_len_mean          | 408         |
|    ep_rew_mean          | 218         |
| time/                   |             |
|    fps                  | 260         |
|    iterations           | 158         |
|    time_elapsed         | 4961        |
|    total_timesteps      | 4300800     |
| train/                  |             |
|    approx_kl            | 0.007448454 |
|    clip_fraction        | 0.0719      |
|    clip_range           | 0.2         |
|    entropy_loss         | -1.07       |
|    explained_variance   | 0.965       |
|    learning_rate        | 0.0003      |
|    loss                 | 0.00481     |
|    n_updates            | 2620        |
|    policy_gradient_loss | -0.00357    |
|    value_loss           | 0.041       |
-----------------------------------------
------------------------------------------
| rollout/                |              |
|    ep_len_mean          | 401          |
|    ep_rew_mean          | 214          |
| time/                   |              |
|    fps                  | 260          |
|    iterations           | 159          |
|    time_elapsed         | 4992         |
|    total_timesteps      | 4308992      |
| train/                  |              |
|    approx_kl            | 0.0072823614 |
|    clip_fraction        | 0.0652       |
|    clip_range           | 0.2          |
|    entropy_loss         | -0.998       |
|    explained_variance   | 0.954        |
|    learning_rate        | 0.0003       |
|    loss                 | 0.0179       |
|    n_updates            | 2625         |
|    policy_gradient_loss | -0.00375     |
|    value_loss           | 0.0593       |
------------------------------------------
------------------------------------------
| rollout/                |              |
|    ep_len_mean          | 395          |
|    ep_rew_mean          | 210          |
| time/                   |              |
|    fps                  | 260          |
|    iterations           | 160          |
|    time_elapsed         | 5023         |
|    total_timesteps      | 4317184      |
| train/                  |              |
|    approx_kl            | 0.0067170374 |
|    clip_fraction        | 0.0813       |
|    clip_range           | 0.2          |
|    entropy_loss         | -1.02        |
|    explained_variance   | 0.955        |
|    learning_rate        | 0.0003       |
|    loss                 | 0.00681      |
|    n_updates            | 2630         |
|    policy_gradient_loss | -0.00479     |
|    value_loss           | 0.0623       |
------------------------------------------
-----------------------------------------
| rollout/                |             |
|    ep_len_mean          | 379         |
|    ep_rew_mean          | 204         |
| time/                   |             |
|    fps                  | 260         |
|    iterations           | 161         |
|    time_elapsed         | 5053        |
|    total_timesteps      | 4325376     |
| train/                  |             |
|    approx_kl            | 0.007960623 |
|    clip_fraction        | 0.0773      |
|    clip_range           | 0.2         |
|    entropy_loss         | -0.996      |
|    explained_variance   | 0.949       |
|    learning_rate        | 0.0003      |
|    loss                 | 0.0266      |
|    n_updates            | 2635        |
|    policy_gradient_loss | -0.0045     |
|    value_loss           | 0.0686      |
-----------------------------------------
-----------------------------------------
| rollout/                |             |
|    ep_len_mean          | 384         |
|    ep_rew_mean          | 206         |
| time/                   |             |
|    fps                  | 261         |
|    iterations           | 162         |
|    time_elapsed         | 5084        |
|    total_timesteps      | 4333568     |
| train/                  |             |
|    approx_kl            | 0.010007106 |
|    clip_fraction        | 0.0922      |
|    clip_range           | 0.2         |
|    entropy_loss         | -1.02       |
|    explained_variance   | 0.951       |
|    learning_rate        | 0.0003      |
|    loss                 | 0.00787     |
|    n_updates            | 2640        |
|    policy_gradient_loss | -0.00574    |
|    value_loss           | 0.0691      |
-----------------------------------------
------------------------------------------
| rollout/                |              |
|    ep_len_mean          | 401          |
|    ep_rew_mean          | 214          |
| time/                   |              |
|    fps                  | 261          |
|    iterations           | 163          |
|    time_elapsed         | 5115         |
|    total_timesteps      | 4341760      |
| train/                  |              |
|    approx_kl            | 0.0069881454 |
|    clip_fraction        | 0.0844       |
|    clip_range           | 0.2          |
|    entropy_loss         | -1.07        |
|    explained_variance   | 0.966        |
|    learning_rate        | 0.0003       |
|    loss                 | 0.00506      |
|    n_updates            | 2645         |
|    policy_gradient_loss | -0.00462     |
|    value_loss           | 0.0456       |
------------------------------------------
-----------------------------------------
| rollout/                |             |
|    ep_len_mean          | 404         |
|    ep_rew_mean          | 218         |
| time/                   |             |
|    fps                  | 261         |
|    iterations           | 164         |
|    time_elapsed         | 5145        |
|    total_timesteps      | 4349952     |
| train/                  |             |
|    approx_kl            | 0.006199141 |
|    clip_fraction        | 0.0861      |
|    clip_range           | 0.2         |
|    entropy_loss         | -1.06       |
|    explained_variance   | 0.966       |
|    learning_rate        | 0.0003      |
|    loss                 | 0.00804     |
|    n_updates            | 2650        |
|    policy_gradient_loss | -0.00236    |
|    value_loss           | 0.0465      |
-----------------------------------------
------------------------------------------
| rollout/                |              |
|    ep_len_mean          | 403          |
|    ep_rew_mean          | 217          |
| time/                   |              |
|    fps                  | 261          |
|    iterations           | 165          |
|    time_elapsed         | 5176         |
|    total_timesteps      | 4358144      |
| train/                  |              |
|    approx_kl            | 0.0052303304 |
|    clip_fraction        | 0.0538       |
|    clip_range           | 0.2          |
|    entropy_loss         | -0.991       |
|    explained_variance   | 0.962        |
|    learning_rate        | 0.0003       |
|    loss                 | 0.00996      |
|    n_updates            | 2655         |
|    policy_gradient_loss | -0.00418     |
|    value_loss           | 0.0511       |
------------------------------------------
-----------------------------------------
| rollout/                |             |
|    ep_len_mean          | 415         |
|    ep_rew_mean          | 221         |
| time/                   |             |
|    fps                  | 261         |
|    iterations           | 166         |
|    time_elapsed         | 5206        |
|    total_timesteps      | 4366336     |
| train/                  |             |
|    approx_kl            | 0.007096428 |
|    clip_fraction        | 0.077       |
|    clip_range           | 0.2         |
|    entropy_loss         | -1.03       |
|    explained_variance   | 0.965       |
|    learning_rate        | 0.0003      |
|    loss                 | -0.00474    |
|    n_updates            | 2660        |
|    policy_gradient_loss | -0.00618    |
|    value_loss           | 0.0472      |
-----------------------------------------
-----------------------------------------
| rollout/                |             |
|    ep_len_mean          | 409         |
|    ep_rew_mean          | 219         |
| time/                   |             |
|    fps                  | 261         |
|    iterations           | 167         |
|    time_elapsed         | 5237        |
|    total_timesteps      | 4374528     |
| train/                  |             |
|    approx_kl            | 0.008631318 |
|    clip_fraction        | 0.0809      |
|    clip_range           | 0.2         |
|    entropy_loss         | -1.05       |
|    explained_variance   | 0.966       |
|    learning_rate        | 0.0003      |
|    loss                 | -0.0022     |
|    n_updates            | 2665        |
|    policy_gradient_loss | -0.00545    |
|    value_loss           | 0.049       |
-----------------------------------------
-----------------------------------------
| rollout/                |             |
|    ep_len_mean          | 406         |
|    ep_rew_mean          | 220         |
| time/                   |             |
|    fps                  | 261         |
|    iterations           | 168         |
|    time_elapsed         | 5268        |
|    total_timesteps      | 4382720     |
| train/                  |             |
|    approx_kl            | 0.008757909 |
|    clip_fraction        | 0.091       |
|    clip_range           | 0.2         |
|    entropy_loss         | -1.03       |
|    explained_variance   | 0.956       |
|    learning_rate        | 0.0003      |
|    loss                 | -0.00619    |
|    n_updates            | 2670        |
|    policy_gradient_loss | -0.00798    |
|    value_loss           | 0.0581      |
-----------------------------------------
-----------------------------------------
| rollout/                |             |
|    ep_len_mean          | 415         |
|    ep_rew_mean          | 222         |
| time/                   |             |
|    fps                  | 261         |
|    iterations           | 169         |
|    time_elapsed         | 5298        |
|    total_timesteps      | 4390912     |
| train/                  |             |
|    approx_kl            | 0.007523797 |
|    clip_fraction        | 0.0863      |
|    clip_range           | 0.2         |
|    entropy_loss         | -1.01       |
|    explained_variance   | 0.958       |
|    learning_rate        | 0.0003      |
|    loss                 | -0.0106     |
|    n_updates            | 2675        |
|    policy_gradient_loss | -0.00547    |
|    value_loss           | 0.0503      |
-----------------------------------------
-----------------------------------------
| rollout/                |             |
|    ep_len_mean          | 412         |
|    ep_rew_mean          | 222         |
| time/                   |             |
|    fps                  | 261         |
|    iterations           | 170         |
|    time_elapsed         | 5328        |
|    total_timesteps      | 4399104     |
| train/                  |             |
|    approx_kl            | 0.009267044 |
|    clip_fraction        | 0.0789      |
|    clip_range           | 0.2         |
|    entropy_loss         | -1.05       |
|    explained_variance   | 0.96        |
|    learning_rate        | 0.0003      |
|    loss                 | 0.0245      |
|    n_updates            | 2680        |
|    policy_gradient_loss | -0.00452    |
|    value_loss           | 0.0584      |
-----------------------------------------
------------------------------------------
| rollout/                |              |
|    ep_len_mean          | 413          |
|    ep_rew_mean          | 224          |
| time/                   |              |
|    fps                  | 261          |
|    iterations           | 171          |
|    time_elapsed         | 5359         |
|    total_timesteps      | 4407296      |
| train/                  |              |
|    approx_kl            | 0.0075163934 |
|    clip_fraction        | 0.0751       |
|    clip_range           | 0.2          |
|    entropy_loss         | -1.01        |
|    explained_variance   | 0.951        |
|    learning_rate        | 0.0003       |
|    loss                 | 0.00255      |
|    n_updates            | 2685         |
|    policy_gradient_loss | -0.00495     |
|    value_loss           | 0.0641       |
------------------------------------------
-----------------------------------------
| rollout/                |             |
|    ep_len_mean          | 411         |
|    ep_rew_mean          | 223         |
| time/                   |             |
|    fps                  | 261         |
|    iterations           | 172         |
|    time_elapsed         | 5389        |
|    total_timesteps      | 4415488     |
| train/                  |             |
|    approx_kl            | 0.008551652 |
|    clip_fraction        | 0.082       |
|    clip_range           | 0.2         |
|    entropy_loss         | -1          |
|    explained_variance   | 0.956       |
|    learning_rate        | 0.0003      |
|    loss                 | -0.00256    |
|    n_updates            | 2690        |
|    policy_gradient_loss | -0.0062     |
|    value_loss           | 0.0505      |
-----------------------------------------
-----------------------------------------
| rollout/                |             |
|    ep_len_mean          | 428         |
|    ep_rew_mean          | 220         |
| time/                   |             |
|    fps                  | 261         |
|    iterations           | 173         |
|    time_elapsed         | 5417        |
|    total_timesteps      | 4423680     |
| train/                  |             |
|    approx_kl            | 0.011912253 |
|    clip_fraction        | 0.0636      |
|    clip_range           | 0.2         |
|    entropy_loss         | -0.962      |
|    explained_variance   | 0.957       |
|    learning_rate        | 0.0003      |
|    loss                 | 0.0182      |
|    n_updates            | 2695        |
|    policy_gradient_loss | -0.00609    |
|    value_loss           | 0.0504      |
-----------------------------------------
------------------------------------------
| rollout/                |              |
|    ep_len_mean          | 424          |
|    ep_rew_mean          | 217          |
| time/                   |              |
|    fps                  | 261          |
|    iterations           | 174          |
|    time_elapsed         | 5447         |
|    total_timesteps      | 4431872      |
| train/                  |              |
|    approx_kl            | 0.0085136965 |
|    clip_fraction        | 0.0936       |
|    clip_range           | 0.2          |
|    entropy_loss         | -0.979       |
|    explained_variance   | 0.971        |
|    learning_rate        | 0.0003       |
|    loss                 | 0.00286      |
|    n_updates            | 2700         |
|    policy_gradient_loss | -0.00557     |
|    value_loss           | 0.0405       |
------------------------------------------
-----------------------------------------
| rollout/                |             |
|    ep_len_mean          | 426         |
|    ep_rew_mean          | 217         |
| time/                   |             |
|    fps                  | 261         |
|    iterations           | 175         |
|    time_elapsed         | 5478        |
|    total_timesteps      | 4440064     |
| train/                  |             |
|    approx_kl            | 0.008371813 |
|    clip_fraction        | 0.0846      |
|    clip_range           | 0.2         |
|    entropy_loss         | -1.06       |
|    explained_variance   | 0.946       |
|    learning_rate        | 0.0003      |
|    loss                 | 0.00807     |
|    n_updates            | 2705        |
|    policy_gradient_loss | -0.00551    |
|    value_loss           | 0.0665      |
-----------------------------------------
-----------------------------------------
| rollout/                |             |
|    ep_len_mean          | 423         |
|    ep_rew_mean          | 212         |
| time/                   |             |
|    fps                  | 261         |
|    iterations           | 176         |
|    time_elapsed         | 5508        |
|    total_timesteps      | 4448256     |
| train/                  |             |
|    approx_kl            | 0.006158903 |
|    clip_fraction        | 0.0644      |
|    clip_range           | 0.2         |
|    entropy_loss         | -1.02       |
|    explained_variance   | 0.958       |
|    learning_rate        | 0.0003      |
|    loss                 | -0.00291    |
|    n_updates            | 2710        |
|    policy_gradient_loss | -0.00551    |
|    value_loss           | 0.0512      |
-----------------------------------------
-----------------------------------------
| rollout/                |             |
|    ep_len_mean          | 430         |
|    ep_rew_mean          | 211         |
| time/                   |             |
|    fps                  | 261         |
|    iterations           | 177         |
|    time_elapsed         | 5538        |
|    total_timesteps      | 4456448     |
| train/                  |             |
|    approx_kl            | 0.009488869 |
|    clip_fraction        | 0.0846      |
|    clip_range           | 0.2         |
|    entropy_loss         | -1.04       |
|    explained_variance   | 0.955       |
|    learning_rate        | 0.0003      |
|    loss                 | 0.0134      |
|    n_updates            | 2715        |
|    policy_gradient_loss | -0.00482    |
|    value_loss           | 0.0561      |
-----------------------------------------
-----------------------------------------
| rollout/                |             |
|    ep_len_mean          | 407         |
|    ep_rew_mean          | 209         |
| time/                   |             |
|    fps                  | 261         |
|    iterations           | 178         |
|    time_elapsed         | 5568        |
|    total_timesteps      | 4464640     |
| train/                  |             |
|    approx_kl            | 0.007860502 |
|    clip_fraction        | 0.084       |
|    clip_range           | 0.2         |
|    entropy_loss         | -1.05       |
|    explained_variance   | 0.958       |
|    learning_rate        | 0.0003      |
|    loss                 | 0.00376     |
|    n_updates            | 2720        |
|    policy_gradient_loss | -0.00644    |
|    value_loss           | 0.0571      |
-----------------------------------------
-----------------------------------------
| rollout/                |             |
|    ep_len_mean          | 407         |
|    ep_rew_mean          | 209         |
| time/                   |             |
|    fps                  | 261         |
|    iterations           | 179         |
|    time_elapsed         | 5599        |
|    total_timesteps      | 4472832     |
| train/                  |             |
|    approx_kl            | 0.006842608 |
|    clip_fraction        | 0.0791      |
|    clip_range           | 0.2         |
|    entropy_loss         | -1.02       |
|    explained_variance   | 0.96        |
|    learning_rate        | 0.0003      |
|    loss                 | -0.00243    |
|    n_updates            | 2725        |
|    policy_gradient_loss | -0.00522    |
|    value_loss           | 0.0569      |
-----------------------------------------
-----------------------------------------
| rollout/                |             |
|    ep_len_mean          | 397         |
|    ep_rew_mean          | 204         |
| time/                   |             |
|    fps                  | 261         |
|    iterations           | 180         |
|    time_elapsed         | 5629        |
|    total_timesteps      | 4481024     |
| train/                  |             |
|    approx_kl            | 0.007432907 |
|    clip_fraction        | 0.0687      |
|    clip_range           | 0.2         |
|    entropy_loss         | -1.02       |
|    explained_variance   | 0.971       |
|    learning_rate        | 0.0003      |
|    loss                 | -0.0021     |
|    n_updates            | 2730        |
|    policy_gradient_loss | -0.00553    |
|    value_loss           | 0.036       |
-----------------------------------------
------------------------------------------
| rollout/                |              |
|    ep_len_mean          | 407          |
|    ep_rew_mean          | 210          |
| time/                   |              |
|    fps                  | 261          |
|    iterations           | 181          |
|    time_elapsed         | 5659         |
|    total_timesteps      | 4489216      |
| train/                  |              |
|    approx_kl            | 0.0062623294 |
|    clip_fraction        | 0.0632       |
|    clip_range           | 0.2          |
|    entropy_loss         | -0.999       |
|    explained_variance   | 0.969        |
|    learning_rate        | 0.0003       |
|    loss                 | 0.0138       |
|    n_updates            | 2735         |
|    policy_gradient_loss | -0.00498     |
|    value_loss           | 0.0484       |
------------------------------------------
------------------------------------------
| rollout/                |              |
|    ep_len_mean          | 396          |
|    ep_rew_mean          | 210          |
| time/                   |              |
|    fps                  | 262          |
|    iterations           | 182          |
|    time_elapsed         | 5690         |
|    total_timesteps      | 4497408      |
| train/                  |              |
|    approx_kl            | 0.0079204505 |
|    clip_fraction        | 0.0857       |
|    clip_range           | 0.2          |
|    entropy_loss         | -1.03        |
|    explained_variance   | 0.955        |
|    learning_rate        | 0.0003       |
|    loss                 | 0.00481      |
|    n_updates            | 2740         |
|    policy_gradient_loss | -0.0047      |
|    value_loss           | 0.0527       |
------------------------------------------
[Checkpoint] Saved at 4500000 steps > C:\Users\Admin\Desktop\disciple\realnewdisciples-main\Big_map\campaign_checkpoints\super-last-stand-capital-6m-20260913-132436\campaign_ppo_step_4500000.zip
------------------------------------------
| rollout/                |              |
|    ep_len_mean          | 406          |
|    ep_rew_mean          | 214          |
| time/                   |              |
|    fps                  | 262          |
|    iterations           | 183          |
|    time_elapsed         | 5720         |
|    total_timesteps      | 4505600      |
| train/                  |              |
|    approx_kl            | 0.0074677975 |
|    clip_fraction        | 0.0893       |
|    clip_range           | 0.2          |
|    entropy_loss         | -0.929       |
|    explained_variance   | 0.971        |
|    learning_rate        | 0.0003       |
|    loss                 | -0.0107      |
|    n_updates            | 2745         |
|    policy_gradient_loss | -0.00691     |
|    value_loss           | 0.0348       |
------------------------------------------
Eval num_timesteps=4506464, det_reward=140.39 +/- 30.97
Episode length: det=217.40 +/- 102.01
Victory rate: det=0.00%
-------------------------------------------------
| eval/                           |             |
|    deterministic_mean_ep_length | 217         |
|    deterministic_mean_reward    | 140         |
|    deterministic_victory_rate   | 0           |
|    mean_ep_length               | 217         |
|    mean_reward                  | 140         |
|    victory_rate                 | 0           |
| time/                           |             |
|    total_timesteps              | 4506464     |
| train/                          |             |
|    approx_kl                    | 0.006565813 |
|    clip_fraction                | 0.0677      |
|    clip_range                   | 0.2         |
|    entropy_loss                 | -1.03       |
|    explained_variance           | 0.96        |
|    learning_rate                | 0.0003      |
|    loss                         | 0.00126     |
|    n_updates                    | 2750        |
|    policy_gradient_loss         | -0.00472    |
|    value_loss                   | 0.0424      |
-------------------------------------------------
---------------------------------
| rollout/           |          |
|    ep_len_mean     | 408      |
|    ep_rew_mean     | 216      |
| time/              |          |
|    fps             | 261      |
|    iterations      | 184      |
|    time_elapsed    | 5766     |
|    total_timesteps | 4513792  |
---------------------------------
------------------------------------------
| rollout/                |              |
|    ep_len_mean          | 419          |
|    ep_rew_mean          | 221          |
| time/                   |              |
|    fps                  | 261          |
|    iterations           | 185          |
|    time_elapsed         | 5797         |
|    total_timesteps      | 4521984      |
| train/                  |              |
|    approx_kl            | 0.0074906712 |
|    clip_fraction        | 0.0769       |
|    clip_range           | 0.2          |
|    entropy_loss         | -1.02        |
|    explained_variance   | 0.969        |
|    learning_rate        | 0.0003       |
|    loss                 | -0.0138      |
|    n_updates            | 2755         |
|    policy_gradient_loss | -0.00502     |
|    value_loss           | 0.0358       |
------------------------------------------
-----------------------------------------
| rollout/                |             |
|    ep_len_mean          | 425         |
|    ep_rew_mean          | 225         |
| time/                   |             |
|    fps                  | 261         |
|    iterations           | 186         |
|    time_elapsed         | 5828        |
|    total_timesteps      | 4530176     |
| train/                  |             |
|    approx_kl            | 0.009572871 |
|    clip_fraction        | 0.0798      |
|    clip_range           | 0.2         |
|    entropy_loss         | -1.02       |
|    explained_variance   | 0.972       |
|    learning_rate        | 0.0003      |
|    loss                 | 0.0121      |
|    n_updates            | 2760        |
|    policy_gradient_loss | -0.00567    |
|    value_loss           | 0.0407      |
-----------------------------------------
-----------------------------------------
| rollout/                |             |
|    ep_len_mean          | 425         |
|    ep_rew_mean          | 225         |
| time/                   |             |
|    fps                  | 261         |
|    iterations           | 187         |
|    time_elapsed         | 5858        |
|    total_timesteps      | 4538368     |
| train/                  |             |
|    approx_kl            | 0.008124774 |
|    clip_fraction        | 0.072       |
|    clip_range           | 0.2         |
|    entropy_loss         | -0.987      |
|    explained_variance   | 0.965       |
|    learning_rate        | 0.0003      |
|    loss                 | -0.00312    |
|    n_updates            | 2765        |
|    policy_gradient_loss | -0.00542    |
|    value_loss           | 0.046       |
-----------------------------------------
------------------------------------------
| rollout/                |              |
|    ep_len_mean          | 434          |
|    ep_rew_mean          | 227          |
| time/                   |              |
|    fps                  | 261          |
|    iterations           | 188          |
|    time_elapsed         | 5889         |
|    total_timesteps      | 4546560      |
| train/                  |              |
|    approx_kl            | 0.0074525215 |
|    clip_fraction        | 0.0796       |
|    clip_range           | 0.2          |
|    entropy_loss         | -0.986       |
|    explained_variance   | 0.945        |
|    learning_rate        | 0.0003       |
|    loss                 | 0.00852      |
|    n_updates            | 2770         |
|    policy_gradient_loss | -0.00518     |
|    value_loss           | 0.0612       |
------------------------------------------
-----------------------------------------
| rollout/                |             |
|    ep_len_mean          | 430         |
|    ep_rew_mean          | 226         |
| time/                   |             |
|    fps                  | 261         |
|    iterations           | 189         |
|    time_elapsed         | 5919        |
|    total_timesteps      | 4554752     |
| train/                  |             |
|    approx_kl            | 0.009699494 |
|    clip_fraction        | 0.0886      |
|    clip_range           | 0.2         |
|    entropy_loss         | -1.06       |
|    explained_variance   | 0.951       |
|    learning_rate        | 0.0003      |
|    loss                 | 0.00676     |
|    n_updates            | 2775        |
|    policy_gradient_loss | -0.00625    |
|    value_loss           | 0.0647      |
-----------------------------------------
-----------------------------------------
| rollout/                |             |
|    ep_len_mean          | 425         |
|    ep_rew_mean          | 226         |
| time/                   |             |
|    fps                  | 261         |
|    iterations           | 190         |
|    time_elapsed         | 5949        |
|    total_timesteps      | 4562944     |
| train/                  |             |
|    approx_kl            | 0.008218914 |
|    clip_fraction        | 0.0733      |
|    clip_range           | 0.2         |
|    entropy_loss         | -1.01       |
|    explained_variance   | 0.951       |
|    learning_rate        | 0.0003      |
|    loss                 | 0.0084      |
|    n_updates            | 2780        |
|    policy_gradient_loss | -0.00444    |
|    value_loss           | 0.0649      |
-----------------------------------------
------------------------------------------
| rollout/                |              |
|    ep_len_mean          | 417          |
|    ep_rew_mean          | 222          |
| time/                   |              |
|    fps                  | 261          |
|    iterations           | 191          |
|    time_elapsed         | 5980         |
|    total_timesteps      | 4571136      |
| train/                  |              |
|    approx_kl            | 0.0065398286 |
|    clip_fraction        | 0.0685       |
|    clip_range           | 0.2          |
|    entropy_loss         | -0.987       |
|    explained_variance   | 0.942        |
|    learning_rate        | 0.0003       |
|    loss                 | 0.00518      |
|    n_updates            | 2785         |
|    policy_gradient_loss | -0.00456     |
|    value_loss           | 0.0682       |
------------------------------------------
-----------------------------------------
| rollout/                |             |
|    ep_len_mean          | 404         |
|    ep_rew_mean          | 217         |
| time/                   |             |
|    fps                  | 261         |
|    iterations           | 192         |
|    time_elapsed         | 6010        |
|    total_timesteps      | 4579328     |
| train/                  |             |
|    approx_kl            | 0.007974118 |
|    clip_fraction        | 0.0757      |
|    clip_range           | 0.2         |
|    entropy_loss         | -1.01       |
|    explained_variance   | 0.959       |
|    learning_rate        | 0.0003      |
|    loss                 | 0.00846     |
|    n_updates            | 2790        |
|    policy_gradient_loss | -0.00622    |
|    value_loss           | 0.0537      |
-----------------------------------------
-----------------------------------------
| rollout/                |             |
|    ep_len_mean          | 390         |
|    ep_rew_mean          | 215         |
| time/                   |             |
|    fps                  | 261         |
|    iterations           | 193         |
|    time_elapsed         | 6041        |
|    total_timesteps      | 4587520     |
| train/                  |             |
|    approx_kl            | 0.009583836 |
|    clip_fraction        | 0.101       |
|    clip_range           | 0.2         |
|    entropy_loss         | -0.993      |
|    explained_variance   | 0.953       |
|    learning_rate        | 0.0003      |
|    loss                 | 0.0146      |
|    n_updates            | 2795        |
|    policy_gradient_loss | -0.00535    |
|    value_loss           | 0.0687      |
-----------------------------------------
-----------------------------------------
| rollout/                |             |
|    ep_len_mean          | 384         |
|    ep_rew_mean          | 214         |
| time/                   |             |
|    fps                  | 261         |
|    iterations           | 194         |
|    time_elapsed         | 6071        |
|    total_timesteps      | 4595712     |
| train/                  |             |
|    approx_kl            | 0.009678094 |
|    clip_fraction        | 0.102       |
|    clip_range           | 0.2         |
|    entropy_loss         | -0.995      |
|    explained_variance   | 0.947       |
|    learning_rate        | 0.0003      |
|    loss                 | 0.00994     |
|    n_updates            | 2800        |
|    policy_gradient_loss | -0.00552    |
|    value_loss           | 0.0712      |
-----------------------------------------
----------------------------------------
| rollout/                |            |
|    ep_len_mean          | 384        |
|    ep_rew_mean          | 213        |
| time/                   |            |
|    fps                  | 261        |
|    iterations           | 195        |
|    time_elapsed         | 6102       |
|    total_timesteps      | 4603904    |
| train/                  |            |
|    approx_kl            | 0.00983542 |
|    clip_fraction        | 0.096      |
|    clip_range           | 0.2        |
|    entropy_loss         | -0.989     |
|    explained_variance   | 0.955      |
|    learning_rate        | 0.0003     |
|    loss                 | 0.000956   |
|    n_updates            | 2805       |
|    policy_gradient_loss | -0.00542   |
|    value_loss           | 0.0587     |
----------------------------------------
-----------------------------------------
| rollout/                |             |
|    ep_len_mean          | 394         |
|    ep_rew_mean          | 218         |
| time/                   |             |
|    fps                  | 261         |
|    iterations           | 196         |
|    time_elapsed         | 6133        |
|    total_timesteps      | 4612096     |
| train/                  |             |
|    approx_kl            | 0.007232873 |
|    clip_fraction        | 0.0725      |
|    clip_range           | 0.2         |
|    entropy_loss         | -1.03       |
|    explained_variance   | 0.955       |
|    learning_rate        | 0.0003      |
|    loss                 | 0.0205      |
|    n_updates            | 2810        |
|    policy_gradient_loss | -0.00324    |
|    value_loss           | 0.0628      |
-----------------------------------------
-----------------------------------------
| rollout/                |             |
|    ep_len_mean          | 407         |
|    ep_rew_mean          | 223         |
| time/                   |             |
|    fps                  | 261         |
|    iterations           | 197         |
|    time_elapsed         | 6163        |
|    total_timesteps      | 4620288     |
| train/                  |             |
|    approx_kl            | 0.009126386 |
|    clip_fraction        | 0.0883      |
|    clip_range           | 0.2         |
|    entropy_loss         | -1.06       |
|    explained_variance   | 0.963       |
|    learning_rate        | 0.0003      |
|    loss                 | 0.0149      |
|    n_updates            | 2815        |
|    policy_gradient_loss | -0.00432    |
|    value_loss           | 0.0511      |
-----------------------------------------
-----------------------------------------
| rollout/                |             |
|    ep_len_mean          | 416         |
|    ep_rew_mean          | 226         |
| time/                   |             |
|    fps                  | 261         |
|    iterations           | 198         |
|    time_elapsed         | 6194        |
|    total_timesteps      | 4628480     |
| train/                  |             |
|    approx_kl            | 0.008224953 |
|    clip_fraction        | 0.083       |
|    clip_range           | 0.2         |
|    entropy_loss         | -1.04       |
|    explained_variance   | 0.963       |
|    learning_rate        | 0.0003      |
|    loss                 | 0.00493     |
|    n_updates            | 2820        |
|    policy_gradient_loss | -0.00455    |
|    value_loss           | 0.0414      |
-----------------------------------------
-----------------------------------------
| rollout/                |             |
|    ep_len_mean          | 426         |
|    ep_rew_mean          | 229         |
| time/                   |             |
|    fps                  | 261         |
|    iterations           | 199         |
|    time_elapsed         | 6225        |
|    total_timesteps      | 4636672     |
| train/                  |             |
|    approx_kl            | 0.009349287 |
|    clip_fraction        | 0.0897      |
|    clip_range           | 0.2         |
|    entropy_loss         | -1.04       |
|    explained_variance   | 0.958       |
|    learning_rate        | 0.0003      |
|    loss                 | -0.00932    |
|    n_updates            | 2825        |
|    policy_gradient_loss | -0.00598    |
|    value_loss           | 0.0469      |
-----------------------------------------
-----------------------------------------
| rollout/                |             |
|    ep_len_mean          | 445         |
|    ep_rew_mean          | 235         |
| time/                   |             |
|    fps                  | 261         |
|    iterations           | 200         |
|    time_elapsed         | 6255        |
|    total_timesteps      | 4644864     |
| train/                  |             |
|    approx_kl            | 0.010192247 |
|    clip_fraction        | 0.0889      |
|    clip_range           | 0.2         |
|    entropy_loss         | -1.05       |
|    explained_variance   | 0.964       |
|    learning_rate        | 0.0003      |
|    loss                 | 0.00743     |
|    n_updates            | 2830        |
|    policy_gradient_loss | -0.00599    |
|    value_loss           | 0.046       |
-----------------------------------------
-----------------------------------------
| rollout/                |             |
|    ep_len_mean          | 445         |
|    ep_rew_mean          | 233         |
| time/                   |             |
|    fps                  | 261         |
|    iterations           | 201         |
|    time_elapsed         | 6286        |
|    total_timesteps      | 4653056     |
| train/                  |             |
|    approx_kl            | 0.008503372 |
|    clip_fraction        | 0.0868      |
|    clip_range           | 0.2         |
|    entropy_loss         | -1.03       |
|    explained_variance   | 0.968       |
|    learning_rate        | 0.0003      |
|    loss                 | -0.00564    |
|    n_updates            | 2835        |
|    policy_gradient_loss | -0.00566    |
|    value_loss           | 0.0392      |
-----------------------------------------
------------------------------------------
| rollout/                |              |
|    ep_len_mean          | 436          |
|    ep_rew_mean          | 228          |
| time/                   |              |
|    fps                  | 261          |
|    iterations           | 202          |
|    time_elapsed         | 6316         |
|    total_timesteps      | 4661248      |
| train/                  |              |
|    approx_kl            | 0.0069257654 |
|    clip_fraction        | 0.0799       |
|    clip_range           | 0.2          |
|    entropy_loss         | -1.04        |
|    explained_variance   | 0.965        |
|    learning_rate        | 0.0003       |
|    loss                 | 0.00264      |
|    n_updates            | 2840         |
|    policy_gradient_loss | -0.00332     |
|    value_loss           | 0.0484       |
------------------------------------------
-----------------------------------------
| rollout/                |             |
|    ep_len_mean          | 426         |
|    ep_rew_mean          | 222         |
| time/                   |             |
|    fps                  | 261         |
|    iterations           | 203         |
|    time_elapsed         | 6347        |
|    total_timesteps      | 4669440     |
| train/                  |             |
|    approx_kl            | 0.009291317 |
|    clip_fraction        | 0.0874      |
|    clip_range           | 0.2         |
|    entropy_loss         | -1.03       |
|    explained_variance   | 0.955       |
|    learning_rate        | 0.0003      |
|    loss                 | 0.0125      |
|    n_updates            | 2845        |
|    policy_gradient_loss | -0.00538    |
|    value_loss           | 0.062       |
-----------------------------------------
-----------------------------------------
| rollout/                |             |
|    ep_len_mean          | 414         |
|    ep_rew_mean          | 219         |
| time/                   |             |
|    fps                  | 261         |
|    iterations           | 204         |
|    time_elapsed         | 6380        |
|    total_timesteps      | 4677632     |
| train/                  |             |
|    approx_kl            | 0.008257914 |
|    clip_fraction        | 0.0893      |
|    clip_range           | 0.2         |
|    entropy_loss         | -1.03       |
|    explained_variance   | 0.959       |
|    learning_rate        | 0.0003      |
|    loss                 | 0.00223     |
|    n_updates            | 2850        |
|    policy_gradient_loss | -0.00678    |
|    value_loss           | 0.058       |
-----------------------------------------
-----------------------------------------
| rollout/                |             |
|    ep_len_mean          | 409         |
|    ep_rew_mean          | 220         |
| time/                   |             |
|    fps                  | 261         |
|    iterations           | 205         |
|    time_elapsed         | 6410        |
|    total_timesteps      | 4685824     |
| train/                  |             |
|    approx_kl            | 0.009693693 |
|    clip_fraction        | 0.0932      |
|    clip_range           | 0.2         |
|    entropy_loss         | -0.991      |
|    explained_variance   | 0.96        |
|    learning_rate        | 0.0003      |
|    loss                 | -0.00305    |
|    n_updates            | 2855        |
|    policy_gradient_loss | -0.00509    |
|    value_loss           | 0.0502      |
-----------------------------------------
-----------------------------------------
| rollout/                |             |
|    ep_len_mean          | 406         |
|    ep_rew_mean          | 220         |
| time/                   |             |
|    fps                  | 262         |
|    iterations           | 206         |
|    time_elapsed         | 6440        |
|    total_timesteps      | 4694016     |
| train/                  |             |
|    approx_kl            | 0.008734025 |
|    clip_fraction        | 0.094       |
|    clip_range           | 0.2         |
|    entropy_loss         | -0.978      |
|    explained_variance   | 0.971       |
|    learning_rate        | 0.0003      |
|    loss                 | -0.000506   |
|    n_updates            | 2860        |
|    policy_gradient_loss | -0.00449    |
|    value_loss           | 0.0428      |
-----------------------------------------
-----------------------------------------
| rollout/                |             |
|    ep_len_mean          | 409         |
|    ep_rew_mean          | 223         |
| time/                   |             |
|    fps                  | 261         |
|    iterations           | 207         |
|    time_elapsed         | 6472        |
|    total_timesteps      | 4702208     |
| train/                  |             |
|    approx_kl            | 0.008180692 |
|    clip_fraction        | 0.0888      |
|    clip_range           | 0.2         |
|    entropy_loss         | -1.01       |
|    explained_variance   | 0.969       |
|    learning_rate        | 0.0003      |
|    loss                 | 0.00804     |
|    n_updates            | 2865        |
|    policy_gradient_loss | -0.00609    |
|    value_loss           | 0.0386      |
-----------------------------------------
-----------------------------------------
| rollout/                |             |
|    ep_len_mean          | 406         |
|    ep_rew_mean          | 224         |
| time/                   |             |
|    fps                  | 262         |
|    iterations           | 208         |
|    time_elapsed         | 6503        |
|    total_timesteps      | 4710400     |
| train/                  |             |
|    approx_kl            | 0.009261224 |
|    clip_fraction        | 0.0999      |
|    clip_range           | 0.2         |
|    entropy_loss         | -0.985      |
|    explained_variance   | 0.961       |
|    learning_rate        | 0.0003      |
|    loss                 | 0.0027      |
|    n_updates            | 2870        |
|    policy_gradient_loss | -0.00606    |
|    value_loss           | 0.0514      |
-----------------------------------------
----------------------------------------
| rollout/                |            |
|    ep_len_mean          | 410        |
|    ep_rew_mean          | 226        |
| time/                   |            |
|    fps                  | 262        |
|    iterations           | 209        |
|    time_elapsed         | 6534       |
|    total_timesteps      | 4718592    |
| train/                  |            |
|    approx_kl            | 0.00848281 |
|    clip_fraction        | 0.0663     |
|    clip_range           | 0.2        |
|    entropy_loss         | -1.01      |
|    explained_variance   | 0.966      |
|    learning_rate        | 0.0003     |
|    loss                 | 0.00324    |
|    n_updates            | 2875       |
|    policy_gradient_loss | -0.00394   |
|    value_loss           | 0.0569     |
----------------------------------------
-----------------------------------------
| rollout/                |             |
|    ep_len_mean          | 413         |
|    ep_rew_mean          | 226         |
| time/                   |             |
|    fps                  | 262         |
|    iterations           | 210         |
|    time_elapsed         | 6564        |
|    total_timesteps      | 4726784     |
| train/                  |             |
|    approx_kl            | 0.008046757 |
|    clip_fraction        | 0.0768      |
|    clip_range           | 0.2         |
|    entropy_loss         | -0.978      |
|    explained_variance   | 0.956       |
|    learning_rate        | 0.0003      |
|    loss                 | -0.000827   |
|    n_updates            | 2880        |
|    policy_gradient_loss | -0.00496    |
|    value_loss           | 0.0537      |
-----------------------------------------
-----------------------------------------
| rollout/                |             |
|    ep_len_mean          | 418         |
|    ep_rew_mean          | 223         |
| time/                   |             |
|    fps                  | 262         |
|    iterations           | 211         |
|    time_elapsed         | 6593        |
|    total_timesteps      | 4734976     |
| train/                  |             |
|    approx_kl            | 0.007995202 |
|    clip_fraction        | 0.0857      |
|    clip_range           | 0.2         |
|    entropy_loss         | -1.01       |
|    explained_variance   | 0.963       |
|    learning_rate        | 0.0003      |
|    loss                 | 0.00212     |
|    n_updates            | 2885        |
|    policy_gradient_loss | -0.00525    |
|    value_loss           | 0.0426      |
-----------------------------------------
-----------------------------------------
| rollout/                |             |
|    ep_len_mean          | 417         |
|    ep_rew_mean          | 221         |
| time/                   |             |
|    fps                  | 262         |
|    iterations           | 212         |
|    time_elapsed         | 6623        |
|    total_timesteps      | 4743168     |
| train/                  |             |
|    approx_kl            | 0.017459286 |
|    clip_fraction        | 0.1         |
|    clip_range           | 0.2         |
|    entropy_loss         | -0.931      |
|    explained_variance   | 0.969       |
|    learning_rate        | 0.0003      |
|    loss                 | -0.0141     |
|    n_updates            | 2890        |
|    policy_gradient_loss | -0.00495    |
|    value_loss           | 0.0415      |
-----------------------------------------
-----------------------------------------
| rollout/                |             |
|    ep_len_mean          | 419         |
|    ep_rew_mean          | 220         |
| time/                   |             |
|    fps                  | 262         |
|    iterations           | 213         |
|    time_elapsed         | 6653        |
|    total_timesteps      | 4751360     |
| train/                  |             |
|    approx_kl            | 0.007492562 |
|    clip_fraction        | 0.0837      |
|    clip_range           | 0.2         |
|    entropy_loss         | -1.01       |
|    explained_variance   | 0.96        |
|    learning_rate        | 0.0003      |
|    loss                 | 0.00763     |
|    n_updates            | 2895        |
|    policy_gradient_loss | -0.00558    |
|    value_loss           | 0.0511      |
-----------------------------------------
------------------------------------------
| rollout/                |              |
|    ep_len_mean          | 417          |
|    ep_rew_mean          | 217          |
| time/                   |              |
|    fps                  | 262          |
|    iterations           | 214          |
|    time_elapsed         | 6684         |
|    total_timesteps      | 4759552      |
| train/                  |              |
|    approx_kl            | 0.0071083764 |
|    clip_fraction        | 0.0759       |
|    clip_range           | 0.2          |
|    entropy_loss         | -1           |
|    explained_variance   | 0.968        |
|    learning_rate        | 0.0003       |
|    loss                 | -0.00333     |
|    n_updates            | 2900         |
|    policy_gradient_loss | -0.00379     |
|    value_loss           | 0.0452       |
------------------------------------------
-----------------------------------------
| rollout/                |             |
|    ep_len_mean          | 410         |
|    ep_rew_mean          | 214         |
| time/                   |             |
|    fps                  | 262         |
|    iterations           | 215         |
|    time_elapsed         | 6711        |
|    total_timesteps      | 4767744     |
| train/                  |             |
|    approx_kl            | 0.006544291 |
|    clip_fraction        | 0.0847      |
|    clip_range           | 0.2         |
|    entropy_loss         | -0.981      |
|    explained_variance   | 0.96        |
|    learning_rate        | 0.0003      |
|    loss                 | -0.00284    |
|    n_updates            | 2905        |
|    policy_gradient_loss | -0.00505    |
|    value_loss           | 0.048       |
-----------------------------------------
-----------------------------------------
| rollout/                |             |
|    ep_len_mean          | 440         |
|    ep_rew_mean          | 214         |
| time/                   |             |
|    fps                  | 262         |
|    iterations           | 216         |
|    time_elapsed         | 6739        |
|    total_timesteps      | 4775936     |
| train/                  |             |
|    approx_kl            | 0.007074902 |
|    clip_fraction        | 0.0871      |
|    clip_range           | 0.2         |
|    entropy_loss         | -0.887      |
|    explained_variance   | 0.979       |
|    learning_rate        | 0.0003      |
|    loss                 | 0.00457     |
|    n_updates            | 2910        |
|    policy_gradient_loss | -0.00436    |
|    value_loss           | 0.0368      |
-----------------------------------------
-----------------------------------------
| rollout/                |             |
|    ep_len_mean          | 445         |
|    ep_rew_mean          | 217         |
| time/                   |             |
|    fps                  | 262         |
|    iterations           | 217         |
|    time_elapsed         | 6769        |
|    total_timesteps      | 4784128     |
| train/                  |             |
|    approx_kl            | 0.016732931 |
|    clip_fraction        | 0.117       |
|    clip_range           | 0.2         |
|    entropy_loss         | -0.904      |
|    explained_variance   | 0.982       |
|    learning_rate        | 0.0003      |
|    loss                 | -0.00816    |
|    n_updates            | 2915        |
|    policy_gradient_loss | -0.00655    |
|    value_loss           | 0.0384      |
-----------------------------------------
------------------------------------------
| rollout/                |              |
|    ep_len_mean          | 452          |
|    ep_rew_mean          | 218          |
| time/                   |              |
|    fps                  | 262          |
|    iterations           | 218          |
|    time_elapsed         | 6798         |
|    total_timesteps      | 4792320      |
| train/                  |              |
|    approx_kl            | 0.0077135204 |
|    clip_fraction        | 0.076        |
|    clip_range           | 0.2          |
|    entropy_loss         | -0.973       |
|    explained_variance   | 0.971        |
|    learning_rate        | 0.0003       |
|    loss                 | 0.00475      |
|    n_updates            | 2920         |
|    policy_gradient_loss | -0.00539     |
|    value_loss           | 0.0414       |
------------------------------------------
[Checkpoint] Saved at 4800000 steps > C:\Users\Admin\Desktop\disciple\realnewdisciples-main\Big_map\campaign_checkpoints\super-last-stand-capital-6m-20260913-132436\campaign_ppo_step_4800000.zip
-----------------------------------------
| rollout/                |             |
|    ep_len_mean          | 441         |
|    ep_rew_mean          | 213         |
| time/                   |             |
|    fps                  | 262         |
|    iterations           | 219         |
|    time_elapsed         | 6828        |
|    total_timesteps      | 4800512     |
| train/                  |             |
|    approx_kl            | 0.007692146 |
|    clip_fraction        | 0.0893      |
|    clip_range           | 0.2         |
|    entropy_loss         | -0.908      |
|    explained_variance   | 0.975       |
|    learning_rate        | 0.0003      |
|    loss                 | 0.00232     |
|    n_updates            | 2925        |
|    policy_gradient_loss | -0.00656    |
|    value_loss           | 0.0422      |
-----------------------------------------
Eval num_timesteps=4806464, det_reward=193.00 +/- 19.17
Episode length: det=287.35 +/- 44.13
Victory rate: det=0.00%
-------------------------------------------------
| eval/                           |             |
|    deterministic_mean_ep_length | 287         |
|    deterministic_mean_reward    | 193         |
|    deterministic_victory_rate   | 0           |
|    mean_ep_length               | 287         |
|    mean_reward                  | 193         |
|    victory_rate                 | 0           |
| time/                           |             |
|    total_timesteps              | 4806464     |
| train/                          |             |
|    approx_kl                    | 0.009713474 |
|    clip_fraction                | 0.0835      |
|    clip_range                   | 0.2         |
|    entropy_loss                 | -0.956      |
|    explained_variance           | 0.962       |
|    learning_rate                | 0.0003      |
|    loss                         | -0.00252    |
|    n_updates                    | 2930        |
|    policy_gradient_loss         | -0.00676    |
|    value_loss                   | 0.0553      |
-------------------------------------------------
New best model by deterministic victory rate!
---------------------------------
| rollout/           |          |
|    ep_len_mean     | 444      |
|    ep_rew_mean     | 214      |
| time/              |          |
|    fps             | 261      |
|    iterations      | 220      |
|    time_elapsed    | 6879     |
|    total_timesteps | 4808704  |
---------------------------------
-----------------------------------------
| rollout/                |             |
|    ep_len_mean          | 420         |
|    ep_rew_mean          | 222         |
| time/                   |             |
|    fps                  | 261         |
|    iterations           | 221         |
|    time_elapsed         | 6910        |
|    total_timesteps      | 4816896     |
| train/                  |             |
|    approx_kl            | 0.008104467 |
|    clip_fraction        | 0.083       |
|    clip_range           | 0.2         |
|    entropy_loss         | -1          |
|    explained_variance   | 0.968       |
|    learning_rate        | 0.0003      |
|    loss                 | 0.00475     |
|    n_updates            | 2935        |
|    policy_gradient_loss | -0.00617    |
|    value_loss           | 0.0417      |
-----------------------------------------
------------------------------------------
| rollout/                |              |
|    ep_len_mean          | 424          |
|    ep_rew_mean          | 226          |
| time/                   |              |
|    fps                  | 261          |
|    iterations           | 222          |
|    time_elapsed         | 6941         |
|    total_timesteps      | 4825088      |
| train/                  |              |
|    approx_kl            | 0.0067230863 |
|    clip_fraction        | 0.0749       |
|    clip_range           | 0.2          |
|    entropy_loss         | -1.02        |
|    explained_variance   | 0.969        |
|    learning_rate        | 0.0003       |
|    loss                 | -0.00641     |
|    n_updates            | 2940         |
|    policy_gradient_loss | -0.00585     |
|    value_loss           | 0.0408       |
------------------------------------------
-----------------------------------------
| rollout/                |             |
|    ep_len_mean          | 421         |
|    ep_rew_mean          | 230         |
| time/                   |             |
|    fps                  | 262         |
|    iterations           | 223         |
|    time_elapsed         | 6971        |
|    total_timesteps      | 4833280     |
| train/                  |             |
|    approx_kl            | 0.008686956 |
|    clip_fraction        | 0.0902      |
|    clip_range           | 0.2         |
|    entropy_loss         | -0.988      |
|    explained_variance   | 0.959       |
|    learning_rate        | 0.0003      |
|    loss                 | 0.00856     |
|    n_updates            | 2945        |
|    policy_gradient_loss | -0.00643    |
|    value_loss           | 0.0501      |
-----------------------------------------
-----------------------------------------
| rollout/                |             |
|    ep_len_mean          | 423         |
|    ep_rew_mean          | 230         |
| time/                   |             |
|    fps                  | 262         |
|    iterations           | 224         |
|    time_elapsed         | 7002        |
|    total_timesteps      | 4841472     |
| train/                  |             |
|    approx_kl            | 0.011527106 |
|    clip_fraction        | 0.0912      |
|    clip_range           | 0.2         |
|    entropy_loss         | -0.978      |
|    explained_variance   | 0.956       |
|    learning_rate        | 0.0003      |
|    loss                 | 0.0049      |
|    n_updates            | 2950        |
|    policy_gradient_loss | -0.00512    |
|    value_loss           | 0.0487      |
-----------------------------------------
-----------------------------------------
| rollout/                |             |
|    ep_len_mean          | 430         |
|    ep_rew_mean          | 233         |
| time/                   |             |
|    fps                  | 262         |
|    iterations           | 225         |
|    time_elapsed         | 7032        |
|    total_timesteps      | 4849664     |
| train/                  |             |
|    approx_kl            | 0.008473505 |
|    clip_fraction        | 0.0902      |
|    clip_range           | 0.2         |
|    entropy_loss         | -1.02       |
|    explained_variance   | 0.947       |
|    learning_rate        | 0.0003      |
|    loss                 | 0.00607     |
|    n_updates            | 2955        |
|    policy_gradient_loss | -0.00553    |
|    value_loss           | 0.0643      |
-----------------------------------------
------------------------------------------
| rollout/                |              |
|    ep_len_mean          | 417          |
|    ep_rew_mean          | 230          |
| time/                   |              |
|    fps                  | 262          |
|    iterations           | 226          |
|    time_elapsed         | 7062         |
|    total_timesteps      | 4857856      |
| train/                  |              |
|    approx_kl            | 0.0072800918 |
|    clip_fraction        | 0.082        |
|    clip_range           | 0.2          |
|    entropy_loss         | -1.03        |
|    explained_variance   | 0.955        |
|    learning_rate        | 0.0003       |
|    loss                 | 0.00749      |
|    n_updates            | 2960         |
|    policy_gradient_loss | -0.00626     |
|    value_loss           | 0.0576       |
------------------------------------------
-----------------------------------------
| rollout/                |             |
|    ep_len_mean          | 416         |
|    ep_rew_mean          | 229         |
| time/                   |             |
|    fps                  | 262         |
|    iterations           | 227         |
|    time_elapsed         | 7093        |
|    total_timesteps      | 4866048     |
| train/                  |             |
|    approx_kl            | 0.007847745 |
|    clip_fraction        | 0.0808      |
|    clip_range           | 0.2         |
|    entropy_loss         | -0.968      |
|    explained_variance   | 0.961       |
|    learning_rate        | 0.0003      |
|    loss                 | 0.0063      |
|    n_updates            | 2965        |
|    policy_gradient_loss | -0.00391    |
|    value_loss           | 0.0516      |
-----------------------------------------
-----------------------------------------
| rollout/                |             |
|    ep_len_mean          | 410         |
|    ep_rew_mean          | 224         |
| time/                   |             |
|    fps                  | 262         |
|    iterations           | 228         |
|    time_elapsed         | 7123        |
|    total_timesteps      | 4874240     |
| train/                  |             |
|    approx_kl            | 0.008266093 |
|    clip_fraction        | 0.0771      |
|    clip_range           | 0.2         |
|    entropy_loss         | -0.966      |
|    explained_variance   | 0.961       |
|    learning_rate        | 0.0003      |
|    loss                 | -0.00552    |
|    n_updates            | 2970        |
|    policy_gradient_loss | -0.00557    |
|    value_loss           | 0.0435      |
-----------------------------------------
------------------------------------------
| rollout/                |              |
|    ep_len_mean          | 417          |
|    ep_rew_mean          | 228          |
| time/                   |              |
|    fps                  | 262          |
|    iterations           | 229          |
|    time_elapsed         | 7153         |
|    total_timesteps      | 4882432      |
| train/                  |              |
|    approx_kl            | 0.0077492814 |
|    clip_fraction        | 0.0762       |
|    clip_range           | 0.2          |
|    entropy_loss         | -1.02        |
|    explained_variance   | 0.951        |
|    learning_rate        | 0.0003       |
|    loss                 | -0.00632     |
|    n_updates            | 2975         |
|    policy_gradient_loss | -0.0045      |
|    value_loss           | 0.0545       |
------------------------------------------
-----------------------------------------
| rollout/                |             |
|    ep_len_mean          | 410         |
|    ep_rew_mean          | 227         |
| time/                   |             |
|    fps                  | 262         |
|    iterations           | 230         |
|    time_elapsed         | 7183        |
|    total_timesteps      | 4890624     |
| train/                  |             |
|    approx_kl            | 0.008225255 |
|    clip_fraction        | 0.0797      |
|    clip_range           | 0.2         |
|    entropy_loss         | -0.978      |
|    explained_variance   | 0.958       |
|    learning_rate        | 0.0003      |
|    loss                 | 0.00812     |
|    n_updates            | 2980        |
|    policy_gradient_loss | -0.00616    |
|    value_loss           | 0.0515      |
-----------------------------------------
------------------------------------------
| rollout/                |              |
|    ep_len_mean          | 414          |
|    ep_rew_mean          | 231          |
| time/                   |              |
|    fps                  | 262          |
|    iterations           | 231          |
|    time_elapsed         | 7213         |
|    total_timesteps      | 4898816      |
| train/                  |              |
|    approx_kl            | 0.0073309466 |
|    clip_fraction        | 0.0799       |
|    clip_range           | 0.2          |
|    entropy_loss         | -0.953       |
|    explained_variance   | 0.949        |
|    learning_rate        | 0.0003       |
|    loss                 | 0.0114       |
|    n_updates            | 2985         |
|    policy_gradient_loss | -0.00444     |
|    value_loss           | 0.0607       |
------------------------------------------
-----------------------------------------
| rollout/                |             |
|    ep_len_mean          | 410         |
|    ep_rew_mean          | 224         |
| time/                   |             |
|    fps                  | 262         |
|    iterations           | 232         |
|    time_elapsed         | 7243        |
|    total_timesteps      | 4907008     |
| train/                  |             |
|    approx_kl            | 0.010102968 |
|    clip_fraction        | 0.0828      |
|    clip_range           | 0.2         |
|    entropy_loss         | -0.962      |
|    explained_variance   | 0.956       |
|    learning_rate        | 0.0003      |
|    loss                 | 0.00711     |
|    n_updates            | 2990        |
|    policy_gradient_loss | -0.00492    |
|    value_loss           | 0.06        |
-----------------------------------------
-----------------------------------------
| rollout/                |             |
|    ep_len_mean          | 409         |
|    ep_rew_mean          | 226         |
| time/                   |             |
|    fps                  | 262         |
|    iterations           | 233         |
|    time_elapsed         | 7273        |
|    total_timesteps      | 4915200     |
| train/                  |             |
|    approx_kl            | 0.010417967 |
|    clip_fraction        | 0.0866      |
|    clip_range           | 0.2         |
|    entropy_loss         | -1.01       |
|    explained_variance   | 0.965       |
|    learning_rate        | 0.0003      |
|    loss                 | -0.00206    |
|    n_updates            | 2995        |
|    policy_gradient_loss | -0.00641    |
|    value_loss           | 0.0465      |
-----------------------------------------
-----------------------------------------
| rollout/                |             |
|    ep_len_mean          | 417         |
|    ep_rew_mean          | 228         |
| time/                   |             |
|    fps                  | 262         |
|    iterations           | 234         |
|    time_elapsed         | 7303        |
|    total_timesteps      | 4923392     |
| train/                  |             |
|    approx_kl            | 0.008508261 |
|    clip_fraction        | 0.0837      |
|    clip_range           | 0.2         |
|    entropy_loss         | -0.983      |
|    explained_variance   | 0.96        |
|    learning_rate        | 0.0003      |
|    loss                 | -0.00491    |
|    n_updates            | 3000        |
|    policy_gradient_loss | -0.00775    |
|    value_loss           | 0.0476      |
-----------------------------------------
-----------------------------------------
| rollout/                |             |
|    ep_len_mean          | 424         |
|    ep_rew_mean          | 230         |
| time/                   |             |
|    fps                  | 262         |
|    iterations           | 235         |
|    time_elapsed         | 7333        |
|    total_timesteps      | 4931584     |
| train/                  |             |
|    approx_kl            | 0.009344858 |
|    clip_fraction        | 0.114       |
|    clip_range           | 0.2         |
|    entropy_loss         | -1.02       |
|    explained_variance   | 0.966       |
|    learning_rate        | 0.0003      |
|    loss                 | -0.00942    |
|    n_updates            | 3005        |
|    policy_gradient_loss | -0.00591    |
|    value_loss           | 0.0384      |
-----------------------------------------
-----------------------------------------
| rollout/                |             |
|    ep_len_mean          | 435         |
|    ep_rew_mean          | 234         |
| time/                   |             |
|    fps                  | 262         |
|    iterations           | 236         |
|    time_elapsed         | 7364        |
|    total_timesteps      | 4939776     |
| train/                  |             |
|    approx_kl            | 0.007509602 |
|    clip_fraction        | 0.0932      |
|    clip_range           | 0.2         |
|    entropy_loss         | -1.02       |
|    explained_variance   | 0.965       |
|    learning_rate        | 0.0003      |
|    loss                 | 0.000474    |
|    n_updates            | 3010        |
|    policy_gradient_loss | -0.00463    |
|    value_loss           | 0.0402      |
-----------------------------------------
-----------------------------------------
| rollout/                |             |
|    ep_len_mean          | 439         |
|    ep_rew_mean          | 238         |
| time/                   |             |
|    fps                  | 262         |
|    iterations           | 237         |
|    time_elapsed         | 7394        |
|    total_timesteps      | 4947968     |
| train/                  |             |
|    approx_kl            | 0.008546628 |
|    clip_fraction        | 0.0896      |
|    clip_range           | 0.2         |
|    entropy_loss         | -1.02       |
|    explained_variance   | 0.961       |
|    learning_rate        | 0.0003      |
|    loss                 | 0.0148      |
|    n_updates            | 3015        |
|    policy_gradient_loss | -0.00492    |
|    value_loss           | 0.0463      |
-----------------------------------------
-----------------------------------------
| rollout/                |             |
|    ep_len_mean          | 441         |
|    ep_rew_mean          | 239         |
| time/                   |             |
|    fps                  | 262         |
|    iterations           | 238         |
|    time_elapsed         | 7425        |
|    total_timesteps      | 4956160     |
| train/                  |             |
|    approx_kl            | 0.008189283 |
|    clip_fraction        | 0.0812      |
|    clip_range           | 0.2         |
|    entropy_loss         | -1.01       |
|    explained_variance   | 0.968       |
|    learning_rate        | 0.0003      |
|    loss                 | -0.0031     |
|    n_updates            | 3020        |
|    policy_gradient_loss | -0.00546    |
|    value_loss           | 0.0411      |
-----------------------------------------
------------------------------------------
| rollout/                |              |
|    ep_len_mean          | 443          |
|    ep_rew_mean          | 239          |
| time/                   |              |
|    fps                  | 262          |
|    iterations           | 239          |
|    time_elapsed         | 7455         |
|    total_timesteps      | 4964352      |
| train/                  |              |
|    approx_kl            | 0.0074902535 |
|    clip_fraction        | 0.074        |
|    clip_range           | 0.2          |
|    entropy_loss         | -0.986       |
|    explained_variance   | 0.967        |
|    learning_rate        | 0.0003       |
|    loss                 | -0.00576     |
|    n_updates            | 3025         |
|    policy_gradient_loss | -0.00537     |
|    value_loss           | 0.0396       |
------------------------------------------
---------------------------------------
| rollout/                |           |
|    ep_len_mean          | 442       |
|    ep_rew_mean          | 239       |
| time/                   |           |
|    fps                  | 262       |
|    iterations           | 240       |
|    time_elapsed         | 7485      |
|    total_timesteps      | 4972544   |
| train/                  |           |
|    approx_kl            | 0.0073107 |
|    clip_fraction        | 0.0981    |
|    clip_range           | 0.2       |
|    entropy_loss         | -1.05     |
|    explained_variance   | 0.976     |
|    learning_rate        | 0.0003    |
|    loss                 | -0.00967  |
|    n_updates            | 3030      |
|    policy_gradient_loss | -0.00507  |
|    value_loss           | 0.0354    |
---------------------------------------
------------------------------------------
| rollout/                |              |
|    ep_len_mean          | 439          |
|    ep_rew_mean          | 237          |
| time/                   |              |
|    fps                  | 262          |
|    iterations           | 241          |
|    time_elapsed         | 7515         |
|    total_timesteps      | 4980736      |
| train/                  |              |
|    approx_kl            | 0.0077547887 |
|    clip_fraction        | 0.0947       |
|    clip_range           | 0.2          |
|    entropy_loss         | -1.04        |
|    explained_variance   | 0.957        |
|    learning_rate        | 0.0003       |
|    loss                 | 0.00485      |
|    n_updates            | 3035         |
|    policy_gradient_loss | -0.00613     |
|    value_loss           | 0.0515       |
------------------------------------------
------------------------------------------
| rollout/                |              |
|    ep_len_mean          | 445          |
|    ep_rew_mean          | 240          |
| time/                   |              |
|    fps                  | 262          |
|    iterations           | 242          |
|    time_elapsed         | 7546         |
|    total_timesteps      | 4988928      |
| train/                  |              |
|    approx_kl            | 0.0074280985 |
|    clip_fraction        | 0.073        |
|    clip_range           | 0.2          |
|    entropy_loss         | -1           |
|    explained_variance   | 0.969        |
|    learning_rate        | 0.0003       |
|    loss                 | -0.00654     |
|    n_updates            | 3040         |
|    policy_gradient_loss | -0.00516     |
|    value_loss           | 0.0435       |
------------------------------------------
-----------------------------------------
| rollout/                |             |
|    ep_len_mean          | 440         |
|    ep_rew_mean          | 238         |
| time/                   |             |
|    fps                  | 262         |
|    iterations           | 243         |
|    time_elapsed         | 7576        |
|    total_timesteps      | 4997120     |
| train/                  |             |
|    approx_kl            | 0.007993698 |
|    clip_fraction        | 0.0848      |
|    clip_range           | 0.2         |
|    entropy_loss         | -1.04       |
|    explained_variance   | 0.978       |
|    learning_rate        | 0.0003      |
|    loss                 | 0.00326     |
|    n_updates            | 3045        |
|    policy_gradient_loss | -0.00429    |
|    value_loss           | 0.0299      |
-----------------------------------------
-----------------------------------------
| rollout/                |             |
|    ep_len_mean          | 441         |
|    ep_rew_mean          | 239         |
| time/                   |             |
|    fps                  | 262         |
|    iterations           | 244         |
|    time_elapsed         | 7610        |
|    total_timesteps      | 5005312     |
| train/                  |             |
|    approx_kl            | 0.008304834 |
|    clip_fraction        | 0.0814      |
|    clip_range           | 0.2         |
|    entropy_loss         | -0.953      |
|    explained_variance   | 0.956       |
|    learning_rate        | 0.0003      |
|    loss                 | -0.00419    |
|    n_updates            | 3050        |
|    policy_gradient_loss | -0.00634    |
|    value_loss           | 0.0581      |
-----------------------------------------
-----------------------------------------
| rollout/                |             |
|    ep_len_mean          | 436         |
|    ep_rew_mean          | 237         |
| time/                   |             |
|    fps                  | 262         |
|    iterations           | 245         |
|    time_elapsed         | 7643        |
|    total_timesteps      | 5013504     |
| train/                  |             |
|    approx_kl            | 0.007666005 |
|    clip_fraction        | 0.0728      |
|    clip_range           | 0.2         |
|    entropy_loss         | -1.03       |
|    explained_variance   | 0.965       |
|    learning_rate        | 0.0003      |
|    loss                 | 0.00163     |
|    n_updates            | 3055        |
|    policy_gradient_loss | -0.00443    |
|    value_loss           | 0.0446      |
-----------------------------------------
----------------------------------------
| rollout/                |            |
|    ep_len_mean          | 432        |
|    ep_rew_mean          | 233        |
| time/                   |            |
|    fps                  | 262        |
|    iterations           | 246        |
|    time_elapsed         | 7673       |
|    total_timesteps      | 5021696    |
| train/                  |            |
|    approx_kl            | 0.00878553 |
|    clip_fraction        | 0.0942     |
|    clip_range           | 0.2        |
|    entropy_loss         | -1.04      |
|    explained_variance   | 0.952      |
|    learning_rate        | 0.0003     |
|    loss                 | -0.000838  |
|    n_updates            | 3060       |
|    policy_gradient_loss | -0.00816   |
|    value_loss           | 0.058      |
----------------------------------------
-----------------------------------------
| rollout/                |             |
|    ep_len_mean          | 424         |
|    ep_rew_mean          | 228         |
| time/                   |             |
|    fps                  | 262         |
|    iterations           | 247         |
|    time_elapsed         | 7703        |
|    total_timesteps      | 5029888     |
| train/                  |             |
|    approx_kl            | 0.008067589 |
|    clip_fraction        | 0.0714      |
|    clip_range           | 0.2         |
|    entropy_loss         | -1.03       |
|    explained_variance   | 0.971       |
|    learning_rate        | 0.0003      |
|    loss                 | -0.00265    |
|    n_updates            | 3065        |
|    policy_gradient_loss | -0.00449    |
|    value_loss           | 0.0367      |
-----------------------------------------
-----------------------------------------
| rollout/                |             |
|    ep_len_mean          | 426         |
|    ep_rew_mean          | 231         |
| time/                   |             |
|    fps                  | 262         |
|    iterations           | 248         |
|    time_elapsed         | 7731        |
|    total_timesteps      | 5038080     |
| train/                  |             |
|    approx_kl            | 0.007234302 |
|    clip_fraction        | 0.0862      |
|    clip_range           | 0.2         |
|    entropy_loss         | -1.04       |
|    explained_variance   | 0.947       |
|    learning_rate        | 0.0003      |
|    loss                 | 0.00881     |
|    n_updates            | 3070        |
|    policy_gradient_loss | -0.00361    |
|    value_loss           | 0.0682      |
-----------------------------------------
------------------------------------------
| rollout/                |              |
|    ep_len_mean          | 444          |
|    ep_rew_mean          | 230          |
| time/                   |              |
|    fps                  | 263          |
|    iterations           | 249          |
|    time_elapsed         | 7755         |
|    total_timesteps      | 5046272      |
| train/                  |              |
|    approx_kl            | 0.0070635024 |
|    clip_fraction        | 0.0708       |
|    clip_range           | 0.2          |
|    entropy_loss         | -0.882       |
|    explained_variance   | 0.973        |
|    learning_rate        | 0.0003       |
|    loss                 | -0.00466     |
|    n_updates            | 3075         |
|    policy_gradient_loss | -0.00437     |
|    value_loss           | 0.0311       |
------------------------------------------
-----------------------------------------
| rollout/                |             |
|    ep_len_mean          | 495         |
|    ep_rew_mean          | 227         |
| time/                   |             |
|    fps                  | 263         |
|    iterations           | 250         |
|    time_elapsed         | 7782        |
|    total_timesteps      | 5054464     |
| train/                  |             |
|    approx_kl            | 0.044195868 |
|    clip_fraction        | 0.15        |
|    clip_range           | 0.2         |
|    entropy_loss         | -0.851      |
|    explained_variance   | 0.988       |
|    learning_rate        | 0.0003      |
|    loss                 | -0.0193     |
|    n_updates            | 3080        |
|    policy_gradient_loss | -0.00123    |
|    value_loss           | 0.0179      |
-----------------------------------------
-----------------------------------------
| rollout/                |             |
|    ep_len_mean          | 498         |
|    ep_rew_mean          | 229         |
| time/                   |             |
|    fps                  | 263         |
|    iterations           | 251         |
|    time_elapsed         | 7812        |
|    total_timesteps      | 5062656     |
| train/                  |             |
|    approx_kl            | 0.017940126 |
|    clip_fraction        | 0.0817      |
|    clip_range           | 0.2         |
|    entropy_loss         | -0.995      |
|    explained_variance   | 0.981       |
|    learning_rate        | 0.0003      |
|    loss                 | -0.00891    |
|    n_updates            | 3085        |
|    policy_gradient_loss | -0.00642    |
|    value_loss           | 0.0289      |
-----------------------------------------
-----------------------------------------
| rollout/                |             |
|    ep_len_mean          | 496         |
|    ep_rew_mean          | 229         |
| time/                   |             |
|    fps                  | 263         |
|    iterations           | 252         |
|    time_elapsed         | 7844        |
|    total_timesteps      | 5070848     |
| train/                  |             |
|    approx_kl            | 0.008066637 |
|    clip_fraction        | 0.0841      |
|    clip_range           | 0.2         |
|    entropy_loss         | -1.03       |
|    explained_variance   | 0.963       |
|    learning_rate        | 0.0003      |
|    loss                 | 0.0037      |
|    n_updates            | 3090        |
|    policy_gradient_loss | -0.00482    |
|    value_loss           | 0.0407      |
-----------------------------------------
------------------------------------------
| rollout/                |              |
|    ep_len_mean          | 496          |
|    ep_rew_mean          | 230          |
| time/                   |              |
|    fps                  | 263          |
|    iterations           | 253          |
|    time_elapsed         | 7875         |
|    total_timesteps      | 5079040      |
| train/                  |              |
|    approx_kl            | 0.0068013957 |
|    clip_fraction        | 0.0745       |
|    clip_range           | 0.2          |
|    entropy_loss         | -1.01        |
|    explained_variance   | 0.963        |
|    learning_rate        | 0.0003       |
|    loss                 | 0.00874      |
|    n_updates            | 3095         |
|    policy_gradient_loss | -0.00492     |
|    value_loss           | 0.0535       |
------------------------------------------
-----------------------------------------
| rollout/                |             |
|    ep_len_mean          | 489         |
|    ep_rew_mean          | 226         |
| time/                   |             |
|    fps                  | 263         |
|    iterations           | 254         |
|    time_elapsed         | 7907        |
|    total_timesteps      | 5087232     |
| train/                  |             |
|    approx_kl            | 0.007905378 |
|    clip_fraction        | 0.077       |
|    clip_range           | 0.2         |
|    entropy_loss         | -0.973      |
|    explained_variance   | 0.956       |
|    learning_rate        | 0.0003      |
|    loss                 | 0.00321     |
|    n_updates            | 3100        |
|    policy_gradient_loss | -0.0046     |
|    value_loss           | 0.0504      |
-----------------------------------------
-----------------------------------------
| rollout/                |             |
|    ep_len_mean          | 421         |
|    ep_rew_mean          | 229         |
| time/                   |             |
|    fps                  | 263         |
|    iterations           | 255         |
|    time_elapsed         | 7938        |
|    total_timesteps      | 5095424     |
| train/                  |             |
|    approx_kl            | 0.009944898 |
|    clip_fraction        | 0.0955      |
|    clip_range           | 0.2         |
|    entropy_loss         | -0.996      |
|    explained_variance   | 0.962       |
|    learning_rate        | 0.0003      |
|    loss                 | -0.000598   |
|    n_updates            | 3105        |
|    policy_gradient_loss | -0.00573    |
|    value_loss           | 0.0422      |
-----------------------------------------
[Checkpoint] Saved at 5100000 steps > C:\Users\Admin\Desktop\disciple\realnewdisciples-main\Big_map\campaign_checkpoints\super-last-stand-capital-6m-20260913-132436\campaign_ppo_step_5100000.zip
-----------------------------------------
| rollout/                |             |
|    ep_len_mean          | 420         |
|    ep_rew_mean          | 229         |
| time/                   |             |
|    fps                  | 262         |
|    iterations           | 256         |
|    time_elapsed         | 7976        |
|    total_timesteps      | 5103616     |
| train/                  |             |
|    approx_kl            | 0.010499409 |
|    clip_fraction        | 0.103       |
|    clip_range           | 0.2         |
|    entropy_loss         | -0.966      |
|    explained_variance   | 0.979       |
|    learning_rate        | 0.0003      |
|    loss                 | -0.0067     |
|    n_updates            | 3110        |
|    policy_gradient_loss | -0.00518    |
|    value_loss           | 0.0305      |
-----------------------------------------
Eval num_timesteps=5106464, det_reward=112.04 +/- 50.62
Episode length: det=159.25 +/- 110.31
Victory rate: det=0.00%
--------------------------------------------------
| eval/                           |              |
|    deterministic_mean_ep_length | 159          |
|    deterministic_mean_reward    | 112          |
|    deterministic_victory_rate   | 0            |
|    mean_ep_length               | 159          |
|    mean_reward                  | 112          |
|    victory_rate                 | 0            |
| time/                           |              |
|    total_timesteps              | 5106464      |
| train/                          |              |
|    approx_kl                    | 0.0069757933 |
|    clip_fraction                | 0.0708       |
|    clip_range                   | 0.2          |
|    entropy_loss                 | -0.983       |
|    explained_variance           | 0.968        |
|    learning_rate                | 0.0003       |
|    loss                         | -0.00158     |
|    n_updates                    | 3115         |
|    policy_gradient_loss         | -0.0047      |
|    value_loss                   | 0.0435       |
--------------------------------------------------
---------------------------------
| rollout/           |          |
|    ep_len_mean     | 425      |
|    ep_rew_mean     | 233      |
| time/              |          |
|    fps             | 262      |
|    iterations      | 257      |
|    time_elapsed    | 8019     |
|    total_timesteps | 5111808  |
---------------------------------
-----------------------------------------
| rollout/                |             |
|    ep_len_mean          | 434         |
|    ep_rew_mean          | 238         |
| time/                   |             |
|    fps                  | 262         |
|    iterations           | 258         |
|    time_elapsed         | 8052        |
|    total_timesteps      | 5120000     |
| train/                  |             |
|    approx_kl            | 0.008710037 |
|    clip_fraction        | 0.0866      |
|    clip_range           | 0.2         |
|    entropy_loss         | -1.01       |
|    explained_variance   | 0.974       |
|    learning_rate        | 0.0003      |
|    loss                 | -0.00682    |
|    n_updates            | 3120        |
|    policy_gradient_loss | -0.00381    |
|    value_loss           | 0.0326      |
-----------------------------------------
----------------------------------------
| rollout/                |            |
|    ep_len_mean          | 437        |
|    ep_rew_mean          | 243        |
| time/                   |            |
|    fps                  | 262        |
|    iterations           | 259        |
|    time_elapsed         | 8083       |
|    total_timesteps      | 5128192    |
| train/                  |            |
|    approx_kl            | 0.00783907 |
|    clip_fraction        | 0.0734     |
|    clip_range           | 0.2        |
|    entropy_loss         | -1.02      |
|    explained_variance   | 0.964      |
|    learning_rate        | 0.0003     |
|    loss                 | -0.00285   |
|    n_updates            | 3125       |
|    policy_gradient_loss | -0.00364   |
|    value_loss           | 0.0408     |
----------------------------------------
-----------------------------------------
| rollout/                |             |
|    ep_len_mean          | 439         |
|    ep_rew_mean          | 244         |
| time/                   |             |
|    fps                  | 262         |
|    iterations           | 260         |
|    time_elapsed         | 8114        |
|    total_timesteps      | 5136384     |
| train/                  |             |
|    approx_kl            | 0.009466538 |
|    clip_fraction        | 0.0833      |
|    clip_range           | 0.2         |
|    entropy_loss         | -0.948      |
|    explained_variance   | 0.965       |
|    learning_rate        | 0.0003      |
|    loss                 | -0.00669    |
|    n_updates            | 3130        |
|    policy_gradient_loss | -0.00651    |
|    value_loss           | 0.0456      |
-----------------------------------------
------------------------------------------
| rollout/                |              |
|    ep_len_mean          | 442          |
|    ep_rew_mean          | 246          |
| time/                   |              |
|    fps                  | 262          |
|    iterations           | 261          |
|    time_elapsed         | 8145         |
|    total_timesteps      | 5144576      |
| train/                  |              |
|    approx_kl            | 0.0072637293 |
|    clip_fraction        | 0.0845       |
|    clip_range           | 0.2          |
|    entropy_loss         | -0.978       |
|    explained_variance   | 0.958        |
|    learning_rate        | 0.0003       |
|    loss                 | -0.00282     |
|    n_updates            | 3135         |
|    policy_gradient_loss | -0.00577     |
|    value_loss           | 0.0556       |
------------------------------------------
-----------------------------------------
| rollout/                |             |
|    ep_len_mean          | 445         |
|    ep_rew_mean          | 246         |
| time/                   |             |
|    fps                  | 262         |
|    iterations           | 262         |
|    time_elapsed         | 8174        |
|    total_timesteps      | 5152768     |
| train/                  |             |
|    approx_kl            | 0.009392304 |
|    clip_fraction        | 0.0998      |
|    clip_range           | 0.2         |
|    entropy_loss         | -0.984      |
|    explained_variance   | 0.962       |
|    learning_rate        | 0.0003      |
|    loss                 | 0.0103      |
|    n_updates            | 3140        |
|    policy_gradient_loss | -0.00504    |
|    value_loss           | 0.049       |
-----------------------------------------
-----------------------------------------
| rollout/                |             |
|    ep_len_mean          | 434         |
|    ep_rew_mean          | 241         |
| time/                   |             |
|    fps                  | 262         |
|    iterations           | 263         |
|    time_elapsed         | 8206        |
|    total_timesteps      | 5160960     |
| train/                  |             |
|    approx_kl            | 0.007967102 |
|    clip_fraction        | 0.0792      |
|    clip_range           | 0.2         |
|    entropy_loss         | -0.944      |
|    explained_variance   | 0.956       |
|    learning_rate        | 0.0003      |
|    loss                 | 0.0196      |
|    n_updates            | 3145        |
|    policy_gradient_loss | -0.00463    |
|    value_loss           | 0.0613      |
-----------------------------------------
-----------------------------------------
| rollout/                |             |
|    ep_len_mean          | 431         |
|    ep_rew_mean          | 237         |
| time/                   |             |
|    fps                  | 262         |
|    iterations           | 264         |
|    time_elapsed         | 8238        |
|    total_timesteps      | 5169152     |
| train/                  |             |
|    approx_kl            | 0.008371804 |
|    clip_fraction        | 0.0857      |
|    clip_range           | 0.2         |
|    entropy_loss         | -0.993      |
|    explained_variance   | 0.951       |
|    learning_rate        | 0.0003      |
|    loss                 | 0.00855     |
|    n_updates            | 3150        |
|    policy_gradient_loss | -0.00702    |
|    value_loss           | 0.065       |
-----------------------------------------
-----------------------------------------
| rollout/                |             |
|    ep_len_mean          | 434         |
|    ep_rew_mean          | 237         |
| time/                   |             |
|    fps                  | 262         |
|    iterations           | 265         |
|    time_elapsed         | 8270        |
|    total_timesteps      | 5177344     |
| train/                  |             |
|    approx_kl            | 0.006862413 |
|    clip_fraction        | 0.0822      |
|    clip_range           | 0.2         |
|    entropy_loss         | -1          |
|    explained_variance   | 0.95        |
|    learning_rate        | 0.0003      |
|    loss                 | 0.00112     |
|    n_updates            | 3155        |
|    policy_gradient_loss | -0.00713    |
|    value_loss           | 0.0642      |
-----------------------------------------
-----------------------------------------
| rollout/                |             |
|    ep_len_mean          | 414         |
|    ep_rew_mean          | 230         |
| time/                   |             |
|    fps                  | 262         |
|    iterations           | 266         |
|    time_elapsed         | 8300        |
|    total_timesteps      | 5185536     |
| train/                  |             |
|    approx_kl            | 0.012835309 |
|    clip_fraction        | 0.0918      |
|    clip_range           | 0.2         |
|    entropy_loss         | -0.977      |
|    explained_variance   | 0.958       |
|    learning_rate        | 0.0003      |
|    loss                 | 0.0019      |
|    n_updates            | 3160        |
|    policy_gradient_loss | -0.00555    |
|    value_loss           | 0.0543      |
-----------------------------------------
------------------------------------------
| rollout/                |              |
|    ep_len_mean          | 410          |
|    ep_rew_mean          | 232          |
| time/                   |              |
|    fps                  | 262          |
|    iterations           | 267          |
|    time_elapsed         | 8330         |
|    total_timesteps      | 5193728      |
| train/                  |              |
|    approx_kl            | 0.0066500218 |
|    clip_fraction        | 0.062        |
|    clip_range           | 0.2          |
|    entropy_loss         | -0.9         |
|    explained_variance   | 0.946        |
|    learning_rate        | 0.0003       |
|    loss                 | 0.0112       |
|    n_updates            | 3165         |
|    policy_gradient_loss | -0.00475     |
|    value_loss           | 0.077        |
------------------------------------------
-----------------------------------------
| rollout/                |             |
|    ep_len_mean          | 418         |
|    ep_rew_mean          | 235         |
| time/                   |             |
|    fps                  | 262         |
|    iterations           | 268         |
|    time_elapsed         | 8360        |
|    total_timesteps      | 5201920     |
| train/                  |             |
|    approx_kl            | 0.008671171 |
|    clip_fraction        | 0.0811      |
|    clip_range           | 0.2         |
|    entropy_loss         | -0.966      |
|    explained_variance   | 0.96        |
|    learning_rate        | 0.0003      |
|    loss                 | 0.00409     |
|    n_updates            | 3170        |
|    policy_gradient_loss | -0.0054     |
|    value_loss           | 0.0532      |
-----------------------------------------
----------------------------------------
| rollout/                |            |
|    ep_len_mean          | 422        |
|    ep_rew_mean          | 239        |
| time/                   |            |
|    fps                  | 262        |
|    iterations           | 269        |
|    time_elapsed         | 8390       |
|    total_timesteps      | 5210112    |
| train/                  |            |
|    approx_kl            | 0.00832159 |
|    clip_fraction        | 0.0792     |
|    clip_range           | 0.2        |
|    entropy_loss         | -0.994     |
|    explained_variance   | 0.969      |
|    learning_rate        | 0.0003     |
|    loss                 | 0.0103     |
|    n_updates            | 3175       |
|    policy_gradient_loss | -0.00431   |
|    value_loss           | 0.044      |
----------------------------------------
-----------------------------------------
| rollout/                |             |
|    ep_len_mean          | 423         |
|    ep_rew_mean          | 242         |
| time/                   |             |
|    fps                  | 262         |
|    iterations           | 270         |
|    time_elapsed         | 8422        |
|    total_timesteps      | 5218304     |
| train/                  |             |
|    approx_kl            | 0.007736671 |
|    clip_fraction        | 0.0756      |
|    clip_range           | 0.2         |
|    entropy_loss         | -0.964      |
|    explained_variance   | 0.977       |
|    learning_rate        | 0.0003      |
|    loss                 | -0.00587    |
|    n_updates            | 3180        |
|    policy_gradient_loss | -0.00445    |
|    value_loss           | 0.0339      |
-----------------------------------------
------------------------------------------
| rollout/                |              |
|    ep_len_mean          | 433          |
|    ep_rew_mean          | 246          |
| time/                   |              |
|    fps                  | 262          |
|    iterations           | 271          |
|    time_elapsed         | 8457         |
|    total_timesteps      | 5226496      |
| train/                  |              |
|    approx_kl            | 0.0058230665 |
|    clip_fraction        | 0.0666       |
|    clip_range           | 0.2          |
|    entropy_loss         | -0.944       |
|    explained_variance   | 0.973        |
|    learning_rate        | 0.0003       |
|    loss                 | 0.00231      |
|    n_updates            | 3185         |
|    policy_gradient_loss | -0.00361     |
|    value_loss           | 0.0399       |
------------------------------------------
-----------------------------------------
| rollout/                |             |
|    ep_len_mean          | 445         |
|    ep_rew_mean          | 251         |
| time/                   |             |
|    fps                  | 262         |
|    iterations           | 272         |
|    time_elapsed         | 8489        |
|    total_timesteps      | 5234688     |
| train/                  |             |
|    approx_kl            | 0.008185485 |
|    clip_fraction        | 0.0802      |
|    clip_range           | 0.2         |
|    entropy_loss         | -0.958      |
|    explained_variance   | 0.961       |
|    learning_rate        | 0.0003      |
|    loss                 | 0.0104      |
|    n_updates            | 3190        |
|    policy_gradient_loss | -0.00602    |
|    value_loss           | 0.0533      |
-----------------------------------------
------------------------------------------
| rollout/                |              |
|    ep_len_mean          | 436          |
|    ep_rew_mean          | 247          |
| time/                   |              |
|    fps                  | 262          |
|    iterations           | 273          |
|    time_elapsed         | 8520         |
|    total_timesteps      | 5242880      |
| train/                  |              |
|    approx_kl            | 0.0078944815 |
|    clip_fraction        | 0.0883       |
|    clip_range           | 0.2          |
|    entropy_loss         | -0.984       |
|    explained_variance   | 0.969        |
|    learning_rate        | 0.0003       |
|    loss                 | -0.00341     |
|    n_updates            | 3195         |
|    policy_gradient_loss | -0.006       |
|    value_loss           | 0.0375       |
------------------------------------------
-----------------------------------------
| rollout/                |             |
|    ep_len_mean          | 434         |
|    ep_rew_mean          | 245         |
| time/                   |             |
|    fps                  | 262         |
|    iterations           | 274         |
|    time_elapsed         | 8550        |
|    total_timesteps      | 5251072     |
| train/                  |             |
|    approx_kl            | 0.007546347 |
|    clip_fraction        | 0.0773      |
|    clip_range           | 0.2         |
|    entropy_loss         | -0.921      |
|    explained_variance   | 0.964       |
|    learning_rate        | 0.0003      |
|    loss                 | -0.000839   |
|    n_updates            | 3200        |
|    policy_gradient_loss | -0.00611    |
|    value_loss           | 0.0535      |
-----------------------------------------
------------------------------------------
| rollout/                |              |
|    ep_len_mean          | 431          |
|    ep_rew_mean          | 240          |
| time/                   |              |
|    fps                  | 262          |
|    iterations           | 275          |
|    time_elapsed         | 8581         |
|    total_timesteps      | 5259264      |
| train/                  |              |
|    approx_kl            | 0.0070149554 |
|    clip_fraction        | 0.077        |
|    clip_range           | 0.2          |
|    entropy_loss         | -0.952       |
|    explained_variance   | 0.975        |
|    learning_rate        | 0.0003       |
|    loss                 | 0.00252      |
|    n_updates            | 3205         |
|    policy_gradient_loss | -0.00293     |
|    value_loss           | 0.0384       |
------------------------------------------
-----------------------------------------
| rollout/                |             |
|    ep_len_mean          | 434         |
|    ep_rew_mean          | 242         |
| time/                   |             |
|    fps                  | 262         |
|    iterations           | 276         |
|    time_elapsed         | 8611        |
|    total_timesteps      | 5267456     |
| train/                  |             |
|    approx_kl            | 0.008766593 |
|    clip_fraction        | 0.0828      |
|    clip_range           | 0.2         |
|    entropy_loss         | -1          |
|    explained_variance   | 0.969       |
|    learning_rate        | 0.0003      |
|    loss                 | 0.00747     |
|    n_updates            | 3210        |
|    policy_gradient_loss | -0.00583    |
|    value_loss           | 0.047       |
-----------------------------------------
-----------------------------------------
| rollout/                |             |
|    ep_len_mean          | 425         |
|    ep_rew_mean          | 239         |
| time/                   |             |
|    fps                  | 262         |
|    iterations           | 277         |
|    time_elapsed         | 8642        |
|    total_timesteps      | 5275648     |
| train/                  |             |
|    approx_kl            | 0.009133474 |
|    clip_fraction        | 0.0829      |
|    clip_range           | 0.2         |
|    entropy_loss         | -0.953      |
|    explained_variance   | 0.98        |
|    learning_rate        | 0.0003      |
|    loss                 | 0.00713     |
|    n_updates            | 3215        |
|    policy_gradient_loss | -0.00355    |
|    value_loss           | 0.0333      |
-----------------------------------------
-----------------------------------------
| rollout/                |             |
|    ep_len_mean          | 439         |
|    ep_rew_mean          | 236         |
| time/                   |             |
|    fps                  | 262         |
|    iterations           | 278         |
|    time_elapsed         | 8672        |
|    total_timesteps      | 5283840     |
| train/                  |             |
|    approx_kl            | 0.012455154 |
|    clip_fraction        | 0.0956      |
|    clip_range           | 0.2         |
|    entropy_loss         | -0.937      |
|    explained_variance   | 0.976       |
|    learning_rate        | 0.0003      |
|    loss                 | -0.00164    |
|    n_updates            | 3220        |
|    policy_gradient_loss | -0.00543    |
|    value_loss           | 0.0355      |
-----------------------------------------
-----------------------------------------
| rollout/                |             |
|    ep_len_mean          | 445         |
|    ep_rew_mean          | 240         |
| time/                   |             |
|    fps                  | 262         |
|    iterations           | 279         |
|    time_elapsed         | 8703        |
|    total_timesteps      | 5292032     |
| train/                  |             |
|    approx_kl            | 0.007636291 |
|    clip_fraction        | 0.0812      |
|    clip_range           | 0.2         |
|    entropy_loss         | -0.959      |
|    explained_variance   | 0.974       |
|    learning_rate        | 0.0003      |
|    loss                 | 0.00764     |
|    n_updates            | 3225        |
|    policy_gradient_loss | -0.00584    |
|    value_loss           | 0.0429      |
-----------------------------------------
------------------------------------------
| rollout/                |              |
|    ep_len_mean          | 446          |
|    ep_rew_mean          | 243          |
| time/                   |              |
|    fps                  | 262          |
|    iterations           | 280          |
|    time_elapsed         | 8735         |
|    total_timesteps      | 5300224      |
| train/                  |              |
|    approx_kl            | 0.0076465216 |
|    clip_fraction        | 0.0833       |
|    clip_range           | 0.2          |
|    entropy_loss         | -0.978       |
|    explained_variance   | 0.97         |
|    learning_rate        | 0.0003       |
|    loss                 | -0.00625     |
|    n_updates            | 3230         |
|    policy_gradient_loss | -0.00443     |
|    value_loss           | 0.0467       |
------------------------------------------
-----------------------------------------
| rollout/                |             |
|    ep_len_mean          | 449         |
|    ep_rew_mean          | 243         |
| time/                   |             |
|    fps                  | 262         |
|    iterations           | 281         |
|    time_elapsed         | 8768        |
|    total_timesteps      | 5308416     |
| train/                  |             |
|    approx_kl            | 0.011076547 |
|    clip_fraction        | 0.0856      |
|    clip_range           | 0.2         |
|    entropy_loss         | -0.955      |
|    explained_variance   | 0.975       |
|    learning_rate        | 0.0003      |
|    loss                 | 4.03e-05    |
|    n_updates            | 3235        |
|    policy_gradient_loss | -0.00484    |
|    value_loss           | 0.035       |
-----------------------------------------
----------------------------------------
| rollout/                |            |
|    ep_len_mean          | 451        |
|    ep_rew_mean          | 242        |
| time/                   |            |
|    fps                  | 262        |
|    iterations           | 282        |
|    time_elapsed         | 8799       |
|    total_timesteps      | 5316608    |
| train/                  |            |
|    approx_kl            | 0.00953481 |
|    clip_fraction        | 0.0792     |
|    clip_range           | 0.2        |
|    entropy_loss         | -1.08      |
|    explained_variance   | 0.974      |
|    learning_rate        | 0.0003     |
|    loss                 | 0.00281    |
|    n_updates            | 3240       |
|    policy_gradient_loss | -0.00355   |
|    value_loss           | 0.0351     |
----------------------------------------
-----------------------------------------
| rollout/                |             |
|    ep_len_mean          | 438         |
|    ep_rew_mean          | 241         |
| time/                   |             |
|    fps                  | 262         |
|    iterations           | 283         |
|    time_elapsed         | 8829        |
|    total_timesteps      | 5324800     |
| train/                  |             |
|    approx_kl            | 0.008745726 |
|    clip_fraction        | 0.0847      |
|    clip_range           | 0.2         |
|    entropy_loss         | -1.05       |
|    explained_variance   | 0.974       |
|    learning_rate        | 0.0003      |
|    loss                 | 0.00288     |
|    n_updates            | 3245        |
|    policy_gradient_loss | -0.00567    |
|    value_loss           | 0.0417      |
-----------------------------------------
-----------------------------------------
| rollout/                |             |
|    ep_len_mean          | 438         |
|    ep_rew_mean          | 241         |
| time/                   |             |
|    fps                  | 262         |
|    iterations           | 284         |
|    time_elapsed         | 8860        |
|    total_timesteps      | 5332992     |
| train/                  |             |
|    approx_kl            | 0.011838144 |
|    clip_fraction        | 0.0909      |
|    clip_range           | 0.2         |
|    entropy_loss         | -1          |
|    explained_variance   | 0.975       |
|    learning_rate        | 0.0003      |
|    loss                 | 0.000512    |
|    n_updates            | 3250        |
|    policy_gradient_loss | -0.00515    |
|    value_loss           | 0.0442      |
-----------------------------------------
----------------------------------------
| rollout/                |            |
|    ep_len_mean          | 440        |
|    ep_rew_mean          | 242        |
| time/                   |            |
|    fps                  | 262        |
|    iterations           | 285        |
|    time_elapsed         | 8891       |
|    total_timesteps      | 5341184    |
| train/                  |            |
|    approx_kl            | 0.00821726 |
|    clip_fraction        | 0.0852     |
|    clip_range           | 0.2        |
|    entropy_loss         | -0.994     |
|    explained_variance   | 0.981      |
|    learning_rate        | 0.0003     |
|    loss                 | -0.000163  |
|    n_updates            | 3255       |
|    policy_gradient_loss | -0.00398   |
|    value_loss           | 0.0295     |
----------------------------------------
-----------------------------------------
| rollout/                |             |
|    ep_len_mean          | 444         |
|    ep_rew_mean          | 242         |
| time/                   |             |
|    fps                  | 262         |
|    iterations           | 286         |
|    time_elapsed         | 8921        |
|    total_timesteps      | 5349376     |
| train/                  |             |
|    approx_kl            | 0.012497846 |
|    clip_fraction        | 0.0888      |
|    clip_range           | 0.2         |
|    entropy_loss         | -1.01       |
|    explained_variance   | 0.977       |
|    learning_rate        | 0.0003      |
|    loss                 | -0.00518    |
|    n_updates            | 3260        |
|    policy_gradient_loss | -0.00607    |
|    value_loss           | 0.0378      |
-----------------------------------------
-----------------------------------------
| rollout/                |             |
|    ep_len_mean          | 447         |
|    ep_rew_mean          | 244         |
| time/                   |             |
|    fps                  | 262         |
|    iterations           | 287         |
|    time_elapsed         | 8952        |
|    total_timesteps      | 5357568     |
| train/                  |             |
|    approx_kl            | 0.010647494 |
|    clip_fraction        | 0.0915      |
|    clip_range           | 0.2         |
|    entropy_loss         | -1.01       |
|    explained_variance   | 0.973       |
|    learning_rate        | 0.0003      |
|    loss                 | 0.00504     |
|    n_updates            | 3265        |
|    policy_gradient_loss | -0.00595    |
|    value_loss           | 0.0475      |
-----------------------------------------
-----------------------------------------
| rollout/                |             |
|    ep_len_mean          | 445         |
|    ep_rew_mean          | 248         |
| time/                   |             |
|    fps                  | 262         |
|    iterations           | 288         |
|    time_elapsed         | 8982        |
|    total_timesteps      | 5365760     |
| train/                  |             |
|    approx_kl            | 0.010011692 |
|    clip_fraction        | 0.0811      |
|    clip_range           | 0.2         |
|    entropy_loss         | -1.04       |
|    explained_variance   | 0.971       |
|    learning_rate        | 0.0003      |
|    loss                 | -0.00752    |
|    n_updates            | 3270        |
|    policy_gradient_loss | -0.00438    |
|    value_loss           | 0.0499      |
-----------------------------------------
-----------------------------------------
| rollout/                |             |
|    ep_len_mean          | 445         |
|    ep_rew_mean          | 247         |
| time/                   |             |
|    fps                  | 262         |
|    iterations           | 289         |
|    time_elapsed         | 9012        |
|    total_timesteps      | 5373952     |
| train/                  |             |
|    approx_kl            | 0.009974649 |
|    clip_fraction        | 0.0878      |
|    clip_range           | 0.2         |
|    entropy_loss         | -0.981      |
|    explained_variance   | 0.974       |
|    learning_rate        | 0.0003      |
|    loss                 | 0.0106      |
|    n_updates            | 3275        |
|    policy_gradient_loss | -0.00397    |
|    value_loss           | 0.0388      |
-----------------------------------------
-----------------------------------------
| rollout/                |             |
|    ep_len_mean          | 459         |
|    ep_rew_mean          | 252         |
| time/                   |             |
|    fps                  | 262         |
|    iterations           | 290         |
|    time_elapsed         | 9043        |
|    total_timesteps      | 5382144     |
| train/                  |             |
|    approx_kl            | 0.010791701 |
|    clip_fraction        | 0.114       |
|    clip_range           | 0.2         |
|    entropy_loss         | -1.03       |
|    explained_variance   | 0.978       |
|    learning_rate        | 0.0003      |
|    loss                 | -0.00458    |
|    n_updates            | 3280        |
|    policy_gradient_loss | -0.00573    |
|    value_loss           | 0.0323      |
-----------------------------------------
-----------------------------------------
| rollout/                |             |
|    ep_len_mean          | 460         |
|    ep_rew_mean          | 251         |
| time/                   |             |
|    fps                  | 262         |
|    iterations           | 291         |
|    time_elapsed         | 9074        |
|    total_timesteps      | 5390336     |
| train/                  |             |
|    approx_kl            | 0.009877904 |
|    clip_fraction        | 0.103       |
|    clip_range           | 0.2         |
|    entropy_loss         | -1.07       |
|    explained_variance   | 0.969       |
|    learning_rate        | 0.0003      |
|    loss                 | -0.00173    |
|    n_updates            | 3285        |
|    policy_gradient_loss | -0.00601    |
|    value_loss           | 0.0448      |
-----------------------------------------
-----------------------------------------
| rollout/                |             |
|    ep_len_mean          | 462         |
|    ep_rew_mean          | 253         |
| time/                   |             |
|    fps                  | 262         |
|    iterations           | 292         |
|    time_elapsed         | 9105        |
|    total_timesteps      | 5398528     |
| train/                  |             |
|    approx_kl            | 0.009504925 |
|    clip_fraction        | 0.0841      |
|    clip_range           | 0.2         |
|    entropy_loss         | -1.03       |
|    explained_variance   | 0.976       |
|    learning_rate        | 0.0003      |
|    loss                 | -0.00254    |
|    n_updates            | 3290        |
|    policy_gradient_loss | -0.00597    |
|    value_loss           | 0.0375      |
-----------------------------------------
[Checkpoint] Saved at 5400000 steps > C:\Users\Admin\Desktop\disciple\realnewdisciples-main\Big_map\campaign_checkpoints\super-last-stand-capital-6m-20260913-132436\campaign_ppo_step_5400000.zip
Eval num_timesteps=5406464, det_reward=235.54 +/- 48.29
Episode length: det=372.60 +/- 90.79
Victory rate: det=0.00%
-------------------------------------------------
| eval/                           |             |
|    deterministic_mean_ep_length | 373         |
|    deterministic_mean_reward    | 236         |
|    deterministic_victory_rate   | 0           |
|    mean_ep_length               | 373         |
|    mean_reward                  | 236         |
|    victory_rate                 | 0           |
| time/                           |             |
|    total_timesteps              | 5406464     |
| train/                          |             |
|    approx_kl                    | 0.008099372 |
|    clip_fraction                | 0.0781      |
|    clip_range                   | 0.2         |
|    entropy_loss                 | -1.06       |
|    explained_variance           | 0.977       |
|    learning_rate                | 0.0003      |
|    loss                         | 0.00672     |
|    n_updates                    | 3295        |
|    policy_gradient_loss         | -0.00361    |
|    value_loss                   | 0.0359      |
-------------------------------------------------
New best model by deterministic victory rate!
---------------------------------
| rollout/           |          |
|    ep_len_mean     | 467      |
|    ep_rew_mean     | 253      |
| time/              |          |
|    fps             | 261      |
|    iterations      | 293      |
|    time_elapsed    | 9162     |
|    total_timesteps | 5406720  |
---------------------------------
-----------------------------------------
| rollout/                |             |
|    ep_len_mean          | 477         |
|    ep_rew_mean          | 253         |
| time/                   |             |
|    fps                  | 261         |
|    iterations           | 294         |
|    time_elapsed         | 9194        |
|    total_timesteps      | 5414912     |
| train/                  |             |
|    approx_kl            | 0.009357898 |
|    clip_fraction        | 0.0991      |
|    clip_range           | 0.2         |
|    entropy_loss         | -1.03       |
|    explained_variance   | 0.969       |
|    learning_rate        | 0.0003      |
|    loss                 | 0.00581     |
|    n_updates            | 3300        |
|    policy_gradient_loss | -0.00617    |
|    value_loss           | 0.041       |
-----------------------------------------
-----------------------------------------
| rollout/                |             |
|    ep_len_mean          | 478         |
|    ep_rew_mean          | 254         |
| time/                   |             |
|    fps                  | 261         |
|    iterations           | 295         |
|    time_elapsed         | 9224        |
|    total_timesteps      | 5423104     |
| train/                  |             |
|    approx_kl            | 0.010483877 |
|    clip_fraction        | 0.0986      |
|    clip_range           | 0.2         |
|    entropy_loss         | -1.08       |
|    explained_variance   | 0.963       |
|    learning_rate        | 0.0003      |
|    loss                 | 0.00248     |
|    n_updates            | 3305        |
|    policy_gradient_loss | -0.00604    |
|    value_loss           | 0.045       |
-----------------------------------------
------------------------------------------
| rollout/                |              |
|    ep_len_mean          | 475          |
|    ep_rew_mean          | 254          |
| time/                   |              |
|    fps                  | 261          |
|    iterations           | 296          |
|    time_elapsed         | 9255         |
|    total_timesteps      | 5431296      |
| train/                  |              |
|    approx_kl            | 0.0084266085 |
|    clip_fraction        | 0.0922       |
|    clip_range           | 0.2          |
|    entropy_loss         | -1.02        |
|    explained_variance   | 0.971        |
|    learning_rate        | 0.0003       |
|    loss                 | -0.0126      |
|    n_updates            | 3310         |
|    policy_gradient_loss | -0.00381     |
|    value_loss           | 0.0379       |
------------------------------------------
-----------------------------------------
| rollout/                |             |
|    ep_len_mean          | 469         |
|    ep_rew_mean          | 251         |
| time/                   |             |
|    fps                  | 262         |
|    iterations           | 297         |
|    time_elapsed         | 9285        |
|    total_timesteps      | 5439488     |
| train/                  |             |
|    approx_kl            | 0.008178607 |
|    clip_fraction        | 0.0848      |
|    clip_range           | 0.2         |
|    entropy_loss         | -1.01       |
|    explained_variance   | 0.974       |
|    learning_rate        | 0.0003      |
|    loss                 | -0.00553    |
|    n_updates            | 3315        |
|    policy_gradient_loss | -0.00375    |
|    value_loss           | 0.0387      |
-----------------------------------------
-----------------------------------------
| rollout/                |             |
|    ep_len_mean          | 466         |
|    ep_rew_mean          | 252         |
| time/                   |             |
|    fps                  | 261         |
|    iterations           | 298         |
|    time_elapsed         | 9318        |
|    total_timesteps      | 5447680     |
| train/                  |             |
|    approx_kl            | 0.011166436 |
|    clip_fraction        | 0.107       |
|    clip_range           | 0.2         |
|    entropy_loss         | -1.05       |
|    explained_variance   | 0.965       |
|    learning_rate        | 0.0003      |
|    loss                 | 0.00719     |
|    n_updates            | 3320        |
|    policy_gradient_loss | -0.00448    |
|    value_loss           | 0.0472      |
-----------------------------------------
-----------------------------------------
| rollout/                |             |
|    ep_len_mean          | 466         |
|    ep_rew_mean          | 254         |
| time/                   |             |
|    fps                  | 261         |
|    iterations           | 299         |
|    time_elapsed         | 9350        |
|    total_timesteps      | 5455872     |
| train/                  |             |
|    approx_kl            | 0.009875422 |
|    clip_fraction        | 0.081       |
|    clip_range           | 0.2         |
|    entropy_loss         | -1.01       |
|    explained_variance   | 0.976       |
|    learning_rate        | 0.0003      |
|    loss                 | 0.00428     |
|    n_updates            | 3325        |
|    policy_gradient_loss | -0.00386    |
|    value_loss           | 0.0381      |
-----------------------------------------
-----------------------------------------
| rollout/                |             |
|    ep_len_mean          | 468         |
|    ep_rew_mean          | 259         |
| time/                   |             |
|    fps                  | 261         |
|    iterations           | 300         |
|    time_elapsed         | 9381        |
|    total_timesteps      | 5464064     |
| train/                  |             |
|    approx_kl            | 0.010798465 |
|    clip_fraction        | 0.086       |
|    clip_range           | 0.2         |
|    entropy_loss         | -1.01       |
|    explained_variance   | 0.96        |
|    learning_rate        | 0.0003      |
|    loss                 | 0.00429     |
|    n_updates            | 3330        |
|    policy_gradient_loss | -0.00481    |
|    value_loss           | 0.0544      |
-----------------------------------------
-----------------------------------------
| rollout/                |             |
|    ep_len_mean          | 474         |
|    ep_rew_mean          | 261         |
| time/                   |             |
|    fps                  | 261         |
|    iterations           | 301         |
|    time_elapsed         | 9411        |
|    total_timesteps      | 5472256     |
| train/                  |             |
|    approx_kl            | 0.008807037 |
|    clip_fraction        | 0.0887      |
|    clip_range           | 0.2         |
|    entropy_loss         | -0.978      |
|    explained_variance   | 0.975       |
|    learning_rate        | 0.0003      |
|    loss                 | 0.00281     |
|    n_updates            | 3335        |
|    policy_gradient_loss | -0.00303    |
|    value_loss           | 0.0383      |
-----------------------------------------
------------------------------------------
| rollout/                |              |
|    ep_len_mean          | 476          |
|    ep_rew_mean          | 261          |
| time/                   |              |
|    fps                  | 262          |
|    iterations           | 302          |
|    time_elapsed         | 9442         |
|    total_timesteps      | 5480448      |
| train/                  |              |
|    approx_kl            | 0.0076414426 |
|    clip_fraction        | 0.0846       |
|    clip_range           | 0.2          |
|    entropy_loss         | -1.01        |
|    explained_variance   | 0.973        |
|    learning_rate        | 0.0003       |
|    loss                 | 0.00185      |
|    n_updates            | 3340         |
|    policy_gradient_loss | -0.00499     |
|    value_loss           | 0.0403       |
------------------------------------------
-----------------------------------------
| rollout/                |             |
|    ep_len_mean          | 458         |
|    ep_rew_mean          | 249         |
| time/                   |             |
|    fps                  | 262         |
|    iterations           | 303         |
|    time_elapsed         | 9471        |
|    total_timesteps      | 5488640     |
| train/                  |             |
|    approx_kl            | 0.015532004 |
|    clip_fraction        | 0.104       |
|    clip_range           | 0.2         |
|    entropy_loss         | -0.999      |
|    explained_variance   | 0.964       |
|    learning_rate        | 0.0003      |
|    loss                 | -0.011      |
|    n_updates            | 3345        |
|    policy_gradient_loss | -0.00534    |
|    value_loss           | 0.0491      |
-----------------------------------------
-----------------------------------------
| rollout/                |             |
|    ep_len_mean          | 447         |
|    ep_rew_mean          | 239         |
| time/                   |             |
|    fps                  | 262         |
|    iterations           | 304         |
|    time_elapsed         | 9500        |
|    total_timesteps      | 5496832     |
| train/                  |             |
|    approx_kl            | 0.018475913 |
|    clip_fraction        | 0.097       |
|    clip_range           | 0.2         |
|    entropy_loss         | -1          |
|    explained_variance   | 0.926       |
|    learning_rate        | 0.0003      |
|    loss                 | 0.00561     |
|    n_updates            | 3350        |
|    policy_gradient_loss | -0.00462    |
|    value_loss           | 0.0771      |
-----------------------------------------
-----------------------------------------
| rollout/                |             |
|    ep_len_mean          | 444         |
|    ep_rew_mean          | 236         |
| time/                   |             |
|    fps                  | 262         |
|    iterations           | 305         |
|    time_elapsed         | 9529        |
|    total_timesteps      | 5505024     |
| train/                  |             |
|    approx_kl            | 0.012431789 |
|    clip_fraction        | 0.104       |
|    clip_range           | 0.2         |
|    entropy_loss         | -1.01       |
|    explained_variance   | 0.952       |
|    learning_rate        | 0.0003      |
|    loss                 | 0.0043      |
|    n_updates            | 3355        |
|    policy_gradient_loss | -0.00817    |
|    value_loss           | 0.0581      |
-----------------------------------------
-----------------------------------------
| rollout/                |             |
|    ep_len_mean          | 437         |
|    ep_rew_mean          | 229         |
| time/                   |             |
|    fps                  | 262         |
|    iterations           | 306         |
|    time_elapsed         | 9559        |
|    total_timesteps      | 5513216     |
| train/                  |             |
|    approx_kl            | 0.011657704 |
|    clip_fraction        | 0.107       |
|    clip_range           | 0.2         |
|    entropy_loss         | -1.02       |
|    explained_variance   | 0.953       |
|    learning_rate        | 0.0003      |
|    loss                 | 0.0194      |
|    n_updates            | 3360        |
|    policy_gradient_loss | -0.00598    |
|    value_loss           | 0.0583      |
-----------------------------------------
-----------------------------------------
| rollout/                |             |
|    ep_len_mean          | 429         |
|    ep_rew_mean          | 225         |
| time/                   |             |
|    fps                  | 262         |
|    iterations           | 307         |
|    time_elapsed         | 9589        |
|    total_timesteps      | 5521408     |
| train/                  |             |
|    approx_kl            | 0.008921625 |
|    clip_fraction        | 0.0952      |
|    clip_range           | 0.2         |
|    entropy_loss         | -1.07       |
|    explained_variance   | 0.949       |
|    learning_rate        | 0.0003      |
|    loss                 | -0.000627   |
|    n_updates            | 3365        |
|    policy_gradient_loss | -0.00791    |
|    value_loss           | 0.0605      |
-----------------------------------------
-----------------------------------------
| rollout/                |             |
|    ep_len_mean          | 436         |
|    ep_rew_mean          | 230         |
| time/                   |             |
|    fps                  | 262         |
|    iterations           | 308         |
|    time_elapsed         | 9618        |
|    total_timesteps      | 5529600     |
| train/                  |             |
|    approx_kl            | 0.009559108 |
|    clip_fraction        | 0.103       |
|    clip_range           | 0.2         |
|    entropy_loss         | -1.01       |
|    explained_variance   | 0.954       |
|    learning_rate        | 0.0003      |
|    loss                 | 0.00298     |
|    n_updates            | 3370        |
|    policy_gradient_loss | -0.0067     |
|    value_loss           | 0.0686      |
-----------------------------------------
----------------------------------------
| rollout/                |            |
|    ep_len_mean          | 446        |
|    ep_rew_mean          | 238        |
| time/                   |            |
|    fps                  | 262        |
|    iterations           | 309        |
|    time_elapsed         | 9648       |
|    total_timesteps      | 5537792    |
| train/                  |            |
|    approx_kl            | 0.01062439 |
|    clip_fraction        | 0.0988     |
|    clip_range           | 0.2        |
|    entropy_loss         | -1.05      |
|    explained_variance   | 0.97       |
|    learning_rate        | 0.0003     |
|    loss                 | 0.00375    |
|    n_updates            | 3375       |
|    policy_gradient_loss | -0.00701   |
|    value_loss           | 0.0381     |
----------------------------------------
-----------------------------------------
| rollout/                |             |
|    ep_len_mean          | 452         |
|    ep_rew_mean          | 241         |
| time/                   |             |
|    fps                  | 262         |
|    iterations           | 310         |
|    time_elapsed         | 9678        |
|    total_timesteps      | 5545984     |
| train/                  |             |
|    approx_kl            | 0.007170875 |
|    clip_fraction        | 0.0873      |
|    clip_range           | 0.2         |
|    entropy_loss         | -0.974      |
|    explained_variance   | 0.976       |
|    learning_rate        | 0.0003      |
|    loss                 | 0.0015      |
|    n_updates            | 3380        |
|    policy_gradient_loss | -0.00386    |
|    value_loss           | 0.0384      |
-----------------------------------------
-----------------------------------------
| rollout/                |             |
|    ep_len_mean          | 461         |
|    ep_rew_mean          | 248         |
| time/                   |             |
|    fps                  | 262         |
|    iterations           | 311         |
|    time_elapsed         | 9708        |
|    total_timesteps      | 5554176     |
| train/                  |             |
|    approx_kl            | 0.008553487 |
|    clip_fraction        | 0.0775      |
|    clip_range           | 0.2         |
|    entropy_loss         | -1.01       |
|    explained_variance   | 0.98        |
|    learning_rate        | 0.0003      |
|    loss                 | -0.00308    |
|    n_updates            | 3385        |
|    policy_gradient_loss | -0.00403    |
|    value_loss           | 0.0335      |
-----------------------------------------
-----------------------------------------
| rollout/                |             |
|    ep_len_mean          | 467         |
|    ep_rew_mean          | 252         |
| time/                   |             |
|    fps                  | 262         |
|    iterations           | 312         |
|    time_elapsed         | 9737        |
|    total_timesteps      | 5562368     |
| train/                  |             |
|    approx_kl            | 0.009539392 |
|    clip_fraction        | 0.0967      |
|    clip_range           | 0.2         |
|    entropy_loss         | -1.02       |
|    explained_variance   | 0.977       |
|    learning_rate        | 0.0003      |
|    loss                 | -0.00261    |
|    n_updates            | 3390        |
|    policy_gradient_loss | -0.00456    |
|    value_loss           | 0.0397      |
-----------------------------------------
-----------------------------------------
| rollout/                |             |
|    ep_len_mean          | 472         |
|    ep_rew_mean          | 255         |
| time/                   |             |
|    fps                  | 262         |
|    iterations           | 313         |
|    time_elapsed         | 9767        |
|    total_timesteps      | 5570560     |
| train/                  |             |
|    approx_kl            | 0.012011668 |
|    clip_fraction        | 0.0817      |
|    clip_range           | 0.2         |
|    entropy_loss         | -1.01       |
|    explained_variance   | 0.977       |
|    learning_rate        | 0.0003      |
|    loss                 | -0.00433    |
|    n_updates            | 3395        |
|    policy_gradient_loss | -0.00287    |
|    value_loss           | 0.0395      |
-----------------------------------------
-----------------------------------------
| rollout/                |             |
|    ep_len_mean          | 471         |
|    ep_rew_mean          | 256         |
| time/                   |             |
|    fps                  | 262         |
|    iterations           | 314         |
|    time_elapsed         | 9796        |
|    total_timesteps      | 5578752     |
| train/                  |             |
|    approx_kl            | 0.009003105 |
|    clip_fraction        | 0.08        |
|    clip_range           | 0.2         |
|    entropy_loss         | -1.02       |
|    explained_variance   | 0.963       |
|    learning_rate        | 0.0003      |
|    loss                 | -0.00502    |
|    n_updates            | 3400        |
|    policy_gradient_loss | -0.0048     |
|    value_loss           | 0.0536      |
-----------------------------------------
-----------------------------------------
| rollout/                |             |
|    ep_len_mean          | 464         |
|    ep_rew_mean          | 252         |
| time/                   |             |
|    fps                  | 262         |
|    iterations           | 315         |
|    time_elapsed         | 9825        |
|    total_timesteps      | 5586944     |
| train/                  |             |
|    approx_kl            | 0.008417682 |
|    clip_fraction        | 0.0714      |
|    clip_range           | 0.2         |
|    entropy_loss         | -1.01       |
|    explained_variance   | 0.972       |
|    learning_rate        | 0.0003      |
|    loss                 | 0.0218      |
|    n_updates            | 3405        |
|    policy_gradient_loss | -0.00355    |
|    value_loss           | 0.0448      |
-----------------------------------------
---------------------------------------
| rollout/                |           |
|    ep_len_mean          | 455       |
|    ep_rew_mean          | 248       |
| time/                   |           |
|    fps                  | 262       |
|    iterations           | 316       |
|    time_elapsed         | 9855      |
|    total_timesteps      | 5595136   |
| train/                  |           |
|    approx_kl            | 0.0092791 |
|    clip_fraction        | 0.0906    |
|    clip_range           | 0.2       |
|    entropy_loss         | -1        |
|    explained_variance   | 0.958     |
|    learning_rate        | 0.0003    |
|    loss                 | 0.00956   |
|    n_updates            | 3410      |
|    policy_gradient_loss | -0.00609  |
|    value_loss           | 0.0761    |
---------------------------------------
----------------------------------------
| rollout/                |            |
|    ep_len_mean          | 447        |
|    ep_rew_mean          | 247        |
| time/                   |            |
|    fps                  | 262        |
|    iterations           | 317        |
|    time_elapsed         | 9884       |
|    total_timesteps      | 5603328    |
| train/                  |            |
|    approx_kl            | 0.00793838 |
|    clip_fraction        | 0.0841     |
|    clip_range           | 0.2        |
|    entropy_loss         | -0.974     |
|    explained_variance   | 0.968      |
|    learning_rate        | 0.0003     |
|    loss                 | 0.00179    |
|    n_updates            | 3415       |
|    policy_gradient_loss | -0.00675   |
|    value_loss           | 0.0578     |
----------------------------------------
-----------------------------------------
| rollout/                |             |
|    ep_len_mean          | 441         |
|    ep_rew_mean          | 245         |
| time/                   |             |
|    fps                  | 262         |
|    iterations           | 318         |
|    time_elapsed         | 9914        |
|    total_timesteps      | 5611520     |
| train/                  |             |
|    approx_kl            | 0.006146377 |
|    clip_fraction        | 0.0675      |
|    clip_range           | 0.2         |
|    entropy_loss         | -0.936      |
|    explained_variance   | 0.971       |
|    learning_rate        | 0.0003      |
|    loss                 | 0.000389    |
|    n_updates            | 3420        |
|    policy_gradient_loss | -0.00504    |
|    value_loss           | 0.047       |
-----------------------------------------
----------------------------------------
| rollout/                |            |
|    ep_len_mean          | 430        |
|    ep_rew_mean          | 244        |
| time/                   |            |
|    fps                  | 262        |
|    iterations           | 319        |
|    time_elapsed         | 9943       |
|    total_timesteps      | 5619712    |
| train/                  |            |
|    approx_kl            | 0.00840494 |
|    clip_fraction        | 0.0754     |
|    clip_range           | 0.2        |
|    entropy_loss         | -0.987     |
|    explained_variance   | 0.968      |
|    learning_rate        | 0.0003     |
|    loss                 | 0.00125    |
|    n_updates            | 3425       |
|    policy_gradient_loss | -0.00476   |
|    value_loss           | 0.0504     |
----------------------------------------
------------------------------------------
| rollout/                |              |
|    ep_len_mean          | 424          |
|    ep_rew_mean          | 242          |
| time/                   |              |
|    fps                  | 262          |
|    iterations           | 320          |
|    time_elapsed         | 9976         |
|    total_timesteps      | 5627904      |
| train/                  |              |
|    approx_kl            | 0.0084189605 |
|    clip_fraction        | 0.0901       |
|    clip_range           | 0.2          |
|    entropy_loss         | -0.939       |
|    explained_variance   | 0.96         |
|    learning_rate        | 0.0003       |
|    loss                 | 0.00825      |
|    n_updates            | 3430         |
|    policy_gradient_loss | -0.006       |
|    value_loss           | 0.0718       |
------------------------------------------
-----------------------------------------
| rollout/                |             |
|    ep_len_mean          | 428         |
|    ep_rew_mean          | 248         |
| time/                   |             |
|    fps                  | 262         |
|    iterations           | 321         |
|    time_elapsed         | 10006       |
|    total_timesteps      | 5636096     |
| train/                  |             |
|    approx_kl            | 0.007053982 |
|    clip_fraction        | 0.0811      |
|    clip_range           | 0.2         |
|    entropy_loss         | -0.948      |
|    explained_variance   | 0.969       |
|    learning_rate        | 0.0003      |
|    loss                 | -0.00765    |
|    n_updates            | 3435        |
|    policy_gradient_loss | -0.00514    |
|    value_loss           | 0.047       |
-----------------------------------------
------------------------------------------
| rollout/                |              |
|    ep_len_mean          | 439          |
|    ep_rew_mean          | 251          |
| time/                   |              |
|    fps                  | 262          |
|    iterations           | 322          |
|    time_elapsed         | 10035        |
|    total_timesteps      | 5644288      |
| train/                  |              |
|    approx_kl            | 0.0081150355 |
|    clip_fraction        | 0.0786       |
|    clip_range           | 0.2          |
|    entropy_loss         | -0.971       |
|    explained_variance   | 0.969        |
|    learning_rate        | 0.0003       |
|    loss                 | 0.00876      |
|    n_updates            | 3440         |
|    policy_gradient_loss | -0.00571     |
|    value_loss           | 0.047        |
------------------------------------------
-----------------------------------------
| rollout/                |             |
|    ep_len_mean          | 449         |
|    ep_rew_mean          | 254         |
| time/                   |             |
|    fps                  | 262         |
|    iterations           | 323         |
|    time_elapsed         | 10065       |
|    total_timesteps      | 5652480     |
| train/                  |             |
|    approx_kl            | 0.009181552 |
|    clip_fraction        | 0.0964      |
|    clip_range           | 0.2         |
|    entropy_loss         | -1.01       |
|    explained_variance   | 0.958       |
|    learning_rate        | 0.0003      |
|    loss                 | 0.0141      |
|    n_updates            | 3445        |
|    policy_gradient_loss | -0.00478    |
|    value_loss           | 0.0618      |
-----------------------------------------
-----------------------------------------
| rollout/                |             |
|    ep_len_mean          | 452         |
|    ep_rew_mean          | 256         |
| time/                   |             |
|    fps                  | 262         |
|    iterations           | 324         |
|    time_elapsed         | 10095       |
|    total_timesteps      | 5660672     |
| train/                  |             |
|    approx_kl            | 0.008201961 |
|    clip_fraction        | 0.0907      |
|    clip_range           | 0.2         |
|    entropy_loss         | -0.967      |
|    explained_variance   | 0.968       |
|    learning_rate        | 0.0003      |
|    loss                 | -0.0112     |
|    n_updates            | 3450        |
|    policy_gradient_loss | -0.00558    |
|    value_loss           | 0.0439      |
-----------------------------------------
------------------------------------------
| rollout/                |              |
|    ep_len_mean          | 456          |
|    ep_rew_mean          | 258          |
| time/                   |              |
|    fps                  | 262          |
|    iterations           | 325          |
|    time_elapsed         | 10125        |
|    total_timesteps      | 5668864      |
| train/                  |              |
|    approx_kl            | 0.0077426853 |
|    clip_fraction        | 0.0783       |
|    clip_range           | 0.2          |
|    entropy_loss         | -0.913       |
|    explained_variance   | 0.97         |
|    learning_rate        | 0.0003       |
|    loss                 | 0.000603     |
|    n_updates            | 3455         |
|    policy_gradient_loss | -0.00451     |
|    value_loss           | 0.0427       |
------------------------------------------
------------------------------------------
| rollout/                |              |
|    ep_len_mean          | 456          |
|    ep_rew_mean          | 258          |
| time/                   |              |
|    fps                  | 262          |
|    iterations           | 326          |
|    time_elapsed         | 10155        |
|    total_timesteps      | 5677056      |
| train/                  |              |
|    approx_kl            | 0.0090415515 |
|    clip_fraction        | 0.0901       |
|    clip_range           | 0.2          |
|    entropy_loss         | -0.958       |
|    explained_variance   | 0.957        |
|    learning_rate        | 0.0003       |
|    loss                 | 0.00636      |
|    n_updates            | 3460         |
|    policy_gradient_loss | -0.00497     |
|    value_loss           | 0.0563       |
------------------------------------------
-----------------------------------------
| rollout/                |             |
|    ep_len_mean          | 440         |
|    ep_rew_mean          | 250         |
| time/                   |             |
|    fps                  | 263         |
|    iterations           | 327         |
|    time_elapsed         | 10184       |
|    total_timesteps      | 5685248     |
| train/                  |             |
|    approx_kl            | 0.009843871 |
|    clip_fraction        | 0.0719      |
|    clip_range           | 0.2         |
|    entropy_loss         | -0.93       |
|    explained_variance   | 0.962       |
|    learning_rate        | 0.0003      |
|    loss                 | 0.00705     |
|    n_updates            | 3465        |
|    policy_gradient_loss | -0.00284    |
|    value_loss           | 0.0555      |
-----------------------------------------
-----------------------------------------
| rollout/                |             |
|    ep_len_mean          | 431         |
|    ep_rew_mean          | 248         |
| time/                   |             |
|    fps                  | 263         |
|    iterations           | 328         |
|    time_elapsed         | 10214       |
|    total_timesteps      | 5693440     |
| train/                  |             |
|    approx_kl            | 0.010503587 |
|    clip_fraction        | 0.101       |
|    clip_range           | 0.2         |
|    entropy_loss         | -0.926      |
|    explained_variance   | 0.95        |
|    learning_rate        | 0.0003      |
|    loss                 | 0.0123      |
|    n_updates            | 3470        |
|    policy_gradient_loss | -0.00548    |
|    value_loss           | 0.073       |
-----------------------------------------
[Checkpoint] Saved at 5700000 steps > C:\Users\Admin\Desktop\disciple\realnewdisciples-main\Big_map\campaign_checkpoints\super-last-stand-capital-6m-20260913-132436\campaign_ppo_step_5700000.zip
------------------------------------------
| rollout/                |              |
|    ep_len_mean          | 431          |
|    ep_rew_mean          | 244          |
| time/                   |              |
|    fps                  | 263          |
|    iterations           | 329          |
|    time_elapsed         | 10243        |
|    total_timesteps      | 5701632      |
| train/                  |              |
|    approx_kl            | 0.0075625805 |
|    clip_fraction        | 0.0765       |
|    clip_range           | 0.2          |
|    entropy_loss         | -0.979       |
|    explained_variance   | 0.962        |
|    learning_rate        | 0.0003       |
|    loss                 | 0.013        |
|    n_updates            | 3475         |
|    policy_gradient_loss | -0.00355     |
|    value_loss           | 0.0569       |
------------------------------------------
Eval num_timesteps=5706464, det_reward=210.71 +/- 45.83
Episode length: det=320.75 +/- 76.82
Victory rate: det=0.00%
-------------------------------------------------
| eval/                           |             |
|    deterministic_mean_ep_length | 321         |
|    deterministic_mean_reward    | 211         |
|    deterministic_victory_rate   | 0           |
|    mean_ep_length               | 321         |
|    mean_reward                  | 211         |
|    victory_rate                 | 0           |
| time/                           |             |
|    total_timesteps              | 5706464     |
| train/                          |             |
|    approx_kl                    | 0.013040711 |
|    clip_fraction                | 0.0996      |
|    clip_range                   | 0.2         |
|    entropy_loss                 | -1.03       |
|    explained_variance           | 0.966       |
|    learning_rate                | 0.0003      |
|    loss                         | 0.00172     |
|    n_updates                    | 3480        |
|    policy_gradient_loss         | -0.00456    |
|    value_loss                   | 0.0523      |
-------------------------------------------------
---------------------------------
| rollout/           |          |
|    ep_len_mean     | 438      |
|    ep_rew_mean     | 245      |
| time/              |          |
|    fps             | 262      |
|    iterations      | 330      |
|    time_elapsed    | 10295    |
|    total_timesteps | 5709824  |
---------------------------------
-----------------------------------------
| rollout/                |             |
|    ep_len_mean          | 441         |
|    ep_rew_mean          | 242         |
| time/                   |             |
|    fps                  | 262         |
|    iterations           | 331         |
|    time_elapsed         | 10325       |
|    total_timesteps      | 5718016     |
| train/                  |             |
|    approx_kl            | 0.009613156 |
|    clip_fraction        | 0.0863      |
|    clip_range           | 0.2         |
|    entropy_loss         | -0.998      |
|    explained_variance   | 0.968       |
|    learning_rate        | 0.0003      |
|    loss                 | 0.00526     |
|    n_updates            | 3485        |
|    policy_gradient_loss | -0.00591    |
|    value_loss           | 0.0521      |
-----------------------------------------
-----------------------------------------
| rollout/                |             |
|    ep_len_mean          | 447         |
|    ep_rew_mean          | 242         |
| time/                   |             |
|    fps                  | 262         |
|    iterations           | 332         |
|    time_elapsed         | 10355       |
|    total_timesteps      | 5726208     |
| train/                  |             |
|    approx_kl            | 0.010333764 |
|    clip_fraction        | 0.0897      |
|    clip_range           | 0.2         |
|    entropy_loss         | -1.03       |
|    explained_variance   | 0.958       |
|    learning_rate        | 0.0003      |
|    loss                 | 0.00709     |
|    n_updates            | 3490        |
|    policy_gradient_loss | -0.00585    |
|    value_loss           | 0.0605      |
-----------------------------------------
-----------------------------------------
| rollout/                |             |
|    ep_len_mean          | 445         |
|    ep_rew_mean          | 241         |
| time/                   |             |
|    fps                  | 262         |
|    iterations           | 333         |
|    time_elapsed         | 10384       |
|    total_timesteps      | 5734400     |
| train/                  |             |
|    approx_kl            | 0.008753679 |
|    clip_fraction        | 0.0805      |
|    clip_range           | 0.2         |
|    entropy_loss         | -0.956      |
|    explained_variance   | 0.962       |
|    learning_rate        | 0.0003      |
|    loss                 | 0.00423     |
|    n_updates            | 3495        |
|    policy_gradient_loss | -0.00374    |
|    value_loss           | 0.0559      |
-----------------------------------------
-----------------------------------------
| rollout/                |             |
|    ep_len_mean          | 445         |
|    ep_rew_mean          | 241         |
| time/                   |             |
|    fps                  | 262         |
|    iterations           | 334         |
|    time_elapsed         | 10414       |
|    total_timesteps      | 5742592     |
| train/                  |             |
|    approx_kl            | 0.008711619 |
|    clip_fraction        | 0.081       |
|    clip_range           | 0.2         |
|    entropy_loss         | -0.984      |
|    explained_variance   | 0.971       |
|    learning_rate        | 0.0003      |
|    loss                 | -0.00339    |
|    n_updates            | 3500        |
|    policy_gradient_loss | -0.00493    |
|    value_loss           | 0.0393      |
-----------------------------------------
-----------------------------------------
| rollout/                |             |
|    ep_len_mean          | 436         |
|    ep_rew_mean          | 235         |
| time/                   |             |
|    fps                  | 262         |
|    iterations           | 335         |
|    time_elapsed         | 10443       |
|    total_timesteps      | 5750784     |
| train/                  |             |
|    approx_kl            | 0.008563029 |
|    clip_fraction        | 0.0772      |
|    clip_range           | 0.2         |
|    entropy_loss         | -1          |
|    explained_variance   | 0.961       |
|    learning_rate        | 0.0003      |
|    loss                 | 0.0036      |
|    n_updates            | 3505        |
|    policy_gradient_loss | -0.00593    |
|    value_loss           | 0.0519      |
-----------------------------------------
----------------------------------------
| rollout/                |            |
|    ep_len_mean          | 439        |
|    ep_rew_mean          | 237        |
| time/                   |            |
|    fps                  | 262        |
|    iterations           | 336        |
|    time_elapsed         | 10473      |
|    total_timesteps      | 5758976    |
| train/                  |            |
|    approx_kl            | 0.00843295 |
|    clip_fraction        | 0.0921     |
|    clip_range           | 0.2        |
|    entropy_loss         | -0.994     |
|    explained_variance   | 0.957      |
|    learning_rate        | 0.0003     |
|    loss                 | 0.017      |
|    n_updates            | 3510       |
|    policy_gradient_loss | -0.00426   |
|    value_loss           | 0.0672     |
----------------------------------------
-----------------------------------------
| rollout/                |             |
|    ep_len_mean          | 449         |
|    ep_rew_mean          | 242         |
| time/                   |             |
|    fps                  | 262         |
|    iterations           | 337         |
|    time_elapsed         | 10502       |
|    total_timesteps      | 5767168     |
| train/                  |             |
|    approx_kl            | 0.009368381 |
|    clip_fraction        | 0.103       |
|    clip_range           | 0.2         |
|    entropy_loss         | -1.02       |
|    explained_variance   | 0.965       |
|    learning_rate        | 0.0003      |
|    loss                 | -0.00196    |
|    n_updates            | 3515        |
|    policy_gradient_loss | -0.00536    |
|    value_loss           | 0.052       |
-----------------------------------------
-----------------------------------------
| rollout/                |             |
|    ep_len_mean          | 457         |
|    ep_rew_mean          | 246         |
| time/                   |             |
|    fps                  | 262         |
|    iterations           | 338         |
|    time_elapsed         | 10532       |
|    total_timesteps      | 5775360     |
| train/                  |             |
|    approx_kl            | 0.008929228 |
|    clip_fraction        | 0.0982      |
|    clip_range           | 0.2         |
|    entropy_loss         | -1.02       |
|    explained_variance   | 0.971       |
|    learning_rate        | 0.0003      |
|    loss                 | -0.000993   |
|    n_updates            | 3520        |
|    policy_gradient_loss | -0.00508    |
|    value_loss           | 0.0412      |
-----------------------------------------
-----------------------------------------
| rollout/                |             |
|    ep_len_mean          | 458         |
|    ep_rew_mean          | 242         |
| time/                   |             |
|    fps                  | 262         |
|    iterations           | 339         |
|    time_elapsed         | 10561       |
|    total_timesteps      | 5783552     |
| train/                  |             |
|    approx_kl            | 0.008006504 |
|    clip_fraction        | 0.0849      |
|    clip_range           | 0.2         |
|    entropy_loss         | -1.01       |
|    explained_variance   | 0.963       |
|    learning_rate        | 0.0003      |
|    loss                 | 0.00956     |
|    n_updates            | 3525        |
|    policy_gradient_loss | -0.00472    |
|    value_loss           | 0.0479      |
-----------------------------------------
------------------------------------------
| rollout/                |              |
|    ep_len_mean          | 464          |
|    ep_rew_mean          | 249          |
| time/                   |              |
|    fps                  | 262          |
|    iterations           | 340          |
|    time_elapsed         | 10591        |
|    total_timesteps      | 5791744      |
| train/                  |              |
|    approx_kl            | 0.0100977775 |
|    clip_fraction        | 0.0806       |
|    clip_range           | 0.2          |
|    entropy_loss         | -0.992       |
|    explained_variance   | 0.963        |
|    learning_rate        | 0.0003       |
|    loss                 | -0.00294     |
|    n_updates            | 3530         |
|    policy_gradient_loss | -0.00538     |
|    value_loss           | 0.0535       |
------------------------------------------
-----------------------------------------
| rollout/                |             |
|    ep_len_mean          | 458         |
|    ep_rew_mean          | 248         |
| time/                   |             |
|    fps                  | 263         |
|    iterations           | 341         |
|    time_elapsed         | 10620       |
|    total_timesteps      | 5799936     |
| train/                  |             |
|    approx_kl            | 0.009138146 |
|    clip_fraction        | 0.0817      |
|    clip_range           | 0.2         |
|    entropy_loss         | -0.984      |
|    explained_variance   | 0.957       |
|    learning_rate        | 0.0003      |
|    loss                 | -0.00517    |
|    n_updates            | 3535        |
|    policy_gradient_loss | -0.00679    |
|    value_loss           | 0.0515      |
-----------------------------------------
-----------------------------------------
| rollout/                |             |
|    ep_len_mean          | 462         |
|    ep_rew_mean          | 251         |
| time/                   |             |
|    fps                  | 263         |
|    iterations           | 342         |
|    time_elapsed         | 10650       |
|    total_timesteps      | 5808128     |
| train/                  |             |
|    approx_kl            | 0.008257583 |
|    clip_fraction        | 0.0885      |
|    clip_range           | 0.2         |
|    entropy_loss         | -0.978      |
|    explained_variance   | 0.965       |
|    learning_rate        | 0.0003      |
|    loss                 | 0.00179     |
|    n_updates            | 3540        |
|    policy_gradient_loss | -0.00483    |
|    value_loss           | 0.0485      |
-----------------------------------------
-----------------------------------------
| rollout/                |             |
|    ep_len_mean          | 438         |
|    ep_rew_mean          | 239         |
| time/                   |             |
|    fps                  | 263         |
|    iterations           | 343         |
|    time_elapsed         | 10680       |
|    total_timesteps      | 5816320     |
| train/                  |             |
|    approx_kl            | 0.008297777 |
|    clip_fraction        | 0.102       |
|    clip_range           | 0.2         |
|    entropy_loss         | -0.98       |
|    explained_variance   | 0.971       |
|    learning_rate        | 0.0003      |
|    loss                 | -0.00905    |
|    n_updates            | 3545        |
|    policy_gradient_loss | -0.00496    |
|    value_loss           | 0.0416      |
-----------------------------------------
-----------------------------------------
| rollout/                |             |
|    ep_len_mean          | 437         |
|    ep_rew_mean          | 242         |
| time/                   |             |
|    fps                  | 263         |
|    iterations           | 344         |
|    time_elapsed         | 10709       |
|    total_timesteps      | 5824512     |
| train/                  |             |
|    approx_kl            | 0.009085959 |
|    clip_fraction        | 0.0805      |
|    clip_range           | 0.2         |
|    entropy_loss         | -0.953      |
|    explained_variance   | 0.955       |
|    learning_rate        | 0.0003      |
|    loss                 | 0.00272     |
|    n_updates            | 3550        |
|    policy_gradient_loss | -0.00546    |
|    value_loss           | 0.0644      |
-----------------------------------------
-----------------------------------------
| rollout/                |             |
|    ep_len_mean          | 437         |
|    ep_rew_mean          | 242         |
| time/                   |             |
|    fps                  | 263         |
|    iterations           | 345         |
|    time_elapsed         | 10739       |
|    total_timesteps      | 5832704     |
| train/                  |             |
|    approx_kl            | 0.009814236 |
|    clip_fraction        | 0.0959      |
|    clip_range           | 0.2         |
|    entropy_loss         | -1.01       |
|    explained_variance   | 0.956       |
|    learning_rate        | 0.0003      |
|    loss                 | 0.00792     |
|    n_updates            | 3555        |
|    policy_gradient_loss | -0.00531    |
|    value_loss           | 0.06        |
-----------------------------------------
-----------------------------------------
| rollout/                |             |
|    ep_len_mean          | 447         |
|    ep_rew_mean          | 247         |
| time/                   |             |
|    fps                  | 263         |
|    iterations           | 346         |
|    time_elapsed         | 10768       |
|    total_timesteps      | 5840896     |
| train/                  |             |
|    approx_kl            | 0.008758579 |
|    clip_fraction        | 0.0977      |
|    clip_range           | 0.2         |
|    entropy_loss         | -1.01       |
|    explained_variance   | 0.961       |
|    learning_rate        | 0.0003      |
|    loss                 | -0.000351   |
|    n_updates            | 3560        |
|    policy_gradient_loss | -0.0055     |
|    value_loss           | 0.0506      |
-----------------------------------------
----------------------------------------
| rollout/                |            |
|    ep_len_mean          | 444        |
|    ep_rew_mean          | 247        |
| time/                   |            |
|    fps                  | 263        |
|    iterations           | 347        |
|    time_elapsed         | 10798      |
|    total_timesteps      | 5849088    |
| train/                  |            |
|    approx_kl            | 0.01007716 |
|    clip_fraction        | 0.111      |
|    clip_range           | 0.2        |
|    entropy_loss         | -0.989     |
|    explained_variance   | 0.955      |
|    learning_rate        | 0.0003     |
|    loss                 | 0.00292    |
|    n_updates            | 3565       |
|    policy_gradient_loss | -0.00506   |
|    value_loss           | 0.0551     |
----------------------------------------
-----------------------------------------
| rollout/                |             |
|    ep_len_mean          | 439         |
|    ep_rew_mean          | 246         |
| time/                   |             |
|    fps                  | 263         |
|    iterations           | 348         |
|    time_elapsed         | 10827       |
|    total_timesteps      | 5857280     |
| train/                  |             |
|    approx_kl            | 0.009520503 |
|    clip_fraction        | 0.0939      |
|    clip_range           | 0.2         |
|    entropy_loss         | -0.952      |
|    explained_variance   | 0.961       |
|    learning_rate        | 0.0003      |
|    loss                 | -0.00264    |
|    n_updates            | 3570        |
|    policy_gradient_loss | -0.00527    |
|    value_loss           | 0.0496      |
-----------------------------------------
-----------------------------------------
| rollout/                |             |
|    ep_len_mean          | 456         |
|    ep_rew_mean          | 252         |
| time/                   |             |
|    fps                  | 263         |
|    iterations           | 349         |
|    time_elapsed         | 10857       |
|    total_timesteps      | 5865472     |
| train/                  |             |
|    approx_kl            | 0.011313154 |
|    clip_fraction        | 0.107       |
|    clip_range           | 0.2         |
|    entropy_loss         | -0.985      |
|    explained_variance   | 0.943       |
|    learning_rate        | 0.0003      |
|    loss                 | 0.00503     |
|    n_updates            | 3575        |
|    policy_gradient_loss | -0.00529    |
|    value_loss           | 0.0725      |
-----------------------------------------
-----------------------------------------
| rollout/                |             |
|    ep_len_mean          | 451         |
|    ep_rew_mean          | 250         |
| time/                   |             |
|    fps                  | 263         |
|    iterations           | 350         |
|    time_elapsed         | 10886       |
|    total_timesteps      | 5873664     |
| train/                  |             |
|    approx_kl            | 0.008217242 |
|    clip_fraction        | 0.0849      |
|    clip_range           | 0.2         |
|    entropy_loss         | -0.992      |
|    explained_variance   | 0.963       |
|    learning_rate        | 0.0003      |
|    loss                 | 0.00198     |
|    n_updates            | 3580        |
|    policy_gradient_loss | -0.005      |
|    value_loss           | 0.0464      |
-----------------------------------------
----------------------------------------
| rollout/                |            |
|    ep_len_mean          | 454        |
|    ep_rew_mean          | 252        |
| time/                   |            |
|    fps                  | 263        |
|    iterations           | 351        |
|    time_elapsed         | 10916      |
|    total_timesteps      | 5881856    |
| train/                  |            |
|    approx_kl            | 0.00874456 |
|    clip_fraction        | 0.0969     |
|    clip_range           | 0.2        |
|    entropy_loss         | -1.01      |
|    explained_variance   | 0.94       |
|    learning_rate        | 0.0003     |
|    loss                 | 0.0144     |
|    n_updates            | 3585       |
|    policy_gradient_loss | -0.00357   |
|    value_loss           | 0.0715     |
----------------------------------------
-----------------------------------------
| rollout/                |             |
|    ep_len_mean          | 454         |
|    ep_rew_mean          | 251         |
| time/                   |             |
|    fps                  | 263         |
|    iterations           | 352         |
|    time_elapsed         | 10946       |
|    total_timesteps      | 5890048     |
| train/                  |             |
|    approx_kl            | 0.008184912 |
|    clip_fraction        | 0.09        |
|    clip_range           | 0.2         |
|    entropy_loss         | -0.98       |
|    explained_variance   | 0.96        |
|    learning_rate        | 0.0003      |
|    loss                 | -0.00185    |
|    n_updates            | 3590        |
|    policy_gradient_loss | -0.00562    |
|    value_loss           | 0.0423      |
-----------------------------------------
-----------------------------------------
| rollout/                |             |
|    ep_len_mean          | 455         |
|    ep_rew_mean          | 253         |
| time/                   |             |
|    fps                  | 263         |
|    iterations           | 353         |
|    time_elapsed         | 10975       |
|    total_timesteps      | 5898240     |
| train/                  |             |
|    approx_kl            | 0.007316239 |
|    clip_fraction        | 0.0853      |
|    clip_range           | 0.2         |
|    entropy_loss         | -0.967      |
|    explained_variance   | 0.971       |
|    learning_rate        | 0.0003      |
|    loss                 | -0.00233    |
|    n_updates            | 3595        |
|    policy_gradient_loss | -0.00632    |
|    value_loss           | 0.0413      |
-----------------------------------------
-----------------------------------------
| rollout/                |             |
|    ep_len_mean          | 453         |
|    ep_rew_mean          | 251         |
| time/                   |             |
|    fps                  | 263         |
|    iterations           | 354         |
|    time_elapsed         | 11005       |
|    total_timesteps      | 5906432     |
| train/                  |             |
|    approx_kl            | 0.009095209 |
|    clip_fraction        | 0.0926      |
|    clip_range           | 0.2         |
|    entropy_loss         | -0.979      |
|    explained_variance   | 0.957       |
|    learning_rate        | 0.0003      |
|    loss                 | 0.000468    |
|    n_updates            | 3600        |
|    policy_gradient_loss | -0.0062     |
|    value_loss           | 0.052       |
-----------------------------------------
-----------------------------------------
| rollout/                |             |
|    ep_len_mean          | 447         |
|    ep_rew_mean          | 248         |
| time/                   |             |
|    fps                  | 263         |
|    iterations           | 355         |
|    time_elapsed         | 11034       |
|    total_timesteps      | 5914624     |
| train/                  |             |
|    approx_kl            | 0.010878531 |
|    clip_fraction        | 0.0948      |
|    clip_range           | 0.2         |
|    entropy_loss         | -0.975      |
|    explained_variance   | 0.964       |
|    learning_rate        | 0.0003      |
|    loss                 | 0.00736     |
|    n_updates            | 3605        |
|    policy_gradient_loss | -0.00583    |
|    value_loss           | 0.0505      |
-----------------------------------------
-----------------------------------------
| rollout/                |             |
|    ep_len_mean          | 444         |
|    ep_rew_mean          | 245         |
| time/                   |             |
|    fps                  | 263         |
|    iterations           | 356         |
|    time_elapsed         | 11064       |
|    total_timesteps      | 5922816     |
| train/                  |             |
|    approx_kl            | 0.014425118 |
|    clip_fraction        | 0.113       |
|    clip_range           | 0.2         |
|    entropy_loss         | -0.971      |
|    explained_variance   | 0.957       |
|    learning_rate        | 0.0003      |
|    loss                 | 0.0221      |
|    n_updates            | 3610        |
|    policy_gradient_loss | -0.00503    |
|    value_loss           | 0.0641      |
-----------------------------------------
------------------------------------------
| rollout/                |              |
|    ep_len_mean          | 458          |
|    ep_rew_mean          | 249          |
| time/                   |              |
|    fps                  | 263          |
|    iterations           | 357          |
|    time_elapsed         | 11093        |
|    total_timesteps      | 5931008      |
| train/                  |              |
|    approx_kl            | 0.0111422315 |
|    clip_fraction        | 0.104        |
|    clip_range           | 0.2          |
|    entropy_loss         | -1.01        |
|    explained_variance   | 0.953        |
|    learning_rate        | 0.0003       |
|    loss                 | 0.00386      |
|    n_updates            | 3615         |
|    policy_gradient_loss | -0.00572     |
|    value_loss           | 0.0618       |
------------------------------------------
-----------------------------------------
| rollout/                |             |
|    ep_len_mean          | 464         |
|    ep_rew_mean          | 251         |
| time/                   |             |
|    fps                  | 263         |
|    iterations           | 358         |
|    time_elapsed         | 11123       |
|    total_timesteps      | 5939200     |
| train/                  |             |
|    approx_kl            | 0.009077065 |
|    clip_fraction        | 0.0986      |
|    clip_range           | 0.2         |
|    entropy_loss         | -1.06       |
|    explained_variance   | 0.948       |
|    learning_rate        | 0.0003      |
|    loss                 | 0.00402     |
|    n_updates            | 3620        |
|    policy_gradient_loss | -0.00329    |
|    value_loss           | 0.0584      |
-----------------------------------------
-----------------------------------------
| rollout/                |             |
|    ep_len_mean          | 461         |
|    ep_rew_mean          | 249         |
| time/                   |             |
|    fps                  | 263         |
|    iterations           | 359         |
|    time_elapsed         | 11153       |
|    total_timesteps      | 5947392     |
| train/                  |             |
|    approx_kl            | 0.013327096 |
|    clip_fraction        | 0.111       |
|    clip_range           | 0.2         |
|    entropy_loss         | -1.03       |
|    explained_variance   | 0.97        |
|    learning_rate        | 0.0003      |
|    loss                 | -0.00468    |
|    n_updates            | 3625        |
|    policy_gradient_loss | -0.00727    |
|    value_loss           | 0.0359      |
-----------------------------------------
-----------------------------------------
| rollout/                |             |
|    ep_len_mean          | 473         |
|    ep_rew_mean          | 250         |
| time/                   |             |
|    fps                  | 263         |
|    iterations           | 360         |
|    time_elapsed         | 11182       |
|    total_timesteps      | 5955584     |
| train/                  |             |
|    approx_kl            | 0.009233845 |
|    clip_fraction        | 0.0957      |
|    clip_range           | 0.2         |
|    entropy_loss         | -1.01       |
|    explained_variance   | 0.952       |
|    learning_rate        | 0.0003      |
|    loss                 | 0.0123      |
|    n_updates            | 3630        |
|    policy_gradient_loss | -0.00488    |
|    value_loss           | 0.0607      |
-----------------------------------------
-----------------------------------------
| rollout/                |             |
|    ep_len_mean          | 480         |
|    ep_rew_mean          | 252         |
| time/                   |             |
|    fps                  | 263         |
|    iterations           | 361         |
|    time_elapsed         | 11211       |
|    total_timesteps      | 5963776     |
| train/                  |             |
|    approx_kl            | 0.008265912 |
|    clip_fraction        | 0.0893      |
|    clip_range           | 0.2         |
|    entropy_loss         | -1.06       |
|    explained_variance   | 0.96        |
|    learning_rate        | 0.0003      |
|    loss                 | -0.00182    |
|    n_updates            | 3635        |
|    policy_gradient_loss | -0.00494    |
|    value_loss           | 0.0507      |
-----------------------------------------
-----------------------------------------
| rollout/                |             |
|    ep_len_mean          | 486         |
|    ep_rew_mean          | 256         |
| time/                   |             |
|    fps                  | 263         |
|    iterations           | 362         |
|    time_elapsed         | 11241       |
|    total_timesteps      | 5971968     |
| train/                  |             |
|    approx_kl            | 0.009393528 |
|    clip_fraction        | 0.0924      |
|    clip_range           | 0.2         |
|    entropy_loss         | -1.02       |
|    explained_variance   | 0.957       |
|    learning_rate        | 0.0003      |
|    loss                 | 0.00327     |
|    n_updates            | 3640        |
|    policy_gradient_loss | -0.00635    |
|    value_loss           | 0.0473      |
-----------------------------------------
------------------------------------------
| rollout/                |              |
|    ep_len_mean          | 473          |
|    ep_rew_mean          | 252          |
| time/                   |              |
|    fps                  | 263          |
|    iterations           | 363          |
|    time_elapsed         | 11271        |
|    total_timesteps      | 5980160      |
| train/                  |              |
|    approx_kl            | 0.0103377495 |
|    clip_fraction        | 0.0962       |
|    clip_range           | 0.2          |
|    entropy_loss         | -1.01        |
|    explained_variance   | 0.966        |
|    learning_rate        | 0.0003       |
|    loss                 | -0.00755     |
|    n_updates            | 3645         |
|    policy_gradient_loss | -0.00618     |
|    value_loss           | 0.0432       |
------------------------------------------
------------------------------------------
| rollout/                |              |
|    ep_len_mean          | 466          |
|    ep_rew_mean          | 250          |
| time/                   |              |
|    fps                  | 263          |
|    iterations           | 364          |
|    time_elapsed         | 11300        |
|    total_timesteps      | 5988352      |
| train/                  |              |
|    approx_kl            | 0.0092089325 |
|    clip_fraction        | 0.0995       |
|    clip_range           | 0.2          |
|    entropy_loss         | -1.03        |
|    explained_variance   | 0.965        |
|    learning_rate        | 0.0003       |
|    loss                 | -0.00303     |
|    n_updates            | 3650         |
|    policy_gradient_loss | -0.00494     |
|    value_loss           | 0.0539       |
------------------------------------------
-----------------------------------------
| rollout/                |             |
|    ep_len_mean          | 465         |
|    ep_rew_mean          | 252         |
| time/                   |             |
|    fps                  | 263         |
|    iterations           | 365         |
|    time_elapsed         | 11330       |
|    total_timesteps      | 5996544     |
| train/                  |             |
|    approx_kl            | 0.008763012 |
|    clip_fraction        | 0.1         |
|    clip_range           | 0.2         |
|    entropy_loss         | -0.968      |
|    explained_variance   | 0.968       |
|    learning_rate        | 0.0003      |
|    loss                 | 0.00976     |
|    n_updates            | 3655        |
|    policy_gradient_loss | -0.00452    |
|    value_loss           | 0.0484      |
-----------------------------------------
[Checkpoint] Saved at 6000000 steps > C:\Users\Admin\Desktop\disciple\realnewdisciples-main\Big_map\campaign_checkpoints\super-last-stand-capital-6m-20260913-132436\campaign_ppo_step_6000000.zip
-----------------------------------------
| rollout/                |             |
|    ep_len_mean          | 453         |
|    ep_rew_mean          | 249         |
| time/                   |             |
|    fps                  | 263         |
|    iterations           | 366         |
|    time_elapsed         | 11359       |
|    total_timesteps      | 6004736     |
| train/                  |             |
|    approx_kl            | 0.008820977 |
|    clip_fraction        | 0.0884      |
|    clip_range           | 0.2         |
|    entropy_loss         | -0.989      |
|    explained_variance   | 0.962       |
|    learning_rate        | 0.0003      |
|    loss                 | 0.00944     |
|    n_updates            | 3660        |
|    policy_gradient_loss | -0.00472    |
|    value_loss           | 0.0533      |
-----------------------------------------
VecNormalize stats saved: C:\Users\Admin\Desktop\disciple\realnewdisciples-main\Big_map\campaign_models\super-last-stand-capital-6m-20260913-132436/vecnormalize.pkl

Финальная модель сохранена: C:\Users\Admin\Desktop\disciple\realnewdisciples-main\Big_map\campaign_models\super-last-stand-capital-6m-20260913-132436/final_model.zip

============================================================
ИТОГИ ОБУЧЕНИЯ:
  Побед: 0
  Поражений: 8145
  Таймаутов: 0
  Побед бота столицы над врагами: 0
  Перестановок юнитов: 42496
  Терминальные поражения по противникам:
    enemy_110: 1314 — Волна 4 — «Первая сталь» (~1300); Люди
    enemy_117: 1150 — Волна 6 — «Стальной прилив» (~1850); Эльфы
    enemy_108: 975 — Волна 3 — «Разведка боем» (~1050); Эльфы
    enemy_109: 670 — Волна 3 — «Разведка боем» (~1050); Гномы
    enemy_116: 589 — Волна 6 — «Стальной прилив» (~1850); Люди
    enemy_111: 479 — Волна 4 — «Первая сталь» (~1300); Эльфы
    enemy_112: 450 — Волна 4 — «Первая сталь» (~1300); Гномы
    enemy_114: 447 — Волна 5 — «Гвардия героев» (~1650); Эльфы
    enemy_107: 429 — Волна 3 — «Разведка боем» (~1050); Люди
    enemy_113: 386 — Волна 5 — «Гвардия героев» (~1650); Люди
    enemy_115: 370 — Волна 5 — «Гвардия героев» (~1650); Гномы
    enemy_119: 288 — Волна 7 — «Цвет трёх народов» (~2100); Люди
    enemy_118: 239 — Волна 6 — «Стальной прилив» (~1850); Гномы
    enemy_120: 173 — Волна 7 — «Цвет трёх народов» (~2100); Эльфы
    enemy_11: 43 — Гарнизон города сильных варваров
    enemy_123: 28 — Волна 8 — «Ярость ветеранов» (~2350); Эльфы
    enemy_106: 22 — Волна 2 — «Регулярные роты» (~770); Гномы
    enemy_10: 20 — Гарнизон города тёмных эльфов
    enemy_121: 19 — Волна 7 — «Цвет трёх народов» (~2100); Гномы
    enemy_122: 11 — Волна 8 — «Ярость ветеранов» (~2350); Люди
    enemy_2: 10 — Один Мастер оккультист
    enemy_102: 9 — Волна 1 — «Первая волна»; Эльфы
    enemy_104: 7 — Волна 2 — «Регулярные роты» (~770); Люди
    enemy_105: 4 — Волна 2 — «Регулярные роты» (~770); Эльфы
    enemy_70: 4 — Руины: Тролль, Людоед и Гоблин старейшина
    enemy_101: 3 — Волна 1 — «Первая волна»; Люди
    enemy_103: 3 — Волна 1 — «Первая волна»; Гномы
    enemy_71: 1 — Забытые эльфийские руины: нейтральный грифон, эльфийский оракул, лорд эльфов и эльф-рейнджер
    enemy_1: 1 — Один Орк
    enemy_124: 1 — Волна 8 — «Ярость ветеранов» (~2350); Гномы
  Winrate: 0.0%
============================================================
  График призывов за эпизод: C:\Users\Admin\Desktop\disciple\realnewdisciples-main\Big_map\outputs\campaign_summoned_units_per_episode.png
  График призывов за всё обучение: C:\Users\Admin\Desktop\disciple\realnewdisciples-main\Big_map\outputs\campaign_summoned_units_cumulative.png
  График найма за эпизод: C:\Users\Admin\Desktop\disciple\realnewdisciples-main\Big_map\outputs\campaign_hired_units_per_episode.png
  График найма за всё обучение: C:\Users\Admin\Desktop\disciple\realnewdisciples-main\Big_map\outputs\campaign_hired_units_cumulative.png
  График перестановок юнитов за эпизод: C:\Users\Admin\Desktop\disciple\realnewdisciples-main\Big_map\outputs\campaign_unit_swaps_per_episode.png
  График боевых предметов: C:\Users\Admin\Desktop\disciple\realnewdisciples-main\Big_map\outputs\campaign_battle_item_activity.png
  График побед бота столицы за эпизод: C:\Users\Admin\Desktop\disciple\realnewdisciples-main\Big_map\outputs\campaign_scripted_bot_victories_per_episode.png
  График применения заклинаний: C:\Users\Admin\Desktop\disciple\realnewdisciples-main\Big_map\outputs\campaign_spell_cast_activity.png
