Проверка среды CampaignEnv...
Среда прошла проверку!
[INFO] Comet disabled, running without experiment tracking
Создание 4 параллельных сред (dummy)...
[Resume] VecNormalize stats loaded: campaign_checkpoints\super-last-stand-3m-20260912-142514\vecnormalize_step_300000.pkl
Инициализация MaskablePPO...
[Resume] Model loaded: campaign_checkpoints\super-last-stand-3m-20260912-142514\campaign_ppo_step_300000.zip
[Resume] Model timesteps: 300,000

============================================================
Запуск обучения Campaign Agent
Всего шагов: 3,000,000
Параллельных сред: 4
VecEnv: dummy
Seed: 42
Checkpoint каждые: 300,000 шагов
Evaluation каждые: 75,000 шагов
Eval deterministic эпизодов: 20
Eval stochastic эпизодов: 0
Eval лимит шагов на эпизод: 5000
Campaign map: super_last_stand
Campaign objective: waves
System resources at training start:
  Platform: Windows 11 (AMD64)
  Python: 3.14.6
  PyTorch: 2.12.1+cpu
  Training device: cpu
  CPU model: Intel64 Family 6 Model 158 Stepping 10, GenuineIntel
  CPU vendor: unknown
  Logical CPUs visible: 6
  Process CPU affinity: 6
  Sockets: unknown
  Cores per socket: unknown
  Threads per core: unknown
  CPU max MHz: unknown
  CPU min MHz: unknown
  L1d cache: unknown
  L1i cache: unknown
  L2 cache: unknown
  L3 cache: unknown
  Virtualization: unknown
  Hypervisor: unknown
  RAM total: unknown
  RAM available at start: unknown
  Disk total: 237.56 GiB
  Disk free at start: 50.31 GiB
  Torch intra-op threads: 1
  Torch inter-op threads: 1
  OMP_NUM_THREADS: 1
  MKL_NUM_THREADS: 1
  OPENBLAS_NUM_THREADS: 1
PPO n_steps: 2,048
PPO batch_size: 512
PPO n_epochs: 5
PPO learning_rate: 0.0003
PPO clip_range: 0.2
PPO ent_coef: 0.01
PPO gamma: 0.995
PPO gae_lambda: 0.95
PPO target_kl: disabled
PPO gradient batches per rollout: 80
VecCheckNan: enabled
Freeze action layout: enabled
Empire territory: enabled
Torch threads per process: 1
Diagnostics: enabled
Wall-clock training limit: disabled
Diagnostics dir: C:\Users\Admin\Desktop\disciple\realnewdisciples-main\Big_map\campaign_diagnostics\super-last-stand-3m-20260912-142514
Resume model: campaign_checkpoints\super-last-stand-3m-20260912-142514\campaign_ppo_step_300000.zip
Resume VecNormalize: campaign_checkpoints\super-last-stand-3m-20260912-142514\vecnormalize_step_300000.pkl
Resume start timesteps: 300,000
Learn call timesteps: 2,700,000
Reset num timesteps: False
Run ID: super-last-stand-3m-20260912-142514
============================================================

Logging to C:\Users\Admin\Desktop\disciple\realnewdisciples-main\Big_map\campaign_tb_logs\super-last-stand-3m-20260912-142514\MaskablePPO_1
---------------------------------
| rollout/           |          |
|    ep_len_mean     | 329      |
|    ep_rew_mean     | 159      |
| time/              |          |
|    fps             | 312      |
|    iterations      | 1        |
|    time_elapsed    | 26       |
|    total_timesteps | 308192   |
---------------------------------
-----------------------------------------
| rollout/                |             |
|    ep_len_mean          | 316         |
|    ep_rew_mean          | 155         |
| time/                   |             |
|    fps                  | 282         |
|    iterations           | 2           |
|    time_elapsed         | 57          |
|    total_timesteps      | 316384      |
| train/                  |             |
|    approx_kl            | 0.007243964 |
|    clip_fraction        | 0.048       |
|    clip_range           | 0.2         |
|    entropy_loss         | -1.74       |
|    explained_variance   | 0.926       |
|    learning_rate        | 0.0003      |
|    loss                 | -0.00154    |
|    n_updates            | 185         |
|    policy_gradient_loss | -0.00619    |
|    value_loss           | 0.0441      |
-----------------------------------------
-----------------------------------------
| rollout/                |             |
|    ep_len_mean          | 318         |
|    ep_rew_mean          | 156         |
| time/                   |             |
|    fps                  | 269         |
|    iterations           | 3           |
|    time_elapsed         | 91          |
|    total_timesteps      | 324576      |
| train/                  |             |
|    approx_kl            | 0.007902246 |
|    clip_fraction        | 0.0612      |
|    clip_range           | 0.2         |
|    entropy_loss         | -1.75       |
|    explained_variance   | 0.909       |
|    learning_rate        | 0.0003      |
|    loss                 | 0.00168     |
|    n_updates            | 190         |
|    policy_gradient_loss | -0.00805    |
|    value_loss           | 0.0559      |
-----------------------------------------
------------------------------------------
| rollout/                |              |
|    ep_len_mean          | 327          |
|    ep_rew_mean          | 158          |
| time/                   |              |
|    fps                  | 262          |
|    iterations           | 4            |
|    time_elapsed         | 124          |
|    total_timesteps      | 332768       |
| train/                  |              |
|    approx_kl            | 0.0068633906 |
|    clip_fraction        | 0.0396       |
|    clip_range           | 0.2          |
|    entropy_loss         | -1.73        |
|    explained_variance   | 0.933        |
|    learning_rate        | 0.0003       |
|    loss                 | -0.00873     |
|    n_updates            | 195          |
|    policy_gradient_loss | -0.00589     |
|    value_loss           | 0.042        |
------------------------------------------
-----------------------------------------
| rollout/                |             |
|    ep_len_mean          | 320         |
|    ep_rew_mean          | 157         |
| time/                   |             |
|    fps                  | 262         |
|    iterations           | 5           |
|    time_elapsed         | 155         |
|    total_timesteps      | 340960      |
| train/                  |             |
|    approx_kl            | 0.008062301 |
|    clip_fraction        | 0.0669      |
|    clip_range           | 0.2         |
|    entropy_loss         | -1.68       |
|    explained_variance   | 0.932       |
|    learning_rate        | 0.0003      |
|    loss                 | -0.0114     |
|    n_updates            | 200         |
|    policy_gradient_loss | -0.00743    |
|    value_loss           | 0.0401      |
-----------------------------------------
-----------------------------------------
| rollout/                |             |
|    ep_len_mean          | 314         |
|    ep_rew_mean          | 156         |
| time/                   |             |
|    fps                  | 266         |
|    iterations           | 6           |
|    time_elapsed         | 184         |
|    total_timesteps      | 349152      |
| train/                  |             |
|    approx_kl            | 0.007155659 |
|    clip_fraction        | 0.0461      |
|    clip_range           | 0.2         |
|    entropy_loss         | -1.68       |
|    explained_variance   | 0.919       |
|    learning_rate        | 0.0003      |
|    loss                 | -0.00238    |
|    n_updates            | 205         |
|    policy_gradient_loss | -0.00622    |
|    value_loss           | 0.059       |
-----------------------------------------
------------------------------------------
| rollout/                |              |
|    ep_len_mean          | 308          |
|    ep_rew_mean          | 152          |
| time/                   |              |
|    fps                  | 270          |
|    iterations           | 7            |
|    time_elapsed         | 211          |
|    total_timesteps      | 357344       |
| train/                  |              |
|    approx_kl            | 0.0061436873 |
|    clip_fraction        | 0.0375       |
|    clip_range           | 0.2          |
|    entropy_loss         | -1.81        |
|    explained_variance   | 0.945        |
|    learning_rate        | 0.0003       |
|    loss                 | -0.0114      |
|    n_updates            | 210          |
|    policy_gradient_loss | -0.00603     |
|    value_loss           | 0.0589       |
------------------------------------------
-----------------------------------------
| rollout/                |             |
|    ep_len_mean          | 351         |
|    ep_rew_mean          | 141         |
| time/                   |             |
|    fps                  | 270         |
|    iterations           | 8           |
|    time_elapsed         | 242         |
|    total_timesteps      | 365536      |
| train/                  |             |
|    approx_kl            | 0.019405492 |
|    clip_fraction        | 0.0637      |
|    clip_range           | 0.2         |
|    entropy_loss         | -1.8        |
|    explained_variance   | 0.966       |
|    learning_rate        | 0.0003      |
|    loss                 | -0.0151     |
|    n_updates            | 215         |
|    policy_gradient_loss | -0.00752    |
|    value_loss           | 0.0409      |
-----------------------------------------
------------------------------------------
| rollout/                |              |
|    ep_len_mean          | 346          |
|    ep_rew_mean          | 142          |
| time/                   |              |
|    fps                  | 269          |
|    iterations           | 9            |
|    time_elapsed         | 274          |
|    total_timesteps      | 373728       |
| train/                  |              |
|    approx_kl            | 0.0063034194 |
|    clip_fraction        | 0.0405       |
|    clip_range           | 0.2          |
|    entropy_loss         | -1.67        |
|    explained_variance   | 0.937        |
|    learning_rate        | 0.0003       |
|    loss                 | 0.0042       |
|    n_updates            | 220          |
|    policy_gradient_loss | -0.00568     |
|    value_loss           | 0.0484       |
------------------------------------------
------------------------------------------
| rollout/                |              |
|    ep_len_mean          | 361          |
|    ep_rew_mean          | 147          |
| time/                   |              |
|    fps                  | 253          |
|    iterations           | 10           |
|    time_elapsed         | 323          |
|    total_timesteps      | 381920       |
| train/                  |              |
|    approx_kl            | 0.0064784978 |
|    clip_fraction        | 0.0448       |
|    clip_range           | 0.2          |
|    entropy_loss         | -1.66        |
|    explained_variance   | 0.91         |
|    learning_rate        | 0.0003       |
|    loss                 | 0.000345     |
|    n_updates            | 225          |
|    policy_gradient_loss | -0.0058      |
|    value_loss           | 0.0514       |
------------------------------------------
------------------------------------------
| rollout/                |              |
|    ep_len_mean          | 367          |
|    ep_rew_mean          | 151          |
| time/                   |              |
|    fps                  | 253          |
|    iterations           | 11           |
|    time_elapsed         | 354          |
|    total_timesteps      | 390112       |
| train/                  |              |
|    approx_kl            | 0.0066321166 |
|    clip_fraction        | 0.0467       |
|    clip_range           | 0.2          |
|    entropy_loss         | -1.64        |
|    explained_variance   | 0.927        |
|    learning_rate        | 0.0003       |
|    loss                 | -0.00529     |
|    n_updates            | 230          |
|    policy_gradient_loss | -0.00712     |
|    value_loss           | 0.0431       |
------------------------------------------
-----------------------------------------
| rollout/                |             |
|    ep_len_mean          | 316         |
|    ep_rew_mean          | 163         |
| time/                   |             |
|    fps                  | 253         |
|    iterations           | 12          |
|    time_elapsed         | 388         |
|    total_timesteps      | 398304      |
| train/                  |             |
|    approx_kl            | 0.008221582 |
|    clip_fraction        | 0.0582      |
|    clip_range           | 0.2         |
|    entropy_loss         | -1.65       |
|    explained_variance   | 0.939       |
|    learning_rate        | 0.0003      |
|    loss                 | -0.0122     |
|    n_updates            | 235         |
|    policy_gradient_loss | -0.00756    |
|    value_loss           | 0.0403      |
-----------------------------------------
-----------------------------------------
| rollout/                |             |
|    ep_len_mean          | 317         |
|    ep_rew_mean          | 162         |
| time/                   |             |
|    fps                  | 253         |
|    iterations           | 13          |
|    time_elapsed         | 419         |
|    total_timesteps      | 406496      |
| train/                  |             |
|    approx_kl            | 0.006400408 |
|    clip_fraction        | 0.044       |
|    clip_range           | 0.2         |
|    entropy_loss         | -1.58       |
|    explained_variance   | 0.932       |
|    learning_rate        | 0.0003      |
|    loss                 | -0.00446    |
|    n_updates            | 240         |
|    policy_gradient_loss | -0.00669    |
|    value_loss           | 0.0495      |
-----------------------------------------
------------------------------------------
| rollout/                |              |
|    ep_len_mean          | 313          |
|    ep_rew_mean          | 163          |
| time/                   |              |
|    fps                  | 254          |
|    iterations           | 14           |
|    time_elapsed         | 451          |
|    total_timesteps      | 414688       |
| train/                  |              |
|    approx_kl            | 0.0062298602 |
|    clip_fraction        | 0.0402       |
|    clip_range           | 0.2          |
|    entropy_loss         | -1.67        |
|    explained_variance   | 0.917        |
|    learning_rate        | 0.0003       |
|    loss                 | -0.00679     |
|    n_updates            | 245          |
|    policy_gradient_loss | -0.00604     |
|    value_loss           | 0.0525       |
------------------------------------------
------------------------------------------
| rollout/                |              |
|    ep_len_mean          | 309          |
|    ep_rew_mean          | 166          |
| time/                   |              |
|    fps                  | 254          |
|    iterations           | 15           |
|    time_elapsed         | 482          |
|    total_timesteps      | 422880       |
| train/                  |              |
|    approx_kl            | 0.0067686127 |
|    clip_fraction        | 0.0477       |
|    clip_range           | 0.2          |
|    entropy_loss         | -1.66        |
|    explained_variance   | 0.934        |
|    learning_rate        | 0.0003       |
|    loss                 | -0.0151      |
|    n_updates            | 250          |
|    policy_gradient_loss | -0.00739     |
|    value_loss           | 0.0429       |
------------------------------------------
----------------------------------------
| rollout/                |            |
|    ep_len_mean          | 321        |
|    ep_rew_mean          | 165        |
| time/                   |            |
|    fps                  | 255        |
|    iterations           | 16         |
|    time_elapsed         | 512        |
|    total_timesteps      | 431072     |
| train/                  |            |
|    approx_kl            | 0.00678379 |
|    clip_fraction        | 0.049      |
|    clip_range           | 0.2        |
|    entropy_loss         | -1.65      |
|    explained_variance   | 0.94       |
|    learning_rate        | 0.0003     |
|    loss                 | -0.0183    |
|    n_updates            | 255        |
|    policy_gradient_loss | -0.00695   |
|    value_loss           | 0.0395     |
----------------------------------------
-----------------------------------------
| rollout/                |             |
|    ep_len_mean          | 326         |
|    ep_rew_mean          | 167         |
| time/                   |             |
|    fps                  | 257         |
|    iterations           | 17          |
|    time_elapsed         | 540         |
|    total_timesteps      | 439264      |
| train/                  |             |
|    approx_kl            | 0.009238022 |
|    clip_fraction        | 0.0618      |
|    clip_range           | 0.2         |
|    entropy_loss         | -1.71       |
|    explained_variance   | 0.97        |
|    learning_rate        | 0.0003      |
|    loss                 | -0.00538    |
|    n_updates            | 260         |
|    policy_gradient_loss | -0.00555    |
|    value_loss           | 0.0262      |
-----------------------------------------
-----------------------------------------
| rollout/                |             |
|    ep_len_mean          | 373         |
|    ep_rew_mean          | 158         |
| time/                   |             |
|    fps                  | 259         |
|    iterations           | 18          |
|    time_elapsed         | 568         |
|    total_timesteps      | 447456      |
| train/                  |             |
|    approx_kl            | 0.012321483 |
|    clip_fraction        | 0.0532      |
|    clip_range           | 0.2         |
|    entropy_loss         | -1.75       |
|    explained_variance   | 0.972       |
|    learning_rate        | 0.0003      |
|    loss                 | -0.0161     |
|    n_updates            | 265         |
|    policy_gradient_loss | -0.00652    |
|    value_loss           | 0.0308      |
-----------------------------------------
------------------------------------------
| rollout/                |              |
|    ep_len_mean          | 370          |
|    ep_rew_mean          | 158          |
| time/                   |              |
|    fps                  | 259          |
|    iterations           | 19           |
|    time_elapsed         | 600          |
|    total_timesteps      | 455648       |
| train/                  |              |
|    approx_kl            | 0.0050536096 |
|    clip_fraction        | 0.0347       |
|    clip_range           | 0.2          |
|    entropy_loss         | -1.76        |
|    explained_variance   | 0.97         |
|    learning_rate        | 0.0003       |
|    loss                 | -0.0143      |
|    n_updates            | 270          |
|    policy_gradient_loss | -0.00525     |
|    value_loss           | 0.035        |
------------------------------------------
-----------------------------------------
| rollout/                |             |
|    ep_len_mean          | 358         |
|    ep_rew_mean          | 151         |
| time/                   |             |
|    fps                  | 259         |
|    iterations           | 20          |
|    time_elapsed         | 632         |
|    total_timesteps      | 463840      |
| train/                  |             |
|    approx_kl            | 0.006000249 |
|    clip_fraction        | 0.0386      |
|    clip_range           | 0.2         |
|    entropy_loss         | -1.63       |
|    explained_variance   | 0.932       |
|    learning_rate        | 0.0003      |
|    loss                 | -0.0107     |
|    n_updates            | 275         |
|    policy_gradient_loss | -0.00516    |
|    value_loss           | 0.0415      |
-----------------------------------------
-----------------------------------------
| rollout/                |             |
|    ep_len_mean          | 361         |
|    ep_rew_mean          | 150         |
| time/                   |             |
|    fps                  | 258         |
|    iterations           | 21          |
|    time_elapsed         | 665         |
|    total_timesteps      | 472032      |
| train/                  |             |
|    approx_kl            | 0.006569095 |
|    clip_fraction        | 0.0436      |
|    clip_range           | 0.2         |
|    entropy_loss         | -1.69       |
|    explained_variance   | 0.906       |
|    learning_rate        | 0.0003      |
|    loss                 | 0.00238     |
|    n_updates            | 280         |
|    policy_gradient_loss | -0.00652    |
|    value_loss           | 0.0624      |
-----------------------------------------
-----------------------------------------
| rollout/                |             |
|    ep_len_mean          | 312         |
|    ep_rew_mean          | 158         |
| time/                   |             |
|    fps                  | 258         |
|    iterations           | 22          |
|    time_elapsed         | 696         |
|    total_timesteps      | 480224      |
| train/                  |             |
|    approx_kl            | 0.005969834 |
|    clip_fraction        | 0.0351      |
|    clip_range           | 0.2         |
|    entropy_loss         | -1.67       |
|    explained_variance   | 0.935       |
|    learning_rate        | 0.0003      |
|    loss                 | -0.00525    |
|    n_updates            | 285         |
|    policy_gradient_loss | -0.00549    |
|    value_loss           | 0.0403      |
-----------------------------------------
-----------------------------------------
| rollout/                |             |
|    ep_len_mean          | 318         |
|    ep_rew_mean          | 160         |
| time/                   |             |
|    fps                  | 258         |
|    iterations           | 23          |
|    time_elapsed         | 729         |
|    total_timesteps      | 488416      |
| train/                  |             |
|    approx_kl            | 0.006445341 |
|    clip_fraction        | 0.0446      |
|    clip_range           | 0.2         |
|    entropy_loss         | -1.65       |
|    explained_variance   | 0.914       |
|    learning_rate        | 0.0003      |
|    loss                 | -0.0167     |
|    n_updates            | 290         |
|    policy_gradient_loss | -0.0068     |
|    value_loss           | 0.0479      |
-----------------------------------------
------------------------------------------
| rollout/                |              |
|    ep_len_mean          | 332          |
|    ep_rew_mean          | 166          |
| time/                   |              |
|    fps                  | 258          |
|    iterations           | 24           |
|    time_elapsed         | 761          |
|    total_timesteps      | 496608       |
| train/                  |              |
|    approx_kl            | 0.0070398147 |
|    clip_fraction        | 0.0513       |
|    clip_range           | 0.2          |
|    entropy_loss         | -1.65        |
|    explained_variance   | 0.946        |
|    learning_rate        | 0.0003       |
|    loss                 | -0.0101      |
|    n_updates            | 295          |
|    policy_gradient_loss | -0.0066      |
|    value_loss           | 0.0333       |
------------------------------------------
-----------------------------------------
| rollout/                |             |
|    ep_len_mean          | 325         |
|    ep_rew_mean          | 170         |
| time/                   |             |
|    fps                  | 258         |
|    iterations           | 25          |
|    time_elapsed         | 793         |
|    total_timesteps      | 504800      |
| train/                  |             |
|    approx_kl            | 0.005265194 |
|    clip_fraction        | 0.03        |
|    clip_range           | 0.2         |
|    entropy_loss         | -1.65       |
|    explained_variance   | 0.943       |
|    learning_rate        | 0.0003      |
|    loss                 | -0.0122     |
|    n_updates            | 300         |
|    policy_gradient_loss | -0.00523    |
|    value_loss           | 0.0319      |
-----------------------------------------
-----------------------------------------
| rollout/                |             |
|    ep_len_mean          | 322         |
|    ep_rew_mean          | 172         |
| time/                   |             |
|    fps                  | 258         |
|    iterations           | 26          |
|    time_elapsed         | 825         |
|    total_timesteps      | 512992      |
| train/                  |             |
|    approx_kl            | 0.007202074 |
|    clip_fraction        | 0.0489      |
|    clip_range           | 0.2         |
|    entropy_loss         | -1.62       |
|    explained_variance   | 0.947       |
|    learning_rate        | 0.0003      |
|    loss                 | -0.00377    |
|    n_updates            | 305         |
|    policy_gradient_loss | -0.00682    |
|    value_loss           | 0.0355      |
-----------------------------------------
-----------------------------------------
| rollout/                |             |
|    ep_len_mean          | 315         |
|    ep_rew_mean          | 168         |
| time/                   |             |
|    fps                  | 257         |
|    iterations           | 27          |
|    time_elapsed         | 858         |
|    total_timesteps      | 521184      |
| train/                  |             |
|    approx_kl            | 0.005272503 |
|    clip_fraction        | 0.0339      |
|    clip_range           | 0.2         |
|    entropy_loss         | -1.64       |
|    explained_variance   | 0.933       |
|    learning_rate        | 0.0003      |
|    loss                 | -0.0164     |
|    n_updates            | 310         |
|    policy_gradient_loss | -0.00474    |
|    value_loss           | 0.0413      |
-----------------------------------------
------------------------------------------
| rollout/                |              |
|    ep_len_mean          | 312          |
|    ep_rew_mean          | 171          |
| time/                   |              |
|    fps                  | 257          |
|    iterations           | 28           |
|    time_elapsed         | 889          |
|    total_timesteps      | 529376       |
| train/                  |              |
|    approx_kl            | 0.0061925007 |
|    clip_fraction        | 0.044        |
|    clip_range           | 0.2          |
|    entropy_loss         | -1.64        |
|    explained_variance   | 0.938        |
|    learning_rate        | 0.0003       |
|    loss                 | -0.0107      |
|    n_updates            | 315          |
|    policy_gradient_loss | -0.00658     |
|    value_loss           | 0.0388       |
------------------------------------------
------------------------------------------
| rollout/                |              |
|    ep_len_mean          | 312          |
|    ep_rew_mean          | 171          |
| time/                   |              |
|    fps                  | 257          |
|    iterations           | 29           |
|    time_elapsed         | 922          |
|    total_timesteps      | 537568       |
| train/                  |              |
|    approx_kl            | 0.0059644543 |
|    clip_fraction        | 0.0459       |
|    clip_range           | 0.2          |
|    entropy_loss         | -1.61        |
|    explained_variance   | 0.938        |
|    learning_rate        | 0.0003       |
|    loss                 | -0.00914     |
|    n_updates            | 320          |
|    policy_gradient_loss | -0.0065      |
|    value_loss           | 0.0426       |
------------------------------------------
-----------------------------------------
| rollout/                |             |
|    ep_len_mean          | 306         |
|    ep_rew_mean          | 169         |
| time/                   |             |
|    fps                  | 257         |
|    iterations           | 30          |
|    time_elapsed         | 955         |
|    total_timesteps      | 545760      |
| train/                  |             |
|    approx_kl            | 0.005851632 |
|    clip_fraction        | 0.0444      |
|    clip_range           | 0.2         |
|    entropy_loss         | -1.6        |
|    explained_variance   | 0.928       |
|    learning_rate        | 0.0003      |
|    loss                 | -0.000921   |
|    n_updates            | 325         |
|    policy_gradient_loss | -0.00511    |
|    value_loss           | 0.0439      |
-----------------------------------------
-----------------------------------------
| rollout/                |             |
|    ep_len_mean          | 313         |
|    ep_rew_mean          | 171         |
| time/                   |             |
|    fps                  | 257         |
|    iterations           | 31          |
|    time_elapsed         | 986         |
|    total_timesteps      | 553952      |
| train/                  |             |
|    approx_kl            | 0.007147989 |
|    clip_fraction        | 0.0506      |
|    clip_range           | 0.2         |
|    entropy_loss         | -1.62       |
|    explained_variance   | 0.912       |
|    learning_rate        | 0.0003      |
|    loss                 | 0.0106      |
|    n_updates            | 330         |
|    policy_gradient_loss | -0.00659    |
|    value_loss           | 0.0529      |
-----------------------------------------
------------------------------------------
| rollout/                |              |
|    ep_len_mean          | 313          |
|    ep_rew_mean          | 173          |
| time/                   |              |
|    fps                  | 257          |
|    iterations           | 32           |
|    time_elapsed         | 1018         |
|    total_timesteps      | 562144       |
| train/                  |              |
|    approx_kl            | 0.0064653982 |
|    clip_fraction        | 0.0476       |
|    clip_range           | 0.2          |
|    entropy_loss         | -1.61        |
|    explained_variance   | 0.923        |
|    learning_rate        | 0.0003       |
|    loss                 | -0.00319     |
|    n_updates            | 335          |
|    policy_gradient_loss | -0.00658     |
|    value_loss           | 0.0394       |
------------------------------------------
------------------------------------------
| rollout/                |              |
|    ep_len_mean          | 314          |
|    ep_rew_mean          | 173          |
| time/                   |              |
|    fps                  | 257          |
|    iterations           | 33           |
|    time_elapsed         | 1050         |
|    total_timesteps      | 570336       |
| train/                  |              |
|    approx_kl            | 0.0067512207 |
|    clip_fraction        | 0.0412       |
|    clip_range           | 0.2          |
|    entropy_loss         | -1.63        |
|    explained_variance   | 0.92         |
|    learning_rate        | 0.0003       |
|    loss                 | -0.0152      |
|    n_updates            | 340          |
|    policy_gradient_loss | -0.00638     |
|    value_loss           | 0.0444       |
------------------------------------------
-----------------------------------------
| rollout/                |             |
|    ep_len_mean          | 319         |
|    ep_rew_mean          | 180         |
| time/                   |             |
|    fps                  | 257         |
|    iterations           | 34          |
|    time_elapsed         | 1083        |
|    total_timesteps      | 578528      |
| train/                  |             |
|    approx_kl            | 0.007977247 |
|    clip_fraction        | 0.0667      |
|    clip_range           | 0.2         |
|    entropy_loss         | -1.58       |
|    explained_variance   | 0.934       |
|    learning_rate        | 0.0003      |
|    loss                 | -0.0195     |
|    n_updates            | 345         |
|    policy_gradient_loss | -0.00815    |
|    value_loss           | 0.0375      |
-----------------------------------------
------------------------------------------
| rollout/                |              |
|    ep_len_mean          | 306          |
|    ep_rew_mean          | 177          |
| time/                   |              |
|    fps                  | 257          |
|    iterations           | 35           |
|    time_elapsed         | 1115         |
|    total_timesteps      | 586720       |
| train/                  |              |
|    approx_kl            | 0.0064985007 |
|    clip_fraction        | 0.0428       |
|    clip_range           | 0.2          |
|    entropy_loss         | -1.56        |
|    explained_variance   | 0.929        |
|    learning_rate        | 0.0003       |
|    loss                 | -0.00438     |
|    n_updates            | 350          |
|    policy_gradient_loss | -0.00578     |
|    value_loss           | 0.0417       |
------------------------------------------
-----------------------------------------
| rollout/                |             |
|    ep_len_mean          | 313         |
|    ep_rew_mean          | 181         |
| time/                   |             |
|    fps                  | 256         |
|    iterations           | 36          |
|    time_elapsed         | 1148        |
|    total_timesteps      | 594912      |
| train/                  |             |
|    approx_kl            | 0.008000756 |
|    clip_fraction        | 0.0719      |
|    clip_range           | 0.2         |
|    entropy_loss         | -1.58       |
|    explained_variance   | 0.92        |
|    learning_rate        | 0.0003      |
|    loss                 | -0.0077     |
|    n_updates            | 355         |
|    policy_gradient_loss | -0.00621    |
|    value_loss           | 0.056       |
-----------------------------------------
[Checkpoint] Saved at 600000 steps > C:\Users\Admin\Desktop\disciple\realnewdisciples-main\Big_map\campaign_checkpoints\super-last-stand-3m-20260912-142514\campaign_ppo_step_600000.zip
Eval num_timesteps=600000, det_reward=175.06 +/- 21.86
Episode length: det=291.60 +/- 87.16
Victory rate: det=0.00%
-------------------------------------------------
| eval/                           |             |
|    deterministic_mean_ep_length | 292         |
|    deterministic_mean_reward    | 175         |
|    deterministic_victory_rate   | 0           |
|    mean_ep_length               | 292         |
|    mean_reward                  | 175         |
|    victory_rate                 | 0           |
| time/                           |             |
|    total_timesteps              | 600000      |
| train/                          |             |
|    approx_kl                    | 0.005404048 |
|    clip_fraction                | 0.0396      |
|    clip_range                   | 0.2         |
|    entropy_loss                 | -1.52       |
|    explained_variance           | 0.935       |
|    learning_rate                | 0.0003      |
|    loss                         | -0.00449    |
|    n_updates                    | 360         |
|    policy_gradient_loss         | -0.00546    |
|    value_loss                   | 0.0357      |
-------------------------------------------------
New best model by deterministic victory rate!
---------------------------------
| rollout/           |          |
|    ep_len_mean     | 319      |
|    ep_rew_mean     | 181      |
| time/              |          |
|    fps             | 251      |
|    iterations      | 37       |
|    time_elapsed    | 1203     |
|    total_timesteps | 603104   |
---------------------------------
------------------------------------------
| rollout/                |              |
|    ep_len_mean          | 318          |
|    ep_rew_mean          | 184          |
| time/                   |              |
|    fps                  | 251          |
|    iterations           | 38           |
|    time_elapsed         | 1237         |
|    total_timesteps      | 611296       |
| train/                  |              |
|    approx_kl            | 0.0045393063 |
|    clip_fraction        | 0.0305       |
|    clip_range           | 0.2          |
|    entropy_loss         | -1.58        |
|    explained_variance   | 0.932        |
|    learning_rate        | 0.0003       |
|    loss                 | -0.00443     |
|    n_updates            | 365          |
|    policy_gradient_loss | -0.0048      |
|    value_loss           | 0.0407       |
------------------------------------------
-----------------------------------------
| rollout/                |             |
|    ep_len_mean          | 307         |
|    ep_rew_mean          | 182         |
| time/                   |             |
|    fps                  | 251         |
|    iterations           | 39          |
|    time_elapsed         | 1269        |
|    total_timesteps      | 619488      |
| train/                  |             |
|    approx_kl            | 0.006796447 |
|    clip_fraction        | 0.0558      |
|    clip_range           | 0.2         |
|    entropy_loss         | -1.48       |
|    explained_variance   | 0.937       |
|    learning_rate        | 0.0003      |
|    loss                 | -0.0108     |
|    n_updates            | 370         |
|    policy_gradient_loss | -0.00674    |
|    value_loss           | 0.036       |
-----------------------------------------
------------------------------------------
| rollout/                |              |
|    ep_len_mean          | 300          |
|    ep_rew_mean          | 180          |
| time/                   |              |
|    fps                  | 251          |
|    iterations           | 40           |
|    time_elapsed         | 1300         |
|    total_timesteps      | 627680       |
| train/                  |              |
|    approx_kl            | 0.0053824773 |
|    clip_fraction        | 0.0431       |
|    clip_range           | 0.2          |
|    entropy_loss         | -1.53        |
|    explained_variance   | 0.899        |
|    learning_rate        | 0.0003       |
|    loss                 | -0.00378     |
|    n_updates            | 375          |
|    policy_gradient_loss | -0.00639     |
|    value_loss           | 0.0639       |
------------------------------------------
------------------------------------------
| rollout/                |              |
|    ep_len_mean          | 296          |
|    ep_rew_mean          | 179          |
| time/                   |              |
|    fps                  | 251          |
|    iterations           | 41           |
|    time_elapsed         | 1333         |
|    total_timesteps      | 635872       |
| train/                  |              |
|    approx_kl            | 0.0051135113 |
|    clip_fraction        | 0.0369       |
|    clip_range           | 0.2          |
|    entropy_loss         | -1.49        |
|    explained_variance   | 0.937        |
|    learning_rate        | 0.0003       |
|    loss                 | -0.00587     |
|    n_updates            | 380          |
|    policy_gradient_loss | -0.00518     |
|    value_loss           | 0.0376       |
------------------------------------------
------------------------------------------
| rollout/                |              |
|    ep_len_mean          | 292          |
|    ep_rew_mean          | 180          |
| time/                   |              |
|    fps                  | 252          |
|    iterations           | 42           |
|    time_elapsed         | 1365         |
|    total_timesteps      | 644064       |
| train/                  |              |
|    approx_kl            | 0.0063333106 |
|    clip_fraction        | 0.0413       |
|    clip_range           | 0.2          |
|    entropy_loss         | -1.5         |
|    explained_variance   | 0.924        |
|    learning_rate        | 0.0003       |
|    loss                 | 0.00735      |
|    n_updates            | 385          |
|    policy_gradient_loss | -0.00541     |
|    value_loss           | 0.0494       |
------------------------------------------
-----------------------------------------
| rollout/                |             |
|    ep_len_mean          | 300         |
|    ep_rew_mean          | 182         |
| time/                   |             |
|    fps                  | 252         |
|    iterations           | 43          |
|    time_elapsed         | 1397        |
|    total_timesteps      | 652256      |
| train/                  |             |
|    approx_kl            | 0.005873846 |
|    clip_fraction        | 0.0408      |
|    clip_range           | 0.2         |
|    entropy_loss         | -1.5        |
|    explained_variance   | 0.928       |
|    learning_rate        | 0.0003      |
|    loss                 | -0.00346    |
|    n_updates            | 390         |
|    policy_gradient_loss | -0.00509    |
|    value_loss           | 0.0522      |
-----------------------------------------
-----------------------------------------
| rollout/                |             |
|    ep_len_mean          | 295         |
|    ep_rew_mean          | 180         |
| time/                   |             |
|    fps                  | 252         |
|    iterations           | 44          |
|    time_elapsed         | 1428        |
|    total_timesteps      | 660448      |
| train/                  |             |
|    approx_kl            | 0.007556935 |
|    clip_fraction        | 0.0452      |
|    clip_range           | 0.2         |
|    entropy_loss         | -1.52       |
|    explained_variance   | 0.926       |
|    learning_rate        | 0.0003      |
|    loss                 | -0.00762    |
|    n_updates            | 395         |
|    policy_gradient_loss | -0.00641    |
|    value_loss           | 0.044       |
-----------------------------------------
-----------------------------------------
| rollout/                |             |
|    ep_len_mean          | 291         |
|    ep_rew_mean          | 178         |
| time/                   |             |
|    fps                  | 252         |
|    iterations           | 45          |
|    time_elapsed         | 1459        |
|    total_timesteps      | 668640      |
| train/                  |             |
|    approx_kl            | 0.008409737 |
|    clip_fraction        | 0.0638      |
|    clip_range           | 0.2         |
|    entropy_loss         | -1.54       |
|    explained_variance   | 0.94        |
|    learning_rate        | 0.0003      |
|    loss                 | -0.00433    |
|    n_updates            | 400         |
|    policy_gradient_loss | -0.00612    |
|    value_loss           | 0.0431      |
-----------------------------------------
-----------------------------------------
| rollout/                |             |
|    ep_len_mean          | 301         |
|    ep_rew_mean          | 176         |
| time/                   |             |
|    fps                  | 252         |
|    iterations           | 46          |
|    time_elapsed         | 1492        |
|    total_timesteps      | 676832      |
| train/                  |             |
|    approx_kl            | 0.008654321 |
|    clip_fraction        | 0.0741      |
|    clip_range           | 0.2         |
|    entropy_loss         | -1.57       |
|    explained_variance   | 0.94        |
|    learning_rate        | 0.0003      |
|    loss                 | -0.013      |
|    n_updates            | 405         |
|    policy_gradient_loss | -0.00827    |
|    value_loss           | 0.0435      |
-----------------------------------------
------------------------------------------
| rollout/                |              |
|    ep_len_mean          | 306          |
|    ep_rew_mean          | 177          |
| time/                   |              |
|    fps                  | 252          |
|    iterations           | 47           |
|    time_elapsed         | 1525         |
|    total_timesteps      | 685024       |
| train/                  |              |
|    approx_kl            | 0.0078020343 |
|    clip_fraction        | 0.0601       |
|    clip_range           | 0.2          |
|    entropy_loss         | -1.56        |
|    explained_variance   | 0.947        |
|    learning_rate        | 0.0003       |
|    loss                 | -0.0115      |
|    n_updates            | 410          |
|    policy_gradient_loss | -0.00675     |
|    value_loss           | 0.0328       |
------------------------------------------
-----------------------------------------
| rollout/                |             |
|    ep_len_mean          | 310         |
|    ep_rew_mean          | 180         |
| time/                   |             |
|    fps                  | 252         |
|    iterations           | 48          |
|    time_elapsed         | 1558        |
|    total_timesteps      | 693216      |
| train/                  |             |
|    approx_kl            | 0.006712475 |
|    clip_fraction        | 0.0615      |
|    clip_range           | 0.2         |
|    entropy_loss         | -1.54       |
|    explained_variance   | 0.948       |
|    learning_rate        | 0.0003      |
|    loss                 | -0.016      |
|    n_updates            | 415         |
|    policy_gradient_loss | -0.00743    |
|    value_loss           | 0.0334      |
-----------------------------------------
------------------------------------------
| rollout/                |              |
|    ep_len_mean          | 309          |
|    ep_rew_mean          | 179          |
| time/                   |              |
|    fps                  | 252          |
|    iterations           | 49           |
|    time_elapsed         | 1590         |
|    total_timesteps      | 701408       |
| train/                  |              |
|    approx_kl            | 0.0067075468 |
|    clip_fraction        | 0.0557       |
|    clip_range           | 0.2          |
|    entropy_loss         | -1.54        |
|    explained_variance   | 0.946        |
|    learning_rate        | 0.0003       |
|    loss                 | -0.016       |
|    n_updates            | 420          |
|    policy_gradient_loss | -0.00772     |
|    value_loss           | 0.0381       |
------------------------------------------
-----------------------------------------
| rollout/                |             |
|    ep_len_mean          | 308         |
|    ep_rew_mean          | 179         |
| time/                   |             |
|    fps                  | 252         |
|    iterations           | 50          |
|    time_elapsed         | 1624        |
|    total_timesteps      | 709600      |
| train/                  |             |
|    approx_kl            | 0.007687181 |
|    clip_fraction        | 0.0558      |
|    clip_range           | 0.2         |
|    entropy_loss         | -1.58       |
|    explained_variance   | 0.919       |
|    learning_rate        | 0.0003      |
|    loss                 | -0.00123    |
|    n_updates            | 425         |
|    policy_gradient_loss | -0.00666    |
|    value_loss           | 0.0541      |
-----------------------------------------
-----------------------------------------
| rollout/                |             |
|    ep_len_mean          | 311         |
|    ep_rew_mean          | 180         |
| time/                   |             |
|    fps                  | 252         |
|    iterations           | 51          |
|    time_elapsed         | 1656        |
|    total_timesteps      | 717792      |
| train/                  |             |
|    approx_kl            | 0.007648814 |
|    clip_fraction        | 0.0498      |
|    clip_range           | 0.2         |
|    entropy_loss         | -1.61       |
|    explained_variance   | 0.942       |
|    learning_rate        | 0.0003      |
|    loss                 | -0.00549    |
|    n_updates            | 430         |
|    policy_gradient_loss | -0.00626    |
|    value_loss           | 0.0391      |
-----------------------------------------
------------------------------------------
| rollout/                |              |
|    ep_len_mean          | 319          |
|    ep_rew_mean          | 179          |
| time/                   |              |
|    fps                  | 252          |
|    iterations           | 52           |
|    time_elapsed         | 1688         |
|    total_timesteps      | 725984       |
| train/                  |              |
|    approx_kl            | 0.0073417425 |
|    clip_fraction        | 0.0528       |
|    clip_range           | 0.2          |
|    entropy_loss         | -1.6         |
|    explained_variance   | 0.945        |
|    learning_rate        | 0.0003       |
|    loss                 | -0.0145      |
|    n_updates            | 435          |
|    policy_gradient_loss | -0.00674     |
|    value_loss           | 0.0349       |
------------------------------------------
------------------------------------------
| rollout/                |              |
|    ep_len_mean          | 328          |
|    ep_rew_mean          | 181          |
| time/                   |              |
|    fps                  | 252          |
|    iterations           | 53           |
|    time_elapsed         | 1720         |
|    total_timesteps      | 734176       |
| train/                  |              |
|    approx_kl            | 0.0073088184 |
|    clip_fraction        | 0.0572       |
|    clip_range           | 0.2          |
|    entropy_loss         | -1.61        |
|    explained_variance   | 0.937        |
|    learning_rate        | 0.0003       |
|    loss                 | -0.0119      |
|    n_updates            | 440          |
|    policy_gradient_loss | -0.00762     |
|    value_loss           | 0.0377       |
------------------------------------------
------------------------------------------
| rollout/                |              |
|    ep_len_mean          | 325          |
|    ep_rew_mean          | 177          |
| time/                   |              |
|    fps                  | 252          |
|    iterations           | 54           |
|    time_elapsed         | 1751         |
|    total_timesteps      | 742368       |
| train/                  |              |
|    approx_kl            | 0.0067672543 |
|    clip_fraction        | 0.0496       |
|    clip_range           | 0.2          |
|    entropy_loss         | -1.6         |
|    explained_variance   | 0.879        |
|    learning_rate        | 0.0003       |
|    loss                 | -0.00772     |
|    n_updates            | 445          |
|    policy_gradient_loss | -0.00692     |
|    value_loss           | 0.0604       |
------------------------------------------
------------------------------------------
| rollout/                |              |
|    ep_len_mean          | 308          |
|    ep_rew_mean          | 174          |
| time/                   |              |
|    fps                  | 252          |
|    iterations           | 55           |
|    time_elapsed         | 1783         |
|    total_timesteps      | 750560       |
| train/                  |              |
|    approx_kl            | 0.0070089446 |
|    clip_fraction        | 0.0501       |
|    clip_range           | 0.2          |
|    entropy_loss         | -1.61        |
|    explained_variance   | 0.919        |
|    learning_rate        | 0.0003       |
|    loss                 | -0.00754     |
|    n_updates            | 450          |
|    policy_gradient_loss | -0.00707     |
|    value_loss           | 0.0409       |
------------------------------------------
-----------------------------------------
| rollout/                |             |
|    ep_len_mean          | 305         |
|    ep_rew_mean          | 170         |
| time/                   |             |
|    fps                  | 252         |
|    iterations           | 56          |
|    time_elapsed         | 1814        |
|    total_timesteps      | 758752      |
| train/                  |             |
|    approx_kl            | 0.006791101 |
|    clip_fraction        | 0.0521      |
|    clip_range           | 0.2         |
|    entropy_loss         | -1.55       |
|    explained_variance   | 0.92        |
|    learning_rate        | 0.0003      |
|    loss                 | 0.00836     |
|    n_updates            | 455         |
|    policy_gradient_loss | -0.00618    |
|    value_loss           | 0.0489      |
-----------------------------------------
------------------------------------------
| rollout/                |              |
|    ep_len_mean          | 296          |
|    ep_rew_mean          | 167          |
| time/                   |              |
|    fps                  | 252          |
|    iterations           | 57           |
|    time_elapsed         | 1847         |
|    total_timesteps      | 766944       |
| train/                  |              |
|    approx_kl            | 0.0073342146 |
|    clip_fraction        | 0.0564       |
|    clip_range           | 0.2          |
|    entropy_loss         | -1.68        |
|    explained_variance   | 0.933        |
|    learning_rate        | 0.0003       |
|    loss                 | -0.0164      |
|    n_updates            | 460          |
|    policy_gradient_loss | -0.007       |
|    value_loss           | 0.0421       |
------------------------------------------
-----------------------------------------
| rollout/                |             |
|    ep_len_mean          | 288         |
|    ep_rew_mean          | 160         |
| time/                   |             |
|    fps                  | 252         |
|    iterations           | 58          |
|    time_elapsed         | 1880        |
|    total_timesteps      | 775136      |
| train/                  |             |
|    approx_kl            | 0.007363593 |
|    clip_fraction        | 0.0531      |
|    clip_range           | 0.2         |
|    entropy_loss         | -1.61       |
|    explained_variance   | 0.931       |
|    learning_rate        | 0.0003      |
|    loss                 | -0.0125     |
|    n_updates            | 465         |
|    policy_gradient_loss | -0.00692    |
|    value_loss           | 0.0449      |
-----------------------------------------
------------------------------------------
| rollout/                |              |
|    ep_len_mean          | 287          |
|    ep_rew_mean          | 157          |
| time/                   |              |
|    fps                  | 252          |
|    iterations           | 59           |
|    time_elapsed         | 1911         |
|    total_timesteps      | 783328       |
| train/                  |              |
|    approx_kl            | 0.0068366686 |
|    clip_fraction        | 0.0549       |
|    clip_range           | 0.2          |
|    entropy_loss         | -1.63        |
|    explained_variance   | 0.896        |
|    learning_rate        | 0.0003       |
|    loss                 | 0.00345      |
|    n_updates            | 470          |
|    policy_gradient_loss | -0.00598     |
|    value_loss           | 0.0692       |
------------------------------------------
-----------------------------------------
| rollout/                |             |
|    ep_len_mean          | 282         |
|    ep_rew_mean          | 156         |
| time/                   |             |
|    fps                  | 252         |
|    iterations           | 60          |
|    time_elapsed         | 1944        |
|    total_timesteps      | 791520      |
| train/                  |             |
|    approx_kl            | 0.009230439 |
|    clip_fraction        | 0.0772      |
|    clip_range           | 0.2         |
|    entropy_loss         | -1.66       |
|    explained_variance   | 0.903       |
|    learning_rate        | 0.0003      |
|    loss                 | -0.00783    |
|    n_updates            | 475         |
|    policy_gradient_loss | -0.0101     |
|    value_loss           | 0.0561      |
-----------------------------------------
------------------------------------------
| rollout/                |              |
|    ep_len_mean          | 287          |
|    ep_rew_mean          | 157          |
| time/                   |              |
|    fps                  | 252          |
|    iterations           | 61           |
|    time_elapsed         | 1977         |
|    total_timesteps      | 799712       |
| train/                  |              |
|    approx_kl            | 0.0077060144 |
|    clip_fraction        | 0.0589       |
|    clip_range           | 0.2          |
|    entropy_loss         | -1.61        |
|    explained_variance   | 0.933        |
|    learning_rate        | 0.0003       |
|    loss                 | -0.0105      |
|    n_updates            | 480          |
|    policy_gradient_loss | -0.00766     |
|    value_loss           | 0.0376       |
------------------------------------------
------------------------------------------
| rollout/                |              |
|    ep_len_mean          | 287          |
|    ep_rew_mean          | 165          |
| time/                   |              |
|    fps                  | 252          |
|    iterations           | 62           |
|    time_elapsed         | 2009         |
|    total_timesteps      | 807904       |
| train/                  |              |
|    approx_kl            | 0.0057966704 |
|    clip_fraction        | 0.0395       |
|    clip_range           | 0.2          |
|    entropy_loss         | -1.59        |
|    explained_variance   | 0.919        |
|    learning_rate        | 0.0003       |
|    loss                 | -0.00477     |
|    n_updates            | 485          |
|    policy_gradient_loss | -0.0055      |
|    value_loss           | 0.0533       |
------------------------------------------
------------------------------------------
| rollout/                |              |
|    ep_len_mean          | 288          |
|    ep_rew_mean          | 167          |
| time/                   |              |
|    fps                  | 252          |
|    iterations           | 63           |
|    time_elapsed         | 2041         |
|    total_timesteps      | 816096       |
| train/                  |              |
|    approx_kl            | 0.0060608797 |
|    clip_fraction        | 0.0425       |
|    clip_range           | 0.2          |
|    entropy_loss         | -1.53        |
|    explained_variance   | 0.92         |
|    learning_rate        | 0.0003       |
|    loss                 | -0.00671     |
|    n_updates            | 490          |
|    policy_gradient_loss | -0.00573     |
|    value_loss           | 0.0478       |
------------------------------------------
------------------------------------------
| rollout/                |              |
|    ep_len_mean          | 296          |
|    ep_rew_mean          | 166          |
| time/                   |              |
|    fps                  | 252          |
|    iterations           | 64           |
|    time_elapsed         | 2073         |
|    total_timesteps      | 824288       |
| train/                  |              |
|    approx_kl            | 0.0069292365 |
|    clip_fraction        | 0.0526       |
|    clip_range           | 0.2          |
|    entropy_loss         | -1.63        |
|    explained_variance   | 0.909        |
|    learning_rate        | 0.0003       |
|    loss                 | -0.00755     |
|    n_updates            | 495          |
|    policy_gradient_loss | -0.00779     |
|    value_loss           | 0.0438       |
------------------------------------------
-----------------------------------------
| rollout/                |             |
|    ep_len_mean          | 294         |
|    ep_rew_mean          | 165         |
| time/                   |             |
|    fps                  | 252         |
|    iterations           | 65          |
|    time_elapsed         | 2106        |
|    total_timesteps      | 832480      |
| train/                  |             |
|    approx_kl            | 0.005660833 |
|    clip_fraction        | 0.0358      |
|    clip_range           | 0.2         |
|    entropy_loss         | -1.61       |
|    explained_variance   | 0.935       |
|    learning_rate        | 0.0003      |
|    loss                 | -0.0115     |
|    n_updates            | 500         |
|    policy_gradient_loss | -0.0058     |
|    value_loss           | 0.0347      |
-----------------------------------------
------------------------------------------
| rollout/                |              |
|    ep_len_mean          | 297          |
|    ep_rew_mean          | 163          |
| time/                   |              |
|    fps                  | 252          |
|    iterations           | 66           |
|    time_elapsed         | 2141         |
|    total_timesteps      | 840672       |
| train/                  |              |
|    approx_kl            | 0.0064299377 |
|    clip_fraction        | 0.0494       |
|    clip_range           | 0.2          |
|    entropy_loss         | -1.57        |
|    explained_variance   | 0.911        |
|    learning_rate        | 0.0003       |
|    loss                 | -0.0106      |
|    n_updates            | 505          |
|    policy_gradient_loss | -0.00627     |
|    value_loss           | 0.0467       |
------------------------------------------
-----------------------------------------
| rollout/                |             |
|    ep_len_mean          | 277         |
|    ep_rew_mean          | 161         |
| time/                   |             |
|    fps                  | 252         |
|    iterations           | 67          |
|    time_elapsed         | 2174        |
|    total_timesteps      | 848864      |
| train/                  |             |
|    approx_kl            | 0.007188716 |
|    clip_fraction        | 0.0628      |
|    clip_range           | 0.2         |
|    entropy_loss         | -1.54       |
|    explained_variance   | 0.926       |
|    learning_rate        | 0.0003      |
|    loss                 | -0.00757    |
|    n_updates            | 510         |
|    policy_gradient_loss | -0.00764    |
|    value_loss           | 0.0427      |
-----------------------------------------
------------------------------------------
| rollout/                |              |
|    ep_len_mean          | 273          |
|    ep_rew_mean          | 161          |
| time/                   |              |
|    fps                  | 252          |
|    iterations           | 68           |
|    time_elapsed         | 2206         |
|    total_timesteps      | 857056       |
| train/                  |              |
|    approx_kl            | 0.0064893086 |
|    clip_fraction        | 0.0562       |
|    clip_range           | 0.2          |
|    entropy_loss         | -1.52        |
|    explained_variance   | 0.884        |
|    learning_rate        | 0.0003       |
|    loss                 | 0.000724     |
|    n_updates            | 515          |
|    policy_gradient_loss | -0.00648     |
|    value_loss           | 0.0646       |
------------------------------------------
------------------------------------------
| rollout/                |              |
|    ep_len_mean          | 261          |
|    ep_rew_mean          | 158          |
| time/                   |              |
|    fps                  | 252          |
|    iterations           | 69           |
|    time_elapsed         | 2238         |
|    total_timesteps      | 865248       |
| train/                  |              |
|    approx_kl            | 0.0065083914 |
|    clip_fraction        | 0.0496       |
|    clip_range           | 0.2          |
|    entropy_loss         | -1.53        |
|    explained_variance   | 0.927        |
|    learning_rate        | 0.0003       |
|    loss                 | -0.0144      |
|    n_updates            | 520          |
|    policy_gradient_loss | -0.00726     |
|    value_loss           | 0.0437       |
------------------------------------------
-----------------------------------------
| rollout/                |             |
|    ep_len_mean          | 268         |
|    ep_rew_mean          | 158         |
| time/                   |             |
|    fps                  | 252         |
|    iterations           | 70          |
|    time_elapsed         | 2270        |
|    total_timesteps      | 873440      |
| train/                  |             |
|    approx_kl            | 0.006114023 |
|    clip_fraction        | 0.0586      |
|    clip_range           | 0.2         |
|    entropy_loss         | -1.55       |
|    explained_variance   | 0.903       |
|    learning_rate        | 0.0003      |
|    loss                 | 0.000709    |
|    n_updates            | 525         |
|    policy_gradient_loss | -0.00582    |
|    value_loss           | 0.0692      |
-----------------------------------------
-----------------------------------------
| rollout/                |             |
|    ep_len_mean          | 275         |
|    ep_rew_mean          | 159         |
| time/                   |             |
|    fps                  | 252         |
|    iterations           | 71          |
|    time_elapsed         | 2301        |
|    total_timesteps      | 881632      |
| train/                  |             |
|    approx_kl            | 0.007146221 |
|    clip_fraction        | 0.0611      |
|    clip_range           | 0.2         |
|    entropy_loss         | -1.61       |
|    explained_variance   | 0.908       |
|    learning_rate        | 0.0003      |
|    loss                 | -0.0122     |
|    n_updates            | 530         |
|    policy_gradient_loss | -0.00717    |
|    value_loss           | 0.0566      |
-----------------------------------------
-----------------------------------------
| rollout/                |             |
|    ep_len_mean          | 290         |
|    ep_rew_mean          | 161         |
| time/                   |             |
|    fps                  | 252         |
|    iterations           | 72          |
|    time_elapsed         | 2332        |
|    total_timesteps      | 889824      |
| train/                  |             |
|    approx_kl            | 0.006611136 |
|    clip_fraction        | 0.056       |
|    clip_range           | 0.2         |
|    entropy_loss         | -1.59       |
|    explained_variance   | 0.927       |
|    learning_rate        | 0.0003      |
|    loss                 | -0.00672    |
|    n_updates            | 535         |
|    policy_gradient_loss | -0.00656    |
|    value_loss           | 0.0469      |
-----------------------------------------
------------------------------------------
| rollout/                |              |
|    ep_len_mean          | 297          |
|    ep_rew_mean          | 166          |
| time/                   |              |
|    fps                  | 253          |
|    iterations           | 73           |
|    time_elapsed         | 2360         |
|    total_timesteps      | 898016       |
| train/                  |              |
|    approx_kl            | 0.0075130477 |
|    clip_fraction        | 0.0505       |
|    clip_range           | 0.2          |
|    entropy_loss         | -1.66        |
|    explained_variance   | 0.949        |
|    learning_rate        | 0.0003       |
|    loss                 | -0.0148      |
|    n_updates            | 540          |
|    policy_gradient_loss | -0.00656     |
|    value_loss           | 0.0314       |
------------------------------------------
[Checkpoint] Saved at 900000 steps > C:\Users\Admin\Desktop\disciple\realnewdisciples-main\Big_map\campaign_checkpoints\super-last-stand-3m-20260912-142514\campaign_ppo_step_900000.zip
Eval num_timesteps=900000, det_reward=145.88 +/- 16.10
Episode length: det=236.40 +/- 71.09
Victory rate: det=0.00%
------------------------------------------------
| eval/                           |            |
|    deterministic_mean_ep_length | 236        |
|    deterministic_mean_reward    | 146        |
|    deterministic_victory_rate   | 0          |
|    mean_ep_length               | 236        |
|    mean_reward                  | 146        |
|    victory_rate                 | 0          |
| time/                           |            |
|    total_timesteps              | 900000     |
| train/                          |            |
|    approx_kl                    | 0.02651818 |
|    clip_fraction                | 0.0856     |
|    clip_range                   | 0.2        |
|    entropy_loss                 | -1.67      |
|    explained_variance           | 0.976      |
|    learning_rate                | 0.0003     |
|    loss                         | -0.0336    |
|    n_updates                    | 545        |
|    policy_gradient_loss         | -0.00826   |
|    value_loss                   | 0.0239     |
------------------------------------------------
---------------------------------
| rollout/           |          |
|    ep_len_mean     | 299      |
|    ep_rew_mean     | 168      |
| time/              |          |
|    fps             | 251      |
|    iterations      | 74       |
|    time_elapsed    | 2405     |
|    total_timesteps | 906208   |
---------------------------------
------------------------------------------
| rollout/                |              |
|    ep_len_mean          | 344          |
|    ep_rew_mean          | 159          |
| time/                   |              |
|    fps                  | 251          |
|    iterations           | 75           |
|    time_elapsed         | 2442         |
|    total_timesteps      | 914400       |
| train/                  |              |
|    approx_kl            | 0.0105077475 |
|    clip_fraction        | 0.0651       |
|    clip_range           | 0.2          |
|    entropy_loss         | -1.74        |
|    explained_variance   | 0.972        |
|    learning_rate        | 0.0003       |
|    loss                 | -0.0223      |
|    n_updates            | 550          |
|    policy_gradient_loss | -0.00651     |
|    value_loss           | 0.0242       |
------------------------------------------
-----------------------------------------
| rollout/                |             |
|    ep_len_mean          | 340         |
|    ep_rew_mean          | 159         |
| time/                   |             |
|    fps                  | 251         |
|    iterations           | 76          |
|    time_elapsed         | 2474        |
|    total_timesteps      | 922592      |
| train/                  |             |
|    approx_kl            | 0.006476434 |
|    clip_fraction        | 0.0496      |
|    clip_range           | 0.2         |
|    entropy_loss         | -1.64       |
|    explained_variance   | 0.931       |
|    learning_rate        | 0.0003      |
|    loss                 | -0.00402    |
|    n_updates            | 555         |
|    policy_gradient_loss | -0.00653    |
|    value_loss           | 0.0484      |
-----------------------------------------
-----------------------------------------
| rollout/                |             |
|    ep_len_mean          | 332         |
|    ep_rew_mean          | 155         |
| time/                   |             |
|    fps                  | 251         |
|    iterations           | 77          |
|    time_elapsed         | 2505        |
|    total_timesteps      | 930784      |
| train/                  |             |
|    approx_kl            | 0.007951764 |
|    clip_fraction        | 0.0543      |
|    clip_range           | 0.2         |
|    entropy_loss         | -1.61       |
|    explained_variance   | 0.946       |
|    learning_rate        | 0.0003      |
|    loss                 | -0.00654    |
|    n_updates            | 560         |
|    policy_gradient_loss | -0.00742    |
|    value_loss           | 0.0343      |
-----------------------------------------
-----------------------------------------
| rollout/                |             |
|    ep_len_mean          | 289         |
|    ep_rew_mean          | 166         |
| time/                   |             |
|    fps                  | 251         |
|    iterations           | 78          |
|    time_elapsed         | 2538        |
|    total_timesteps      | 938976      |
| train/                  |             |
|    approx_kl            | 0.006507947 |
|    clip_fraction        | 0.0525      |
|    clip_range           | 0.2         |
|    entropy_loss         | -1.6        |
|    explained_variance   | 0.93        |
|    learning_rate        | 0.0003      |
|    loss                 | -0.00978    |
|    n_updates            | 565         |
|    policy_gradient_loss | -0.00697    |
|    value_loss           | 0.039       |
-----------------------------------------
-----------------------------------------
| rollout/                |             |
|    ep_len_mean          | 275         |
|    ep_rew_mean          | 160         |
| time/                   |             |
|    fps                  | 251         |
|    iterations           | 79          |
|    time_elapsed         | 2569        |
|    total_timesteps      | 947168      |
| train/                  |             |
|    approx_kl            | 0.006494182 |
|    clip_fraction        | 0.053       |
|    clip_range           | 0.2         |
|    entropy_loss         | -1.53       |
|    explained_variance   | 0.951       |
|    learning_rate        | 0.0003      |
|    loss                 | -0.0138     |
|    n_updates            | 570         |
|    policy_gradient_loss | -0.00738    |
|    value_loss           | 0.034       |
-----------------------------------------
-----------------------------------------
| rollout/                |             |
|    ep_len_mean          | 273         |
|    ep_rew_mean          | 155         |
| time/                   |             |
|    fps                  | 252         |
|    iterations           | 80          |
|    time_elapsed         | 2600        |
|    total_timesteps      | 955360      |
| train/                  |             |
|    approx_kl            | 0.007839383 |
|    clip_fraction        | 0.0603      |
|    clip_range           | 0.2         |
|    entropy_loss         | -1.64       |
|    explained_variance   | 0.906       |
|    learning_rate        | 0.0003      |
|    loss                 | -0.00687    |
|    n_updates            | 575         |
|    policy_gradient_loss | -0.007      |
|    value_loss           | 0.0535      |
-----------------------------------------
------------------------------------------
| rollout/                |              |
|    ep_len_mean          | 277          |
|    ep_rew_mean          | 152          |
| time/                   |              |
|    fps                  | 252          |
|    iterations           | 81           |
|    time_elapsed         | 2631         |
|    total_timesteps      | 963552       |
| train/                  |              |
|    approx_kl            | 0.0068456586 |
|    clip_fraction        | 0.0559       |
|    clip_range           | 0.2          |
|    entropy_loss         | -1.64        |
|    explained_variance   | 0.924        |
|    learning_rate        | 0.0003       |
|    loss                 | -0.00929     |
|    n_updates            | 580          |
|    policy_gradient_loss | -0.00686     |
|    value_loss           | 0.0359       |
------------------------------------------
------------------------------------------
| rollout/                |              |
|    ep_len_mean          | 282          |
|    ep_rew_mean          | 156          |
| time/                   |              |
|    fps                  | 252          |
|    iterations           | 82           |
|    time_elapsed         | 2662         |
|    total_timesteps      | 971744       |
| train/                  |              |
|    approx_kl            | 0.0056001376 |
|    clip_fraction        | 0.0462       |
|    clip_range           | 0.2          |
|    entropy_loss         | -1.51        |
|    explained_variance   | 0.938        |
|    learning_rate        | 0.0003       |
|    loss                 | -0.0026      |
|    n_updates            | 585          |
|    policy_gradient_loss | -0.00678     |
|    value_loss           | 0.0398       |
------------------------------------------
-----------------------------------------
| rollout/                |             |
|    ep_len_mean          | 294         |
|    ep_rew_mean          | 162         |
| time/                   |             |
|    fps                  | 252         |
|    iterations           | 83          |
|    time_elapsed         | 2694        |
|    total_timesteps      | 979936      |
| train/                  |             |
|    approx_kl            | 0.007859157 |
|    clip_fraction        | 0.0609      |
|    clip_range           | 0.2         |
|    entropy_loss         | -1.59       |
|    explained_variance   | 0.907       |
|    learning_rate        | 0.0003      |
|    loss                 | -0.00771    |
|    n_updates            | 590         |
|    policy_gradient_loss | -0.00845    |
|    value_loss           | 0.0502      |
-----------------------------------------
------------------------------------------
| rollout/                |              |
|    ep_len_mean          | 296          |
|    ep_rew_mean          | 166          |
| time/                   |              |
|    fps                  | 252          |
|    iterations           | 84           |
|    time_elapsed         | 2725         |
|    total_timesteps      | 988128       |
| train/                  |              |
|    approx_kl            | 0.0071827187 |
|    clip_fraction        | 0.0664       |
|    clip_range           | 0.2          |
|    entropy_loss         | -1.62        |
|    explained_variance   | 0.945        |
|    learning_rate        | 0.0003       |
|    loss                 | -0.0172      |
|    n_updates            | 595          |
|    policy_gradient_loss | -0.00745     |
|    value_loss           | 0.0312       |
------------------------------------------
------------------------------------------
| rollout/                |              |
|    ep_len_mean          | 287          |
|    ep_rew_mean          | 165          |
| time/                   |              |
|    fps                  | 252          |
|    iterations           | 85           |
|    time_elapsed         | 2753         |
|    total_timesteps      | 996320       |
| train/                  |              |
|    approx_kl            | 0.0057526603 |
|    clip_fraction        | 0.0438       |
|    clip_range           | 0.2          |
|    entropy_loss         | -1.54        |
|    explained_variance   | 0.934        |
|    learning_rate        | 0.0003       |
|    loss                 | -0.00867     |
|    n_updates            | 600          |
|    policy_gradient_loss | -0.00673     |
|    value_loss           | 0.0378       |
------------------------------------------
------------------------------------------
| rollout/                |              |
|    ep_len_mean          | 338          |
|    ep_rew_mean          | 162          |
| time/                   |              |
|    fps                  | 253          |
|    iterations           | 86           |
|    time_elapsed         | 2781         |
|    total_timesteps      | 1004512      |
| train/                  |              |
|    approx_kl            | 0.0049137454 |
|    clip_fraction        | 0.0355       |
|    clip_range           | 0.2          |
|    entropy_loss         | -1.18        |
|    explained_variance   | 0.956        |
|    learning_rate        | 0.0003       |
|    loss                 | -0.0133      |
|    n_updates            | 605          |
|    policy_gradient_loss | -0.00615     |
|    value_loss           | 0.0357       |
------------------------------------------
-----------------------------------------
| rollout/                |             |
|    ep_len_mean          | 355         |
|    ep_rew_mean          | 166         |
| time/                   |             |
|    fps                  | 253         |
|    iterations           | 87          |
|    time_elapsed         | 2813        |
|    total_timesteps      | 1012704     |
| train/                  |             |
|    approx_kl            | 0.005088158 |
|    clip_fraction        | 0.0373      |
|    clip_range           | 0.2         |
|    entropy_loss         | -1.42       |
|    explained_variance   | 0.94        |
|    learning_rate        | 0.0003      |
|    loss                 | -0.00681    |
|    n_updates            | 610         |
|    policy_gradient_loss | -0.00588    |
|    value_loss           | 0.0316      |
-----------------------------------------
------------------------------------------
| rollout/                |              |
|    ep_len_mean          | 352          |
|    ep_rew_mean          | 168          |
| time/                   |              |
|    fps                  | 253          |
|    iterations           | 88           |
|    time_elapsed         | 2844         |
|    total_timesteps      | 1020896      |
| train/                  |              |
|    approx_kl            | 0.0072830897 |
|    clip_fraction        | 0.0538       |
|    clip_range           | 0.2          |
|    entropy_loss         | -1.67        |
|    explained_variance   | 0.926        |
|    learning_rate        | 0.0003       |
|    loss                 | -0.0103      |
|    n_updates            | 615          |
|    policy_gradient_loss | -0.00763     |
|    value_loss           | 0.0335       |
------------------------------------------
-----------------------------------------
| rollout/                |             |
|    ep_len_mean          | 360         |
|    ep_rew_mean          | 168         |
| time/                   |             |
|    fps                  | 253         |
|    iterations           | 89          |
|    time_elapsed         | 2875        |
|    total_timesteps      | 1029088     |
| train/                  |             |
|    approx_kl            | 0.005624325 |
|    clip_fraction        | 0.0415      |
|    clip_range           | 0.2         |
|    entropy_loss         | -1.59       |
|    explained_variance   | 0.898       |
|    learning_rate        | 0.0003      |
|    loss                 | -0.00532    |
|    n_updates            | 620         |
|    policy_gradient_loss | -0.00632    |
|    value_loss           | 0.0517      |
-----------------------------------------
------------------------------------------
| rollout/                |              |
|    ep_len_mean          | 299          |
|    ep_rew_mean          | 168          |
| time/                   |              |
|    fps                  | 253          |
|    iterations           | 90           |
|    time_elapsed         | 2907         |
|    total_timesteps      | 1037280      |
| train/                  |              |
|    approx_kl            | 0.0073978817 |
|    clip_fraction        | 0.0567       |
|    clip_range           | 0.2          |
|    entropy_loss         | -1.66        |
|    explained_variance   | 0.904        |
|    learning_rate        | 0.0003       |
|    loss                 | -0.00418     |
|    n_updates            | 625          |
|    policy_gradient_loss | -0.00787     |
|    value_loss           | 0.0445       |
------------------------------------------
-----------------------------------------
| rollout/                |             |
|    ep_len_mean          | 293         |
|    ep_rew_mean          | 165         |
| time/                   |             |
|    fps                  | 253         |
|    iterations           | 91          |
|    time_elapsed         | 2938        |
|    total_timesteps      | 1045472     |
| train/                  |             |
|    approx_kl            | 0.007108074 |
|    clip_fraction        | 0.0487      |
|    clip_range           | 0.2         |
|    entropy_loss         | -1.57       |
|    explained_variance   | 0.915       |
|    learning_rate        | 0.0003      |
|    loss                 | -0.00683    |
|    n_updates            | 630         |
|    policy_gradient_loss | -0.00688    |
|    value_loss           | 0.041       |
-----------------------------------------
-----------------------------------------
| rollout/                |             |
|    ep_len_mean          | 288         |
|    ep_rew_mean          | 162         |
| time/                   |             |
|    fps                  | 253         |
|    iterations           | 92          |
|    time_elapsed         | 2970        |
|    total_timesteps      | 1053664     |
| train/                  |             |
|    approx_kl            | 0.006287609 |
|    clip_fraction        | 0.0518      |
|    clip_range           | 0.2         |
|    entropy_loss         | -1.66       |
|    explained_variance   | 0.926       |
|    learning_rate        | 0.0003      |
|    loss                 | -0.0104     |
|    n_updates            | 635         |
|    policy_gradient_loss | -0.00612    |
|    value_loss           | 0.0416      |
-----------------------------------------
------------------------------------------
| rollout/                |              |
|    ep_len_mean          | 294          |
|    ep_rew_mean          | 168          |
| time/                   |              |
|    fps                  | 253          |
|    iterations           | 93           |
|    time_elapsed         | 3002         |
|    total_timesteps      | 1061856      |
| train/                  |              |
|    approx_kl            | 0.0068869195 |
|    clip_fraction        | 0.0582       |
|    clip_range           | 0.2          |
|    entropy_loss         | -1.59        |
|    explained_variance   | 0.935        |
|    learning_rate        | 0.0003       |
|    loss                 | -0.00396     |
|    n_updates            | 640          |
|    policy_gradient_loss | -0.00844     |
|    value_loss           | 0.0367       |
------------------------------------------
------------------------------------------
| rollout/                |              |
|    ep_len_mean          | 294          |
|    ep_rew_mean          | 171          |
| time/                   |              |
|    fps                  | 253          |
|    iterations           | 94           |
|    time_elapsed         | 3034         |
|    total_timesteps      | 1070048      |
| train/                  |              |
|    approx_kl            | 0.0059170993 |
|    clip_fraction        | 0.0412       |
|    clip_range           | 0.2          |
|    entropy_loss         | -1.54        |
|    explained_variance   | 0.918        |
|    learning_rate        | 0.0003       |
|    loss                 | -0.00635     |
|    n_updates            | 645          |
|    policy_gradient_loss | -0.00603     |
|    value_loss           | 0.0435       |
------------------------------------------
------------------------------------------
| rollout/                |              |
|    ep_len_mean          | 300          |
|    ep_rew_mean          | 172          |
| time/                   |              |
|    fps                  | 253          |
|    iterations           | 95           |
|    time_elapsed         | 3066         |
|    total_timesteps      | 1078240      |
| train/                  |              |
|    approx_kl            | 0.0073843403 |
|    clip_fraction        | 0.0542       |
|    clip_range           | 0.2          |
|    entropy_loss         | -1.55        |
|    explained_variance   | 0.93         |
|    learning_rate        | 0.0003       |
|    loss                 | -0.0114      |
|    n_updates            | 650          |
|    policy_gradient_loss | -0.00707     |
|    value_loss           | 0.0402       |
------------------------------------------
-----------------------------------------
| rollout/                |             |
|    ep_len_mean          | 299         |
|    ep_rew_mean          | 169         |
| time/                   |             |
|    fps                  | 253         |
|    iterations           | 96          |
|    time_elapsed         | 3097        |
|    total_timesteps      | 1086432     |
| train/                  |             |
|    approx_kl            | 0.006121273 |
|    clip_fraction        | 0.0492      |
|    clip_range           | 0.2         |
|    entropy_loss         | -1.61       |
|    explained_variance   | 0.941       |
|    learning_rate        | 0.0003      |
|    loss                 | -0.019      |
|    n_updates            | 655         |
|    policy_gradient_loss | -0.00638    |
|    value_loss           | 0.0309      |
-----------------------------------------
------------------------------------------
| rollout/                |              |
|    ep_len_mean          | 304          |
|    ep_rew_mean          | 169          |
| time/                   |              |
|    fps                  | 253          |
|    iterations           | 97           |
|    time_elapsed         | 3130         |
|    total_timesteps      | 1094624      |
| train/                  |              |
|    approx_kl            | 0.0066966196 |
|    clip_fraction        | 0.0542       |
|    clip_range           | 0.2          |
|    entropy_loss         | -1.6         |
|    explained_variance   | 0.933        |
|    learning_rate        | 0.0003       |
|    loss                 | -0.0142      |
|    n_updates            | 660          |
|    policy_gradient_loss | -0.0063      |
|    value_loss           | 0.0388       |
------------------------------------------
-----------------------------------------
| rollout/                |             |
|    ep_len_mean          | 281         |
|    ep_rew_mean          | 165         |
| time/                   |             |
|    fps                  | 253         |
|    iterations           | 98          |
|    time_elapsed         | 3161        |
|    total_timesteps      | 1102816     |
| train/                  |             |
|    approx_kl            | 0.006295846 |
|    clip_fraction        | 0.0526      |
|    clip_range           | 0.2         |
|    entropy_loss         | -1.6        |
|    explained_variance   | 0.933       |
|    learning_rate        | 0.0003      |
|    loss                 | -0.0117     |
|    n_updates            | 665         |
|    policy_gradient_loss | -0.0069     |
|    value_loss           | 0.0385      |
-----------------------------------------
----------------------------------------
| rollout/                |            |
|    ep_len_mean          | 286        |
|    ep_rew_mean          | 166        |
| time/                   |            |
|    fps                  | 253        |
|    iterations           | 99         |
|    time_elapsed         | 3193       |
|    total_timesteps      | 1111008    |
| train/                  |            |
|    approx_kl            | 0.00594117 |
|    clip_fraction        | 0.0463     |
|    clip_range           | 0.2        |
|    entropy_loss         | -1.54      |
|    explained_variance   | 0.913      |
|    learning_rate        | 0.0003     |
|    loss                 | -0.00749   |
|    n_updates            | 670        |
|    policy_gradient_loss | -0.00664   |
|    value_loss           | 0.0473     |
----------------------------------------
------------------------------------------
| rollout/                |              |
|    ep_len_mean          | 285          |
|    ep_rew_mean          | 165          |
| time/                   |              |
|    fps                  | 254          |
|    iterations           | 100          |
|    time_elapsed         | 3224         |
|    total_timesteps      | 1119200      |
| train/                  |              |
|    approx_kl            | 0.0062182643 |
|    clip_fraction        | 0.0534       |
|    clip_range           | 0.2          |
|    entropy_loss         | -1.6         |
|    explained_variance   | 0.931        |
|    learning_rate        | 0.0003       |
|    loss                 | -0.00129     |
|    n_updates            | 675          |
|    policy_gradient_loss | -0.00771     |
|    value_loss           | 0.0403       |
------------------------------------------
-----------------------------------------
| rollout/                |             |
|    ep_len_mean          | 287         |
|    ep_rew_mean          | 164         |
| time/                   |             |
|    fps                  | 254         |
|    iterations           | 101         |
|    time_elapsed         | 3256        |
|    total_timesteps      | 1127392     |
| train/                  |             |
|    approx_kl            | 0.006144806 |
|    clip_fraction        | 0.0433      |
|    clip_range           | 0.2         |
|    entropy_loss         | -1.58       |
|    explained_variance   | 0.925       |
|    learning_rate        | 0.0003      |
|    loss                 | -0.00763    |
|    n_updates            | 680         |
|    policy_gradient_loss | -0.00709    |
|    value_loss           | 0.0458      |
-----------------------------------------
-----------------------------------------
| rollout/                |             |
|    ep_len_mean          | 294         |
|    ep_rew_mean          | 169         |
| time/                   |             |
|    fps                  | 254         |
|    iterations           | 102         |
|    time_elapsed         | 3287        |
|    total_timesteps      | 1135584     |
| train/                  |             |
|    approx_kl            | 0.005774325 |
|    clip_fraction        | 0.0473      |
|    clip_range           | 0.2         |
|    entropy_loss         | -1.56       |
|    explained_variance   | 0.941       |
|    learning_rate        | 0.0003      |
|    loss                 | -0.0197     |
|    n_updates            | 685         |
|    policy_gradient_loss | -0.00691    |
|    value_loss           | 0.0321      |
-----------------------------------------
----------------------------------------
| rollout/                |            |
|    ep_len_mean          | 287        |
|    ep_rew_mean          | 169        |
| time/                   |            |
|    fps                  | 254        |
|    iterations           | 103        |
|    time_elapsed         | 3320       |
|    total_timesteps      | 1143776    |
| train/                  |            |
|    approx_kl            | 0.00701611 |
|    clip_fraction        | 0.0555     |
|    clip_range           | 0.2        |
|    entropy_loss         | -1.56      |
|    explained_variance   | 0.911      |
|    learning_rate        | 0.0003     |
|    loss                 | -0.00725   |
|    n_updates            | 690        |
|    policy_gradient_loss | -0.00598   |
|    value_loss           | 0.0512     |
----------------------------------------
-----------------------------------------
| rollout/                |             |
|    ep_len_mean          | 287         |
|    ep_rew_mean          | 173         |
| time/                   |             |
|    fps                  | 254         |
|    iterations           | 104         |
|    time_elapsed         | 3352        |
|    total_timesteps      | 1151968     |
| train/                  |             |
|    approx_kl            | 0.005530257 |
|    clip_fraction        | 0.0469      |
|    clip_range           | 0.2         |
|    entropy_loss         | -1.55       |
|    explained_variance   | 0.918       |
|    learning_rate        | 0.0003      |
|    loss                 | -0.00297    |
|    n_updates            | 695         |
|    policy_gradient_loss | -0.00645    |
|    value_loss           | 0.0473      |
-----------------------------------------
-----------------------------------------
| rollout/                |             |
|    ep_len_mean          | 283         |
|    ep_rew_mean          | 171         |
| time/                   |             |
|    fps                  | 254         |
|    iterations           | 105         |
|    time_elapsed         | 3385        |
|    total_timesteps      | 1160160     |
| train/                  |             |
|    approx_kl            | 0.006737625 |
|    clip_fraction        | 0.0437      |
|    clip_range           | 0.2         |
|    entropy_loss         | -1.51       |
|    explained_variance   | 0.929       |
|    learning_rate        | 0.0003      |
|    loss                 | -0.0016     |
|    n_updates            | 700         |
|    policy_gradient_loss | -0.00635    |
|    value_loss           | 0.037       |
-----------------------------------------
------------------------------------------
| rollout/                |              |
|    ep_len_mean          | 298          |
|    ep_rew_mean          | 176          |
| time/                   |              |
|    fps                  | 254          |
|    iterations           | 106          |
|    time_elapsed         | 3417         |
|    total_timesteps      | 1168352      |
| train/                  |              |
|    approx_kl            | 0.0071465867 |
|    clip_fraction        | 0.0599       |
|    clip_range           | 0.2          |
|    entropy_loss         | -1.5         |
|    explained_variance   | 0.933        |
|    learning_rate        | 0.0003       |
|    loss                 | -0.0162      |
|    n_updates            | 705          |
|    policy_gradient_loss | -0.00738     |
|    value_loss           | 0.0392       |
------------------------------------------
-----------------------------------------
| rollout/                |             |
|    ep_len_mean          | 307         |
|    ep_rew_mean          | 175         |
| time/                   |             |
|    fps                  | 254         |
|    iterations           | 107         |
|    time_elapsed         | 3449        |
|    total_timesteps      | 1176544     |
| train/                  |             |
|    approx_kl            | 0.005653845 |
|    clip_fraction        | 0.0403      |
|    clip_range           | 0.2         |
|    entropy_loss         | -1.55       |
|    explained_variance   | 0.926       |
|    learning_rate        | 0.0003      |
|    loss                 | -0.00822    |
|    n_updates            | 710         |
|    policy_gradient_loss | -0.00626    |
|    value_loss           | 0.0387      |
-----------------------------------------
------------------------------------------
| rollout/                |              |
|    ep_len_mean          | 304          |
|    ep_rew_mean          | 175          |
| time/                   |              |
|    fps                  | 253          |
|    iterations           | 108          |
|    time_elapsed         | 3483         |
|    total_timesteps      | 1184736      |
| train/                  |              |
|    approx_kl            | 0.0068591195 |
|    clip_fraction        | 0.0545       |
|    clip_range           | 0.2          |
|    entropy_loss         | -1.56        |
|    explained_variance   | 0.914        |
|    learning_rate        | 0.0003       |
|    loss                 | -0.0138      |
|    n_updates            | 715          |
|    policy_gradient_loss | -0.00781     |
|    value_loss           | 0.0452       |
------------------------------------------
------------------------------------------
| rollout/                |              |
|    ep_len_mean          | 307          |
|    ep_rew_mean          | 176          |
| time/                   |              |
|    fps                  | 253          |
|    iterations           | 109          |
|    time_elapsed         | 3516         |
|    total_timesteps      | 1192928      |
| train/                  |              |
|    approx_kl            | 0.0060673687 |
|    clip_fraction        | 0.0458       |
|    clip_range           | 0.2          |
|    entropy_loss         | -1.51        |
|    explained_variance   | 0.916        |
|    learning_rate        | 0.0003       |
|    loss                 | -0.00637     |
|    n_updates            | 720          |
|    policy_gradient_loss | -0.00673     |
|    value_loss           | 0.0471       |
------------------------------------------
[Checkpoint] Saved at 1200000 steps > C:\Users\Admin\Desktop\disciple\realnewdisciples-main\Big_map\campaign_checkpoints\super-last-stand-3m-20260912-142514\campaign_ppo_step_1200000.zip
Eval num_timesteps=1200000, det_reward=134.90 +/- 44.64
Episode length: det=190.15 +/- 86.23
Victory rate: det=0.00%
-------------------------------------------------
| eval/                           |             |
|    deterministic_mean_ep_length | 190         |
|    deterministic_mean_reward    | 135         |
|    deterministic_victory_rate   | 0           |
|    mean_ep_length               | 190         |
|    mean_reward                  | 135         |
|    victory_rate                 | 0           |
| time/                           |             |
|    total_timesteps              | 1200000     |
| train/                          |             |
|    approx_kl                    | 0.004805294 |
|    clip_fraction                | 0.0366      |
|    clip_range                   | 0.2         |
|    entropy_loss                 | -1.54       |
|    explained_variance           | 0.942       |
|    learning_rate                | 0.0003      |
|    loss                         | -0.012      |
|    n_updates                    | 725         |
|    policy_gradient_loss         | -0.00673    |
|    value_loss                   | 0.032       |
-------------------------------------------------
---------------------------------
| rollout/           |          |
|    ep_len_mean     | 296      |
|    ep_rew_mean     | 176      |
| time/              |          |
|    fps             | 252      |
|    iterations      | 110      |
|    time_elapsed    | 3562     |
|    total_timesteps | 1201120  |
---------------------------------
-----------------------------------------
| rollout/                |             |
|    ep_len_mean          | 296         |
|    ep_rew_mean          | 179         |
| time/                   |             |
|    fps                  | 252         |
|    iterations           | 111         |
|    time_elapsed         | 3595        |
|    total_timesteps      | 1209312     |
| train/                  |             |
|    approx_kl            | 0.007331225 |
|    clip_fraction        | 0.055       |
|    clip_range           | 0.2         |
|    entropy_loss         | -1.49       |
|    explained_variance   | 0.918       |
|    learning_rate        | 0.0003      |
|    loss                 | -0.000762   |
|    n_updates            | 730         |
|    policy_gradient_loss | -0.00756    |
|    value_loss           | 0.0526      |
-----------------------------------------
-----------------------------------------
| rollout/                |             |
|    ep_len_mean          | 286         |
|    ep_rew_mean          | 173         |
| time/                   |             |
|    fps                  | 252         |
|    iterations           | 112         |
|    time_elapsed         | 3627        |
|    total_timesteps      | 1217504     |
| train/                  |             |
|    approx_kl            | 0.006141326 |
|    clip_fraction        | 0.0344      |
|    clip_range           | 0.2         |
|    entropy_loss         | -1.51       |
|    explained_variance   | 0.92        |
|    learning_rate        | 0.0003      |
|    loss                 | -0.00557    |
|    n_updates            | 735         |
|    policy_gradient_loss | -0.00513    |
|    value_loss           | 0.0529      |
-----------------------------------------
------------------------------------------
| rollout/                |              |
|    ep_len_mean          | 284          |
|    ep_rew_mean          | 177          |
| time/                   |              |
|    fps                  | 252          |
|    iterations           | 113          |
|    time_elapsed         | 3659         |
|    total_timesteps      | 1225696      |
| train/                  |              |
|    approx_kl            | 0.0077873226 |
|    clip_fraction        | 0.0692       |
|    clip_range           | 0.2          |
|    entropy_loss         | -1.47        |
|    explained_variance   | 0.92         |
|    learning_rate        | 0.0003       |
|    loss                 | 0.00587      |
|    n_updates            | 740          |
|    policy_gradient_loss | -0.00904     |
|    value_loss           | 0.0493       |
------------------------------------------
-----------------------------------------
| rollout/                |             |
|    ep_len_mean          | 279         |
|    ep_rew_mean          | 172         |
| time/                   |             |
|    fps                  | 253         |
|    iterations           | 114         |
|    time_elapsed         | 3691        |
|    total_timesteps      | 1233888     |
| train/                  |             |
|    approx_kl            | 0.006453651 |
|    clip_fraction        | 0.0433      |
|    clip_range           | 0.2         |
|    entropy_loss         | -1.44       |
|    explained_variance   | 0.93        |
|    learning_rate        | 0.0003      |
|    loss                 | -0.00452    |
|    n_updates            | 745         |
|    policy_gradient_loss | -0.00604    |
|    value_loss           | 0.0398      |
-----------------------------------------
------------------------------------------
| rollout/                |              |
|    ep_len_mean          | 288          |
|    ep_rew_mean          | 175          |
| time/                   |              |
|    fps                  | 253          |
|    iterations           | 115          |
|    time_elapsed         | 3722         |
|    total_timesteps      | 1242080      |
| train/                  |              |
|    approx_kl            | 0.0071641165 |
|    clip_fraction        | 0.0732       |
|    clip_range           | 0.2          |
|    entropy_loss         | -1.45        |
|    explained_variance   | 0.947        |
|    learning_rate        | 0.0003       |
|    loss                 | -0.0191      |
|    n_updates            | 750          |
|    policy_gradient_loss | -0.00831     |
|    value_loss           | 0.0333       |
------------------------------------------
------------------------------------------
| rollout/                |              |
|    ep_len_mean          | 288          |
|    ep_rew_mean          | 174          |
| time/                   |              |
|    fps                  | 253          |
|    iterations           | 116          |
|    time_elapsed         | 3754         |
|    total_timesteps      | 1250272      |
| train/                  |              |
|    approx_kl            | 0.0074937567 |
|    clip_fraction        | 0.0606       |
|    clip_range           | 0.2          |
|    entropy_loss         | -1.55        |
|    explained_variance   | 0.935        |
|    learning_rate        | 0.0003       |
|    loss                 | -0.00958     |
|    n_updates            | 755          |
|    policy_gradient_loss | -0.00796     |
|    value_loss           | 0.0391       |
------------------------------------------
-----------------------------------------
| rollout/                |             |
|    ep_len_mean          | 296         |
|    ep_rew_mean          | 175         |
| time/                   |             |
|    fps                  | 253         |
|    iterations           | 117         |
|    time_elapsed         | 3785        |
|    total_timesteps      | 1258464     |
| train/                  |             |
|    approx_kl            | 0.005701461 |
|    clip_fraction        | 0.0393      |
|    clip_range           | 0.2         |
|    entropy_loss         | -1.46       |
|    explained_variance   | 0.931       |
|    learning_rate        | 0.0003      |
|    loss                 | -0.00395    |
|    n_updates            | 760         |
|    policy_gradient_loss | -0.00554    |
|    value_loss           | 0.0419      |
-----------------------------------------
-----------------------------------------
| rollout/                |             |
|    ep_len_mean          | 305         |
|    ep_rew_mean          | 177         |
| time/                   |             |
|    fps                  | 253         |
|    iterations           | 118         |
|    time_elapsed         | 3818        |
|    total_timesteps      | 1266656     |
| train/                  |             |
|    approx_kl            | 0.006218304 |
|    clip_fraction        | 0.0473      |
|    clip_range           | 0.2         |
|    entropy_loss         | -1.43       |
|    explained_variance   | 0.918       |
|    learning_rate        | 0.0003      |
|    loss                 | -0.0113     |
|    n_updates            | 765         |
|    policy_gradient_loss | -0.00671    |
|    value_loss           | 0.0435      |
-----------------------------------------
-----------------------------------------
| rollout/                |             |
|    ep_len_mean          | 290         |
|    ep_rew_mean          | 175         |
| time/                   |             |
|    fps                  | 253         |
|    iterations           | 119         |
|    time_elapsed         | 3851        |
|    total_timesteps      | 1274848     |
| train/                  |             |
|    approx_kl            | 0.005372052 |
|    clip_fraction        | 0.043       |
|    clip_range           | 0.2         |
|    entropy_loss         | -1.39       |
|    explained_variance   | 0.92        |
|    learning_rate        | 0.0003      |
|    loss                 | 0.00676     |
|    n_updates            | 770         |
|    policy_gradient_loss | -0.0062     |
|    value_loss           | 0.0433      |
-----------------------------------------
------------------------------------------
| rollout/                |              |
|    ep_len_mean          | 296          |
|    ep_rew_mean          | 175          |
| time/                   |              |
|    fps                  | 253          |
|    iterations           | 120          |
|    time_elapsed         | 3884         |
|    total_timesteps      | 1283040      |
| train/                  |              |
|    approx_kl            | 0.0072870497 |
|    clip_fraction        | 0.0652       |
|    clip_range           | 0.2          |
|    entropy_loss         | -1.47        |
|    explained_variance   | 0.919        |
|    learning_rate        | 0.0003       |
|    loss                 | -0.0131      |
|    n_updates            | 775          |
|    policy_gradient_loss | -0.00813     |
|    value_loss           | 0.0515       |
------------------------------------------
-----------------------------------------
| rollout/                |             |
|    ep_len_mean          | 306         |
|    ep_rew_mean          | 178         |
| time/                   |             |
|    fps                  | 252         |
|    iterations           | 121         |
|    time_elapsed         | 3917        |
|    total_timesteps      | 1291232     |
| train/                  |             |
|    approx_kl            | 0.007230476 |
|    clip_fraction        | 0.0636      |
|    clip_range           | 0.2         |
|    entropy_loss         | -1.48       |
|    explained_variance   | 0.924       |
|    learning_rate        | 0.0003      |
|    loss                 | -0.00245    |
|    n_updates            | 780         |
|    policy_gradient_loss | -0.00701    |
|    value_loss           | 0.0518      |
-----------------------------------------
-----------------------------------------
| rollout/                |             |
|    ep_len_mean          | 306         |
|    ep_rew_mean          | 179         |
| time/                   |             |
|    fps                  | 252         |
|    iterations           | 122         |
|    time_elapsed         | 3951        |
|    total_timesteps      | 1299424     |
| train/                  |             |
|    approx_kl            | 0.007331377 |
|    clip_fraction        | 0.0651      |
|    clip_range           | 0.2         |
|    entropy_loss         | -1.51       |
|    explained_variance   | 0.917       |
|    learning_rate        | 0.0003      |
|    loss                 | -0.00389    |
|    n_updates            | 785         |
|    policy_gradient_loss | -0.00693    |
|    value_loss           | 0.0571      |
-----------------------------------------
------------------------------------------
| rollout/                |              |
|    ep_len_mean          | 310          |
|    ep_rew_mean          | 181          |
| time/                   |              |
|    fps                  | 252          |
|    iterations           | 123          |
|    time_elapsed         | 3984         |
|    total_timesteps      | 1307616      |
| train/                  |              |
|    approx_kl            | 0.0072363093 |
|    clip_fraction        | 0.0608       |
|    clip_range           | 0.2          |
|    entropy_loss         | -1.51        |
|    explained_variance   | 0.924        |
|    learning_rate        | 0.0003       |
|    loss                 | 0.00321      |
|    n_updates            | 790          |
|    policy_gradient_loss | -0.00792     |
|    value_loss           | 0.048        |
------------------------------------------
------------------------------------------
| rollout/                |              |
|    ep_len_mean          | 305          |
|    ep_rew_mean          | 180          |
| time/                   |              |
|    fps                  | 252          |
|    iterations           | 124          |
|    time_elapsed         | 4018         |
|    total_timesteps      | 1315808      |
| train/                  |              |
|    approx_kl            | 0.0059476225 |
|    clip_fraction        | 0.0437       |
|    clip_range           | 0.2          |
|    entropy_loss         | -1.54        |
|    explained_variance   | 0.899        |
|    learning_rate        | 0.0003       |
|    loss                 | -0.00562     |
|    n_updates            | 795          |
|    policy_gradient_loss | -0.00648     |
|    value_loss           | 0.0516       |
------------------------------------------
-----------------------------------------
| rollout/                |             |
|    ep_len_mean          | 296         |
|    ep_rew_mean          | 178         |
| time/                   |             |
|    fps                  | 252         |
|    iterations           | 125         |
|    time_elapsed         | 4050        |
|    total_timesteps      | 1324000     |
| train/                  |             |
|    approx_kl            | 0.008262487 |
|    clip_fraction        | 0.0824      |
|    clip_range           | 0.2         |
|    entropy_loss         | -1.5        |
|    explained_variance   | 0.895       |
|    learning_rate        | 0.0003      |
|    loss                 | -0.0062     |
|    n_updates            | 800         |
|    policy_gradient_loss | -0.00855    |
|    value_loss           | 0.062       |
-----------------------------------------
------------------------------------------
| rollout/                |              |
|    ep_len_mean          | 307          |
|    ep_rew_mean          | 180          |
| time/                   |              |
|    fps                  | 252          |
|    iterations           | 126          |
|    time_elapsed         | 4083         |
|    total_timesteps      | 1332192      |
| train/                  |              |
|    approx_kl            | 0.0063029383 |
|    clip_fraction        | 0.0504       |
|    clip_range           | 0.2          |
|    entropy_loss         | -1.47        |
|    explained_variance   | 0.928        |
|    learning_rate        | 0.0003       |
|    loss                 | -0.00771     |
|    n_updates            | 805          |
|    policy_gradient_loss | -0.00701     |
|    value_loss           | 0.0375       |
------------------------------------------
-----------------------------------------
| rollout/                |             |
|    ep_len_mean          | 318         |
|    ep_rew_mean          | 184         |
| time/                   |             |
|    fps                  | 252         |
|    iterations           | 127         |
|    time_elapsed         | 4116        |
|    total_timesteps      | 1340384     |
| train/                  |             |
|    approx_kl            | 0.006221286 |
|    clip_fraction        | 0.0567      |
|    clip_range           | 0.2         |
|    entropy_loss         | -1.56       |
|    explained_variance   | 0.95        |
|    learning_rate        | 0.0003      |
|    loss                 | -0.00504    |
|    n_updates            | 810         |
|    policy_gradient_loss | -0.0069     |
|    value_loss           | 0.0341      |
-----------------------------------------
-----------------------------------------
| rollout/                |             |
|    ep_len_mean          | 322         |
|    ep_rew_mean          | 184         |
| time/                   |             |
|    fps                  | 252         |
|    iterations           | 128         |
|    time_elapsed         | 4149        |
|    total_timesteps      | 1348576     |
| train/                  |             |
|    approx_kl            | 0.007029644 |
|    clip_fraction        | 0.064       |
|    clip_range           | 0.2         |
|    entropy_loss         | -1.55       |
|    explained_variance   | 0.923       |
|    learning_rate        | 0.0003      |
|    loss                 | -0.0158     |
|    n_updates            | 815         |
|    policy_gradient_loss | -0.0078     |
|    value_loss           | 0.0458      |
-----------------------------------------
------------------------------------------
| rollout/                |              |
|    ep_len_mean          | 321          |
|    ep_rew_mean          | 181          |
| time/                   |              |
|    fps                  | 252          |
|    iterations           | 129          |
|    time_elapsed         | 4181         |
|    total_timesteps      | 1356768      |
| train/                  |              |
|    approx_kl            | 0.0057269074 |
|    clip_fraction        | 0.038        |
|    clip_range           | 0.2          |
|    entropy_loss         | -1.46        |
|    explained_variance   | 0.917        |
|    learning_rate        | 0.0003       |
|    loss                 | -0.00526     |
|    n_updates            | 820          |
|    policy_gradient_loss | -0.00553     |
|    value_loss           | 0.0503       |
------------------------------------------
------------------------------------------
| rollout/                |              |
|    ep_len_mean          | 295          |
|    ep_rew_mean          | 180          |
| time/                   |              |
|    fps                  | 252          |
|    iterations           | 130          |
|    time_elapsed         | 4215         |
|    total_timesteps      | 1364960      |
| train/                  |              |
|    approx_kl            | 0.0061641023 |
|    clip_fraction        | 0.0497       |
|    clip_range           | 0.2          |
|    entropy_loss         | -1.45        |
|    explained_variance   | 0.92         |
|    learning_rate        | 0.0003       |
|    loss                 | -0.0035      |
|    n_updates            | 825          |
|    policy_gradient_loss | -0.00642     |
|    value_loss           | 0.0517       |
------------------------------------------
-----------------------------------------
| rollout/                |             |
|    ep_len_mean          | 286         |
|    ep_rew_mean          | 179         |
| time/                   |             |
|    fps                  | 252         |
|    iterations           | 131         |
|    time_elapsed         | 4248        |
|    total_timesteps      | 1373152     |
| train/                  |             |
|    approx_kl            | 0.005642346 |
|    clip_fraction        | 0.0546      |
|    clip_range           | 0.2         |
|    entropy_loss         | -1.4        |
|    explained_variance   | 0.932       |
|    learning_rate        | 0.0003      |
|    loss                 | -0.00716    |
|    n_updates            | 830         |
|    policy_gradient_loss | -0.00761    |
|    value_loss           | 0.0461      |
-----------------------------------------
------------------------------------------
| rollout/                |              |
|    ep_len_mean          | 296          |
|    ep_rew_mean          | 183          |
| time/                   |              |
|    fps                  | 252          |
|    iterations           | 132          |
|    time_elapsed         | 4280         |
|    total_timesteps      | 1381344      |
| train/                  |              |
|    approx_kl            | 0.0056128977 |
|    clip_fraction        | 0.0614       |
|    clip_range           | 0.2          |
|    entropy_loss         | -1.49        |
|    explained_variance   | 0.939        |
|    learning_rate        | 0.0003       |
|    loss                 | -0.00884     |
|    n_updates            | 835          |
|    policy_gradient_loss | -0.00701     |
|    value_loss           | 0.0396       |
------------------------------------------
------------------------------------------
| rollout/                |              |
|    ep_len_mean          | 307          |
|    ep_rew_mean          | 186          |
| time/                   |              |
|    fps                  | 252          |
|    iterations           | 133          |
|    time_elapsed         | 4313         |
|    total_timesteps      | 1389536      |
| train/                  |              |
|    approx_kl            | 0.0065983087 |
|    clip_fraction        | 0.0492       |
|    clip_range           | 0.2          |
|    entropy_loss         | -1.51        |
|    explained_variance   | 0.922        |
|    learning_rate        | 0.0003       |
|    loss                 | -0.0125      |
|    n_updates            | 840          |
|    policy_gradient_loss | -0.00667     |
|    value_loss           | 0.046        |
------------------------------------------
------------------------------------------
| rollout/                |              |
|    ep_len_mean          | 305          |
|    ep_rew_mean          | 182          |
| time/                   |              |
|    fps                  | 252          |
|    iterations           | 134          |
|    time_elapsed         | 4346         |
|    total_timesteps      | 1397728      |
| train/                  |              |
|    approx_kl            | 0.0065476233 |
|    clip_fraction        | 0.0485       |
|    clip_range           | 0.2          |
|    entropy_loss         | -1.5         |
|    explained_variance   | 0.936        |
|    learning_rate        | 0.0003       |
|    loss                 | -0.015       |
|    n_updates            | 845          |
|    policy_gradient_loss | -0.00686     |
|    value_loss           | 0.0401       |
------------------------------------------
-----------------------------------------
| rollout/                |             |
|    ep_len_mean          | 280         |
|    ep_rew_mean          | 172         |
| time/                   |             |
|    fps                  | 252         |
|    iterations           | 135         |
|    time_elapsed         | 4379        |
|    total_timesteps      | 1405920     |
| train/                  |             |
|    approx_kl            | 0.005961227 |
|    clip_fraction        | 0.0464      |
|    clip_range           | 0.2         |
|    entropy_loss         | -1.39       |
|    explained_variance   | 0.941       |
|    learning_rate        | 0.0003      |
|    loss                 | -0.00762    |
|    n_updates            | 850         |
|    policy_gradient_loss | -0.00762    |
|    value_loss           | 0.0369      |
-----------------------------------------
-----------------------------------------
| rollout/                |             |
|    ep_len_mean          | 265         |
|    ep_rew_mean          | 171         |
| time/                   |             |
|    fps                  | 252         |
|    iterations           | 136         |
|    time_elapsed         | 4412        |
|    total_timesteps      | 1414112     |
| train/                  |             |
|    approx_kl            | 0.007004602 |
|    clip_fraction        | 0.068       |
|    clip_range           | 0.2         |
|    entropy_loss         | -1.4        |
|    explained_variance   | 0.906       |
|    learning_rate        | 0.0003      |
|    loss                 | 0.00493     |
|    n_updates            | 855         |
|    policy_gradient_loss | -0.00727    |
|    value_loss           | 0.0629      |
-----------------------------------------
------------------------------------------
| rollout/                |              |
|    ep_len_mean          | 266          |
|    ep_rew_mean          | 169          |
| time/                   |              |
|    fps                  | 252          |
|    iterations           | 137          |
|    time_elapsed         | 4445         |
|    total_timesteps      | 1422304      |
| train/                  |              |
|    approx_kl            | 0.0058381613 |
|    clip_fraction        | 0.0447       |
|    clip_range           | 0.2          |
|    entropy_loss         | -1.41        |
|    explained_variance   | 0.947        |
|    learning_rate        | 0.0003       |
|    loss                 | -0.00599     |
|    n_updates            | 860          |
|    policy_gradient_loss | -0.0058      |
|    value_loss           | 0.0359       |
------------------------------------------
------------------------------------------
| rollout/                |              |
|    ep_len_mean          | 274          |
|    ep_rew_mean          | 170          |
| time/                   |              |
|    fps                  | 252          |
|    iterations           | 138          |
|    time_elapsed         | 4478         |
|    total_timesteps      | 1430496      |
| train/                  |              |
|    approx_kl            | 0.0064317724 |
|    clip_fraction        | 0.0426       |
|    clip_range           | 0.2          |
|    entropy_loss         | -1.5         |
|    explained_variance   | 0.952        |
|    learning_rate        | 0.0003       |
|    loss                 | -0.00743     |
|    n_updates            | 865          |
|    policy_gradient_loss | -0.00637     |
|    value_loss           | 0.0404       |
------------------------------------------
------------------------------------------
| rollout/                |              |
|    ep_len_mean          | 290          |
|    ep_rew_mean          | 172          |
| time/                   |              |
|    fps                  | 252          |
|    iterations           | 139          |
|    time_elapsed         | 4512         |
|    total_timesteps      | 1438688      |
| train/                  |              |
|    approx_kl            | 0.0050382614 |
|    clip_fraction        | 0.0423       |
|    clip_range           | 0.2          |
|    entropy_loss         | -1.46        |
|    explained_variance   | 0.94         |
|    learning_rate        | 0.0003       |
|    loss                 | -0.00531     |
|    n_updates            | 870          |
|    policy_gradient_loss | -0.00622     |
|    value_loss           | 0.0352       |
------------------------------------------
-----------------------------------------
| rollout/                |             |
|    ep_len_mean          | 278         |
|    ep_rew_mean          | 167         |
| time/                   |             |
|    fps                  | 252         |
|    iterations           | 140         |
|    time_elapsed         | 4545        |
|    total_timesteps      | 1446880     |
| train/                  |             |
|    approx_kl            | 0.006819801 |
|    clip_fraction        | 0.0547      |
|    clip_range           | 0.2         |
|    entropy_loss         | -1.49       |
|    explained_variance   | 0.95        |
|    learning_rate        | 0.0003      |
|    loss                 | -0.00795    |
|    n_updates            | 875         |
|    policy_gradient_loss | -0.00674    |
|    value_loss           | 0.0339      |
-----------------------------------------
-----------------------------------------
| rollout/                |             |
|    ep_len_mean          | 271         |
|    ep_rew_mean          | 169         |
| time/                   |             |
|    fps                  | 252         |
|    iterations           | 141         |
|    time_elapsed         | 4578        |
|    total_timesteps      | 1455072     |
| train/                  |             |
|    approx_kl            | 0.006104193 |
|    clip_fraction        | 0.0565      |
|    clip_range           | 0.2         |
|    entropy_loss         | -1.36       |
|    explained_variance   | 0.913       |
|    learning_rate        | 0.0003      |
|    loss                 | -0.00288    |
|    n_updates            | 880         |
|    policy_gradient_loss | -0.00588    |
|    value_loss           | 0.0562      |
-----------------------------------------
------------------------------------------
| rollout/                |              |
|    ep_len_mean          | 269          |
|    ep_rew_mean          | 169          |
| time/                   |              |
|    fps                  | 252          |
|    iterations           | 142          |
|    time_elapsed         | 4611         |
|    total_timesteps      | 1463264      |
| train/                  |              |
|    approx_kl            | 0.0051891548 |
|    clip_fraction        | 0.0436       |
|    clip_range           | 0.2          |
|    entropy_loss         | -1.41        |
|    explained_variance   | 0.928        |
|    learning_rate        | 0.0003       |
|    loss                 | 0.00147      |
|    n_updates            | 885          |
|    policy_gradient_loss | -0.00559     |
|    value_loss           | 0.0545       |
------------------------------------------
------------------------------------------
| rollout/                |              |
|    ep_len_mean          | 273          |
|    ep_rew_mean          | 171          |
| time/                   |              |
|    fps                  | 252          |
|    iterations           | 143          |
|    time_elapsed         | 4644         |
|    total_timesteps      | 1471456      |
| train/                  |              |
|    approx_kl            | 0.0064473944 |
|    clip_fraction        | 0.0537       |
|    clip_range           | 0.2          |
|    entropy_loss         | -1.44        |
|    explained_variance   | 0.938        |
|    learning_rate        | 0.0003       |
|    loss                 | -0.0143      |
|    n_updates            | 890          |
|    policy_gradient_loss | -0.00723     |
|    value_loss           | 0.0411       |
------------------------------------------
------------------------------------------
| rollout/                |              |
|    ep_len_mean          | 275          |
|    ep_rew_mean          | 170          |
| time/                   |              |
|    fps                  | 252          |
|    iterations           | 144          |
|    time_elapsed         | 4677         |
|    total_timesteps      | 1479648      |
| train/                  |              |
|    approx_kl            | 0.0055765333 |
|    clip_fraction        | 0.0517       |
|    clip_range           | 0.2          |
|    entropy_loss         | -1.44        |
|    explained_variance   | 0.92         |
|    learning_rate        | 0.0003       |
|    loss                 | -0.00899     |
|    n_updates            | 895          |
|    policy_gradient_loss | -0.00618     |
|    value_loss           | 0.0446       |
------------------------------------------
-----------------------------------------
| rollout/                |             |
|    ep_len_mean          | 272         |
|    ep_rew_mean          | 167         |
| time/                   |             |
|    fps                  | 252         |
|    iterations           | 145         |
|    time_elapsed         | 4709        |
|    total_timesteps      | 1487840     |
| train/                  |             |
|    approx_kl            | 0.005372763 |
|    clip_fraction        | 0.0376      |
|    clip_range           | 0.2         |
|    entropy_loss         | -1.42       |
|    explained_variance   | 0.943       |
|    learning_rate        | 0.0003      |
|    loss                 | -0.0125     |
|    n_updates            | 900         |
|    policy_gradient_loss | -0.00616    |
|    value_loss           | 0.0385      |
-----------------------------------------
------------------------------------------
| rollout/                |              |
|    ep_len_mean          | 264          |
|    ep_rew_mean          | 169          |
| time/                   |              |
|    fps                  | 252          |
|    iterations           | 146          |
|    time_elapsed         | 4742         |
|    total_timesteps      | 1496032      |
| train/                  |              |
|    approx_kl            | 0.0070927273 |
|    clip_fraction        | 0.0572       |
|    clip_range           | 0.2          |
|    entropy_loss         | -1.4         |
|    explained_variance   | 0.947        |
|    learning_rate        | 0.0003       |
|    loss                 | -0.0149      |
|    n_updates            | 905          |
|    policy_gradient_loss | -0.00741     |
|    value_loss           | 0.0342       |
------------------------------------------
[Checkpoint] Saved at 1500000 steps > C:\Users\Admin\Desktop\disciple\realnewdisciples-main\Big_map\campaign_checkpoints\super-last-stand-3m-20260912-142514\campaign_ppo_step_1500000.zip
Eval num_timesteps=1500000, det_reward=136.72 +/- 44.90
Episode length: det=195.70 +/- 83.70
Victory rate: det=0.00%
--------------------------------------------------
| eval/                           |              |
|    deterministic_mean_ep_length | 196          |
|    deterministic_mean_reward    | 137          |
|    deterministic_victory_rate   | 0            |
|    mean_ep_length               | 196          |
|    mean_reward                  | 137          |
|    victory_rate                 | 0            |
| time/                           |              |
|    total_timesteps              | 1500000      |
| train/                          |              |
|    approx_kl                    | 0.0067774127 |
|    clip_fraction                | 0.0619       |
|    clip_range                   | 0.2          |
|    entropy_loss                 | -1.4         |
|    explained_variance           | 0.931        |
|    learning_rate                | 0.0003       |
|    loss                         | 0.00175      |
|    n_updates                    | 910          |
|    policy_gradient_loss         | -0.00793     |
|    value_loss                   | 0.0462       |
--------------------------------------------------
---------------------------------
| rollout/           |          |
|    ep_len_mean     | 269      |
|    ep_rew_mean     | 170      |
| time/              |          |
|    fps             | 251      |
|    iterations      | 147      |
|    time_elapsed    | 4790     |
|    total_timesteps | 1504224  |
---------------------------------
------------------------------------------
| rollout/                |              |
|    ep_len_mean          | 274          |
|    ep_rew_mean          | 166          |
| time/                   |              |
|    fps                  | 251          |
|    iterations           | 148          |
|    time_elapsed         | 4824         |
|    total_timesteps      | 1512416      |
| train/                  |              |
|    approx_kl            | 0.0066677593 |
|    clip_fraction        | 0.0534       |
|    clip_range           | 0.2          |
|    entropy_loss         | -1.45        |
|    explained_variance   | 0.927        |
|    learning_rate        | 0.0003       |
|    loss                 | -0.0153      |
|    n_updates            | 915          |
|    policy_gradient_loss | -0.00618     |
|    value_loss           | 0.0487       |
------------------------------------------
-----------------------------------------
| rollout/                |             |
|    ep_len_mean          | 297         |
|    ep_rew_mean          | 168         |
| time/                   |             |
|    fps                  | 251         |
|    iterations           | 149         |
|    time_elapsed         | 4857        |
|    total_timesteps      | 1520608     |
| train/                  |             |
|    approx_kl            | 0.007174019 |
|    clip_fraction        | 0.0567      |
|    clip_range           | 0.2         |
|    entropy_loss         | -1.54       |
|    explained_variance   | 0.945       |
|    learning_rate        | 0.0003      |
|    loss                 | -0.0141     |
|    n_updates            | 920         |
|    policy_gradient_loss | -0.00742    |
|    value_loss           | 0.0349      |
-----------------------------------------
-----------------------------------------
| rollout/                |             |
|    ep_len_mean          | 318         |
|    ep_rew_mean          | 168         |
| time/                   |             |
|    fps                  | 251         |
|    iterations           | 150         |
|    time_elapsed         | 4889        |
|    total_timesteps      | 1528800     |
| train/                  |             |
|    approx_kl            | 0.005991983 |
|    clip_fraction        | 0.055       |
|    clip_range           | 0.2         |
|    entropy_loss         | -1.6        |
|    explained_variance   | 0.951       |
|    learning_rate        | 0.0003      |
|    loss                 | -0.0123     |
|    n_updates            | 925         |
|    policy_gradient_loss | -0.00812    |
|    value_loss           | 0.032       |
-----------------------------------------
-----------------------------------------
| rollout/                |             |
|    ep_len_mean          | 340         |
|    ep_rew_mean          | 169         |
| time/                   |             |
|    fps                  | 251         |
|    iterations           | 151         |
|    time_elapsed         | 4922        |
|    total_timesteps      | 1536992     |
| train/                  |             |
|    approx_kl            | 0.007144031 |
|    clip_fraction        | 0.0331      |
|    clip_range           | 0.2         |
|    entropy_loss         | -1.33       |
|    explained_variance   | 0.96        |
|    learning_rate        | 0.0003      |
|    loss                 | -0.00554    |
|    n_updates            | 930         |
|    policy_gradient_loss | -0.00606    |
|    value_loss           | 0.0344      |
-----------------------------------------
-----------------------------------------
| rollout/                |             |
|    ep_len_mean          | 345         |
|    ep_rew_mean          | 177         |
| time/                   |             |
|    fps                  | 251         |
|    iterations           | 152         |
|    time_elapsed         | 4955        |
|    total_timesteps      | 1545184     |
| train/                  |             |
|    approx_kl            | 0.007417416 |
|    clip_fraction        | 0.0644      |
|    clip_range           | 0.2         |
|    entropy_loss         | -1.61       |
|    explained_variance   | 0.957       |
|    learning_rate        | 0.0003      |
|    loss                 | -0.017      |
|    n_updates            | 935         |
|    policy_gradient_loss | -0.00724    |
|    value_loss           | 0.0295      |
-----------------------------------------
------------------------------------------
| rollout/                |              |
|    ep_len_mean          | 332          |
|    ep_rew_mean          | 178          |
| time/                   |              |
|    fps                  | 251          |
|    iterations           | 153          |
|    time_elapsed         | 4988         |
|    total_timesteps      | 1553376      |
| train/                  |              |
|    approx_kl            | 0.0060418495 |
|    clip_fraction        | 0.0512       |
|    clip_range           | 0.2          |
|    entropy_loss         | -1.46        |
|    explained_variance   | 0.934        |
|    learning_rate        | 0.0003       |
|    loss                 | -0.0149      |
|    n_updates            | 940          |
|    policy_gradient_loss | -0.00857     |
|    value_loss           | 0.0359       |
------------------------------------------
------------------------------------------
| rollout/                |              |
|    ep_len_mean          | 314          |
|    ep_rew_mean          | 178          |
| time/                   |              |
|    fps                  | 251          |
|    iterations           | 154          |
|    time_elapsed         | 5021         |
|    total_timesteps      | 1561568      |
| train/                  |              |
|    approx_kl            | 0.0064571425 |
|    clip_fraction        | 0.062        |
|    clip_range           | 0.2          |
|    entropy_loss         | -1.51        |
|    explained_variance   | 0.944        |
|    learning_rate        | 0.0003       |
|    loss                 | -0.0121      |
|    n_updates            | 945          |
|    policy_gradient_loss | -0.00823     |
|    value_loss           | 0.0359       |
------------------------------------------
------------------------------------------
| rollout/                |              |
|    ep_len_mean          | 291          |
|    ep_rew_mean          | 175          |
| time/                   |              |
|    fps                  | 251          |
|    iterations           | 155          |
|    time_elapsed         | 5055         |
|    total_timesteps      | 1569760      |
| train/                  |              |
|    approx_kl            | 0.0065677273 |
|    clip_fraction        | 0.0571       |
|    clip_range           | 0.2          |
|    entropy_loss         | -1.47        |
|    explained_variance   | 0.935        |
|    learning_rate        | 0.0003       |
|    loss                 | -0.0104      |
|    n_updates            | 950          |
|    policy_gradient_loss | -0.00779     |
|    value_loss           | 0.0382       |
------------------------------------------
-----------------------------------------
| rollout/                |             |
|    ep_len_mean          | 289         |
|    ep_rew_mean          | 172         |
| time/                   |             |
|    fps                  | 251         |
|    iterations           | 156         |
|    time_elapsed         | 5088        |
|    total_timesteps      | 1577952     |
| train/                  |             |
|    approx_kl            | 0.005878327 |
|    clip_fraction        | 0.0548      |
|    clip_range           | 0.2         |
|    entropy_loss         | -1.44       |
|    explained_variance   | 0.947       |
|    learning_rate        | 0.0003      |
|    loss                 | -0.00982    |
|    n_updates            | 955         |
|    policy_gradient_loss | -0.00661    |
|    value_loss           | 0.037       |
-----------------------------------------
------------------------------------------
| rollout/                |              |
|    ep_len_mean          | 285          |
|    ep_rew_mean          | 178          |
| time/                   |              |
|    fps                  | 251          |
|    iterations           | 157          |
|    time_elapsed         | 5122         |
|    total_timesteps      | 1586144      |
| train/                  |              |
|    approx_kl            | 0.0070531564 |
|    clip_fraction        | 0.0579       |
|    clip_range           | 0.2          |
|    entropy_loss         | -1.45        |
|    explained_variance   | 0.936        |
|    learning_rate        | 0.0003       |
|    loss                 | -0.00687     |
|    n_updates            | 960          |
|    policy_gradient_loss | -0.00748     |
|    value_loss           | 0.046        |
------------------------------------------
-----------------------------------------
| rollout/                |             |
|    ep_len_mean          | 290         |
|    ep_rew_mean          | 182         |
| time/                   |             |
|    fps                  | 251         |
|    iterations           | 158         |
|    time_elapsed         | 5154        |
|    total_timesteps      | 1594336     |
| train/                  |             |
|    approx_kl            | 0.008003313 |
|    clip_fraction        | 0.0631      |
|    clip_range           | 0.2         |
|    entropy_loss         | -1.41       |
|    explained_variance   | 0.931       |
|    learning_rate        | 0.0003      |
|    loss                 | -0.0133     |
|    n_updates            | 965         |
|    policy_gradient_loss | -0.00808    |
|    value_loss           | 0.0424      |
-----------------------------------------
----------------------------------------
| rollout/                |            |
|    ep_len_mean          | 289        |
|    ep_rew_mean          | 183        |
| time/                   |            |
|    fps                  | 251        |
|    iterations           | 159        |
|    time_elapsed         | 5187       |
|    total_timesteps      | 1602528    |
| train/                  |            |
|    approx_kl            | 0.00709346 |
|    clip_fraction        | 0.0581     |
|    clip_range           | 0.2        |
|    entropy_loss         | -1.4       |
|    explained_variance   | 0.894      |
|    learning_rate        | 0.0003     |
|    loss                 | 0.00107    |
|    n_updates            | 970        |
|    policy_gradient_loss | -0.00698   |
|    value_loss           | 0.056      |
----------------------------------------
-----------------------------------------
| rollout/                |             |
|    ep_len_mean          | 279         |
|    ep_rew_mean          | 179         |
| time/                   |             |
|    fps                  | 251         |
|    iterations           | 160         |
|    time_elapsed         | 5220        |
|    total_timesteps      | 1610720     |
| train/                  |             |
|    approx_kl            | 0.006560591 |
|    clip_fraction        | 0.0496      |
|    clip_range           | 0.2         |
|    entropy_loss         | -1.37       |
|    explained_variance   | 0.936       |
|    learning_rate        | 0.0003      |
|    loss                 | -0.00824    |
|    n_updates            | 975         |
|    policy_gradient_loss | -0.00725    |
|    value_loss           | 0.0386      |
-----------------------------------------
-----------------------------------------
| rollout/                |             |
|    ep_len_mean          | 276         |
|    ep_rew_mean          | 175         |
| time/                   |             |
|    fps                  | 251         |
|    iterations           | 161         |
|    time_elapsed         | 5252        |
|    total_timesteps      | 1618912     |
| train/                  |             |
|    approx_kl            | 0.007722772 |
|    clip_fraction        | 0.0699      |
|    clip_range           | 0.2         |
|    entropy_loss         | -1.37       |
|    explained_variance   | 0.915       |
|    learning_rate        | 0.0003      |
|    loss                 | -0.00811    |
|    n_updates            | 980         |
|    policy_gradient_loss | -0.00901    |
|    value_loss           | 0.0512      |
-----------------------------------------
------------------------------------------
| rollout/                |              |
|    ep_len_mean          | 271          |
|    ep_rew_mean          | 172          |
| time/                   |              |
|    fps                  | 251          |
|    iterations           | 162          |
|    time_elapsed         | 5285         |
|    total_timesteps      | 1627104      |
| train/                  |              |
|    approx_kl            | 0.0068700043 |
|    clip_fraction        | 0.0573       |
|    clip_range           | 0.2          |
|    entropy_loss         | -1.41        |
|    explained_variance   | 0.933        |
|    learning_rate        | 0.0003       |
|    loss                 | -0.0162      |
|    n_updates            | 985          |
|    policy_gradient_loss | -0.00639     |
|    value_loss           | 0.0403       |
------------------------------------------
------------------------------------------
| rollout/                |              |
|    ep_len_mean          | 270          |
|    ep_rew_mean          | 172          |
| time/                   |              |
|    fps                  | 251          |
|    iterations           | 163          |
|    time_elapsed         | 5318         |
|    total_timesteps      | 1635296      |
| train/                  |              |
|    approx_kl            | 0.0075165606 |
|    clip_fraction        | 0.0681       |
|    clip_range           | 0.2          |
|    entropy_loss         | -1.41        |
|    explained_variance   | 0.933        |
|    learning_rate        | 0.0003       |
|    loss                 | -0.0128      |
|    n_updates            | 990          |
|    policy_gradient_loss | -0.00715     |
|    value_loss           | 0.0445       |
------------------------------------------
-----------------------------------------
| rollout/                |             |
|    ep_len_mean          | 280         |
|    ep_rew_mean          | 175         |
| time/                   |             |
|    fps                  | 251         |
|    iterations           | 164         |
|    time_elapsed         | 5351        |
|    total_timesteps      | 1643488     |
| train/                  |             |
|    approx_kl            | 0.007691993 |
|    clip_fraction        | 0.0644      |
|    clip_range           | 0.2         |
|    entropy_loss         | -1.4        |
|    explained_variance   | 0.923       |
|    learning_rate        | 0.0003      |
|    loss                 | -0.00753    |
|    n_updates            | 995         |
|    policy_gradient_loss | -0.00852    |
|    value_loss           | 0.0435      |
-----------------------------------------
-----------------------------------------
| rollout/                |             |
|    ep_len_mean          | 280         |
|    ep_rew_mean          | 179         |
| time/                   |             |
|    fps                  | 251         |
|    iterations           | 165         |
|    time_elapsed         | 5384        |
|    total_timesteps      | 1651680     |
| train/                  |             |
|    approx_kl            | 0.006500037 |
|    clip_fraction        | 0.0538      |
|    clip_range           | 0.2         |
|    entropy_loss         | -1.38       |
|    explained_variance   | 0.935       |
|    learning_rate        | 0.0003      |
|    loss                 | -0.000574   |
|    n_updates            | 1000        |
|    policy_gradient_loss | -0.00696    |
|    value_loss           | 0.0403      |
-----------------------------------------
------------------------------------------
| rollout/                |              |
|    ep_len_mean          | 283          |
|    ep_rew_mean          | 181          |
| time/                   |              |
|    fps                  | 251          |
|    iterations           | 166          |
|    time_elapsed         | 5417         |
|    total_timesteps      | 1659872      |
| train/                  |              |
|    approx_kl            | 0.0064685447 |
|    clip_fraction        | 0.0529       |
|    clip_range           | 0.2          |
|    entropy_loss         | -1.42        |
|    explained_variance   | 0.932        |
|    learning_rate        | 0.0003       |
|    loss                 | -0.0122      |
|    n_updates            | 1005         |
|    policy_gradient_loss | -0.00853     |
|    value_loss           | 0.0488       |
------------------------------------------
------------------------------------------
| rollout/                |              |
|    ep_len_mean          | 278          |
|    ep_rew_mean          | 174          |
| time/                   |              |
|    fps                  | 251          |
|    iterations           | 167          |
|    time_elapsed         | 5450         |
|    total_timesteps      | 1668064      |
| train/                  |              |
|    approx_kl            | 0.0061003887 |
|    clip_fraction        | 0.0609       |
|    clip_range           | 0.2          |
|    entropy_loss         | -1.41        |
|    explained_variance   | 0.939        |
|    learning_rate        | 0.0003       |
|    loss                 | -0.0103      |
|    n_updates            | 1010         |
|    policy_gradient_loss | -0.00755     |
|    value_loss           | 0.0377       |
------------------------------------------
-----------------------------------------
| rollout/                |             |
|    ep_len_mean          | 272         |
|    ep_rew_mean          | 173         |
| time/                   |             |
|    fps                  | 251         |
|    iterations           | 168         |
|    time_elapsed         | 5483        |
|    total_timesteps      | 1676256     |
| train/                  |             |
|    approx_kl            | 0.006400207 |
|    clip_fraction        | 0.0666      |
|    clip_range           | 0.2         |
|    entropy_loss         | -1.39       |
|    explained_variance   | 0.889       |
|    learning_rate        | 0.0003      |
|    loss                 | -0.00163    |
|    n_updates            | 1015        |
|    policy_gradient_loss | -0.00791    |
|    value_loss           | 0.0672      |
-----------------------------------------
-----------------------------------------
| rollout/                |             |
|    ep_len_mean          | 268         |
|    ep_rew_mean          | 172         |
| time/                   |             |
|    fps                  | 250         |
|    iterations           | 169         |
|    time_elapsed         | 5516        |
|    total_timesteps      | 1684448     |
| train/                  |             |
|    approx_kl            | 0.007014388 |
|    clip_fraction        | 0.0671      |
|    clip_range           | 0.2         |
|    entropy_loss         | -1.39       |
|    explained_variance   | 0.918       |
|    learning_rate        | 0.0003      |
|    loss                 | -0.0075     |
|    n_updates            | 1020        |
|    policy_gradient_loss | -0.00864    |
|    value_loss           | 0.053       |
-----------------------------------------
------------------------------------------
| rollout/                |              |
|    ep_len_mean          | 274          |
|    ep_rew_mean          | 174          |
| time/                   |              |
|    fps                  | 250          |
|    iterations           | 170          |
|    time_elapsed         | 5549         |
|    total_timesteps      | 1692640      |
| train/                  |              |
|    approx_kl            | 0.0062823747 |
|    clip_fraction        | 0.0604       |
|    clip_range           | 0.2          |
|    entropy_loss         | -1.35        |
|    explained_variance   | 0.919        |
|    learning_rate        | 0.0003       |
|    loss                 | -0.00849     |
|    n_updates            | 1025         |
|    policy_gradient_loss | -0.00799     |
|    value_loss           | 0.0552       |
------------------------------------------
-----------------------------------------
| rollout/                |             |
|    ep_len_mean          | 281         |
|    ep_rew_mean          | 178         |
| time/                   |             |
|    fps                  | 250         |
|    iterations           | 171         |
|    time_elapsed         | 5582        |
|    total_timesteps      | 1700832     |
| train/                  |             |
|    approx_kl            | 0.005783655 |
|    clip_fraction        | 0.046       |
|    clip_range           | 0.2         |
|    entropy_loss         | -1.36       |
|    explained_variance   | 0.932       |
|    learning_rate        | 0.0003      |
|    loss                 | -0.00786    |
|    n_updates            | 1030        |
|    policy_gradient_loss | -0.00653    |
|    value_loss           | 0.0416      |
-----------------------------------------
------------------------------------------
| rollout/                |              |
|    ep_len_mean          | 280          |
|    ep_rew_mean          | 180          |
| time/                   |              |
|    fps                  | 250          |
|    iterations           | 172          |
|    time_elapsed         | 5615         |
|    total_timesteps      | 1709024      |
| train/                  |              |
|    approx_kl            | 0.0054043336 |
|    clip_fraction        | 0.0394       |
|    clip_range           | 0.2          |
|    entropy_loss         | -1.32        |
|    explained_variance   | 0.939        |
|    learning_rate        | 0.0003       |
|    loss                 | -0.00859     |
|    n_updates            | 1035         |
|    policy_gradient_loss | -0.00625     |
|    value_loss           | 0.0385       |
------------------------------------------
------------------------------------------
| rollout/                |              |
|    ep_len_mean          | 278          |
|    ep_rew_mean          | 181          |
| time/                   |              |
|    fps                  | 250          |
|    iterations           | 173          |
|    time_elapsed         | 5648         |
|    total_timesteps      | 1717216      |
| train/                  |              |
|    approx_kl            | 0.0056578065 |
|    clip_fraction        | 0.0482       |
|    clip_range           | 0.2          |
|    entropy_loss         | -1.31        |
|    explained_variance   | 0.912        |
|    learning_rate        | 0.0003       |
|    loss                 | 0.000435     |
|    n_updates            | 1040         |
|    policy_gradient_loss | -0.0068      |
|    value_loss           | 0.0497       |
------------------------------------------
-----------------------------------------
| rollout/                |             |
|    ep_len_mean          | 272         |
|    ep_rew_mean          | 183         |
| time/                   |             |
|    fps                  | 250         |
|    iterations           | 174         |
|    time_elapsed         | 5681        |
|    total_timesteps      | 1725408     |
| train/                  |             |
|    approx_kl            | 0.005108911 |
|    clip_fraction        | 0.0402      |
|    clip_range           | 0.2         |
|    entropy_loss         | -1.32       |
|    explained_variance   | 0.933       |
|    learning_rate        | 0.0003      |
|    loss                 | -0.00742    |
|    n_updates            | 1045        |
|    policy_gradient_loss | -0.00574    |
|    value_loss           | 0.0493      |
-----------------------------------------
-----------------------------------------
| rollout/                |             |
|    ep_len_mean          | 276         |
|    ep_rew_mean          | 183         |
| time/                   |             |
|    fps                  | 250         |
|    iterations           | 175         |
|    time_elapsed         | 5715        |
|    total_timesteps      | 1733600     |
| train/                  |             |
|    approx_kl            | 0.005722876 |
|    clip_fraction        | 0.0504      |
|    clip_range           | 0.2         |
|    entropy_loss         | -1.28       |
|    explained_variance   | 0.909       |
|    learning_rate        | 0.0003      |
|    loss                 | -0.00434    |
|    n_updates            | 1050        |
|    policy_gradient_loss | -0.0064     |
|    value_loss           | 0.0598      |
-----------------------------------------
-----------------------------------------
| rollout/                |             |
|    ep_len_mean          | 274         |
|    ep_rew_mean          | 181         |
| time/                   |             |
|    fps                  | 250         |
|    iterations           | 176         |
|    time_elapsed         | 5748        |
|    total_timesteps      | 1741792     |
| train/                  |             |
|    approx_kl            | 0.006547047 |
|    clip_fraction        | 0.054       |
|    clip_range           | 0.2         |
|    entropy_loss         | -1.33       |
|    explained_variance   | 0.947       |
|    learning_rate        | 0.0003      |
|    loss                 | -0.0074     |
|    n_updates            | 1055        |
|    policy_gradient_loss | -0.00725    |
|    value_loss           | 0.0401      |
-----------------------------------------
-----------------------------------------
| rollout/                |             |
|    ep_len_mean          | 284         |
|    ep_rew_mean          | 188         |
| time/                   |             |
|    fps                  | 250         |
|    iterations           | 177         |
|    time_elapsed         | 5781        |
|    total_timesteps      | 1749984     |
| train/                  |             |
|    approx_kl            | 0.005129184 |
|    clip_fraction        | 0.0475      |
|    clip_range           | 0.2         |
|    entropy_loss         | -1.3        |
|    explained_variance   | 0.945       |
|    learning_rate        | 0.0003      |
|    loss                 | -0.00248    |
|    n_updates            | 1060        |
|    policy_gradient_loss | -0.00617    |
|    value_loss           | 0.0364      |
-----------------------------------------
-----------------------------------------
| rollout/                |             |
|    ep_len_mean          | 278         |
|    ep_rew_mean          | 182         |
| time/                   |             |
|    fps                  | 250         |
|    iterations           | 178         |
|    time_elapsed         | 5811        |
|    total_timesteps      | 1758176     |
| train/                  |             |
|    approx_kl            | 0.005431894 |
|    clip_fraction        | 0.0503      |
|    clip_range           | 0.2         |
|    entropy_loss         | -1.3        |
|    explained_variance   | 0.949       |
|    learning_rate        | 0.0003      |
|    loss                 | -0.00783    |
|    n_updates            | 1065        |
|    policy_gradient_loss | -0.00726    |
|    value_loss           | 0.0379      |
-----------------------------------------
-----------------------------------------
| rollout/                |             |
|    ep_len_mean          | 271         |
|    ep_rew_mean          | 180         |
| time/                   |             |
|    fps                  | 251         |
|    iterations           | 179         |
|    time_elapsed         | 5840        |
|    total_timesteps      | 1766368     |
| train/                  |             |
|    approx_kl            | 0.012515269 |
|    clip_fraction        | 0.0707      |
|    clip_range           | 0.2         |
|    entropy_loss         | -1.34       |
|    explained_variance   | 0.963       |
|    learning_rate        | 0.0003      |
|    loss                 | -0.0135     |
|    n_updates            | 1070        |
|    policy_gradient_loss | -0.00722    |
|    value_loss           | 0.035       |
-----------------------------------------
-----------------------------------------
| rollout/                |             |
|    ep_len_mean          | 313         |
|    ep_rew_mean          | 168         |
| time/                   |             |
|    fps                  | 251         |
|    iterations           | 180         |
|    time_elapsed         | 5871        |
|    total_timesteps      | 1774560     |
| train/                  |             |
|    approx_kl            | 0.008319519 |
|    clip_fraction        | 0.0733      |
|    clip_range           | 0.2         |
|    entropy_loss         | -1.33       |
|    explained_variance   | 0.951       |
|    learning_rate        | 0.0003      |
|    loss                 | -0.0027     |
|    n_updates            | 1075        |
|    policy_gradient_loss | -0.00669    |
|    value_loss           | 0.0544      |
-----------------------------------------
-----------------------------------------
| rollout/                |             |
|    ep_len_mean          | 308         |
|    ep_rew_mean          | 165         |
| time/                   |             |
|    fps                  | 251         |
|    iterations           | 181         |
|    time_elapsed         | 5903        |
|    total_timesteps      | 1782752     |
| train/                  |             |
|    approx_kl            | 0.010042116 |
|    clip_fraction        | 0.0859      |
|    clip_range           | 0.2         |
|    entropy_loss         | -1.3        |
|    explained_variance   | 0.952       |
|    learning_rate        | 0.0003      |
|    loss                 | 0.00411     |
|    n_updates            | 1080        |
|    policy_gradient_loss | -0.00787    |
|    value_loss           | 0.0549      |
-----------------------------------------
------------------------------------------
| rollout/                |              |
|    ep_len_mean          | 315          |
|    ep_rew_mean          | 167          |
| time/                   |              |
|    fps                  | 251          |
|    iterations           | 182          |
|    time_elapsed         | 5936         |
|    total_timesteps      | 1790944      |
| train/                  |              |
|    approx_kl            | 0.0063413763 |
|    clip_fraction        | 0.0509       |
|    clip_range           | 0.2          |
|    entropy_loss         | -1.31        |
|    explained_variance   | 0.94         |
|    learning_rate        | 0.0003       |
|    loss                 | -0.00275     |
|    n_updates            | 1085         |
|    policy_gradient_loss | -0.006       |
|    value_loss           | 0.0494       |
------------------------------------------
------------------------------------------
| rollout/                |              |
|    ep_len_mean          | 276          |
|    ep_rew_mean          | 183          |
| time/                   |              |
|    fps                  | 251          |
|    iterations           | 183          |
|    time_elapsed         | 5969         |
|    total_timesteps      | 1799136      |
| train/                  |              |
|    approx_kl            | 0.0058492795 |
|    clip_fraction        | 0.0507       |
|    clip_range           | 0.2          |
|    entropy_loss         | -1.35        |
|    explained_variance   | 0.947        |
|    learning_rate        | 0.0003       |
|    loss                 | -0.0104      |
|    n_updates            | 1090         |
|    policy_gradient_loss | -0.00775     |
|    value_loss           | 0.0398       |
------------------------------------------
[Checkpoint] Saved at 1800000 steps > C:\Users\Admin\Desktop\disciple\realnewdisciples-main\Big_map\campaign_checkpoints\super-last-stand-3m-20260912-142514\campaign_ppo_step_1800000.zip
Eval num_timesteps=1800000, det_reward=162.36 +/- 10.78
Episode length: det=262.75 +/- 47.04
Victory rate: det=0.00%
-------------------------------------------------
| eval/                           |             |
|    deterministic_mean_ep_length | 263         |
|    deterministic_mean_reward    | 162         |
|    deterministic_victory_rate   | 0           |
|    mean_ep_length               | 263         |
|    mean_reward                  | 162         |
|    victory_rate                 | 0           |
| time/                           |             |
|    total_timesteps              | 1800000     |
| train/                          |             |
|    approx_kl                    | 0.005116503 |
|    clip_fraction                | 0.0402      |
|    clip_range                   | 0.2         |
|    entropy_loss                 | -1.25       |
|    explained_variance           | 0.951       |
|    learning_rate                | 0.0003      |
|    loss                         | -0.00281    |
|    n_updates                    | 1095        |
|    policy_gradient_loss         | -0.00573    |
|    value_loss                   | 0.0444      |
-------------------------------------------------
---------------------------------
| rollout/           |          |
|    ep_len_mean     | 284      |
|    ep_rew_mean     | 184      |
| time/              |          |
|    fps             | 250      |
|    iterations      | 184      |
|    time_elapsed    | 6028     |
|    total_timesteps | 1807328  |
---------------------------------
-----------------------------------------
| rollout/                |             |
|    ep_len_mean          | 283         |
|    ep_rew_mean          | 181         |
| time/                   |             |
|    fps                  | 249         |
|    iterations           | 185         |
|    time_elapsed         | 6062        |
|    total_timesteps      | 1815520     |
| train/                  |             |
|    approx_kl            | 0.007004147 |
|    clip_fraction        | 0.0525      |
|    clip_range           | 0.2         |
|    entropy_loss         | -1.35       |
|    explained_variance   | 0.954       |
|    learning_rate        | 0.0003      |
|    loss                 | -0.00485    |
|    n_updates            | 1100        |
|    policy_gradient_loss | -0.00675    |
|    value_loss           | 0.0387      |
-----------------------------------------
-----------------------------------------
| rollout/                |             |
|    ep_len_mean          | 283         |
|    ep_rew_mean          | 179         |
| time/                   |             |
|    fps                  | 249         |
|    iterations           | 186         |
|    time_elapsed         | 6095        |
|    total_timesteps      | 1823712     |
| train/                  |             |
|    approx_kl            | 0.007831414 |
|    clip_fraction        | 0.0765      |
|    clip_range           | 0.2         |
|    entropy_loss         | -1.36       |
|    explained_variance   | 0.962       |
|    learning_rate        | 0.0003      |
|    loss                 | -0.0166     |
|    n_updates            | 1105        |
|    policy_gradient_loss | -0.00762    |
|    value_loss           | 0.0299      |
-----------------------------------------
-----------------------------------------
| rollout/                |             |
|    ep_len_mean          | 286         |
|    ep_rew_mean          | 178         |
| time/                   |             |
|    fps                  | 250         |
|    iterations           | 187         |
|    time_elapsed         | 6127        |
|    total_timesteps      | 1831904     |
| train/                  |             |
|    approx_kl            | 0.006180664 |
|    clip_fraction        | 0.051       |
|    clip_range           | 0.2         |
|    entropy_loss         | -1.4        |
|    explained_variance   | 0.931       |
|    learning_rate        | 0.0003      |
|    loss                 | -0.00325    |
|    n_updates            | 1110        |
|    policy_gradient_loss | -0.00598    |
|    value_loss           | 0.0496      |
-----------------------------------------
-----------------------------------------
| rollout/                |             |
|    ep_len_mean          | 286         |
|    ep_rew_mean          | 180         |
| time/                   |             |
|    fps                  | 250         |
|    iterations           | 188         |
|    time_elapsed         | 6160        |
|    total_timesteps      | 1840096     |
| train/                  |             |
|    approx_kl            | 0.007728167 |
|    clip_fraction        | 0.0799      |
|    clip_range           | 0.2         |
|    entropy_loss         | -1.35       |
|    explained_variance   | 0.916       |
|    learning_rate        | 0.0003      |
|    loss                 | -0.0118     |
|    n_updates            | 1115        |
|    policy_gradient_loss | -0.00731    |
|    value_loss           | 0.0542      |
-----------------------------------------
-----------------------------------------
| rollout/                |             |
|    ep_len_mean          | 267         |
|    ep_rew_mean          | 178         |
| time/                   |             |
|    fps                  | 250         |
|    iterations           | 189         |
|    time_elapsed         | 6192        |
|    total_timesteps      | 1848288     |
| train/                  |             |
|    approx_kl            | 0.005032669 |
|    clip_fraction        | 0.0333      |
|    clip_range           | 0.2         |
|    entropy_loss         | -1.23       |
|    explained_variance   | 0.934       |
|    learning_rate        | 0.0003      |
|    loss                 | -0.0013     |
|    n_updates            | 1120        |
|    policy_gradient_loss | -0.00512    |
|    value_loss           | 0.0507      |
-----------------------------------------
------------------------------------------
| rollout/                |              |
|    ep_len_mean          | 272          |
|    ep_rew_mean          | 187          |
| time/                   |              |
|    fps                  | 250          |
|    iterations           | 190          |
|    time_elapsed         | 6222         |
|    total_timesteps      | 1856480      |
| train/                  |              |
|    approx_kl            | 0.0054639676 |
|    clip_fraction        | 0.0471       |
|    clip_range           | 0.2          |
|    entropy_loss         | -1.27        |
|    explained_variance   | 0.936        |
|    learning_rate        | 0.0003       |
|    loss                 | -0.00244     |
|    n_updates            | 1125         |
|    policy_gradient_loss | -0.00541     |
|    value_loss           | 0.0491       |
------------------------------------------
------------------------------------------
| rollout/                |              |
|    ep_len_mean          | 272          |
|    ep_rew_mean          | 186          |
| time/                   |              |
|    fps                  | 250          |
|    iterations           | 191          |
|    time_elapsed         | 6249         |
|    total_timesteps      | 1864672      |
| train/                  |              |
|    approx_kl            | 0.0053697815 |
|    clip_fraction        | 0.0432       |
|    clip_range           | 0.2          |
|    entropy_loss         | -0.975       |
|    explained_variance   | 0.945        |
|    learning_rate        | 0.0003       |
|    loss                 | 0.00251      |
|    n_updates            | 1130         |
|    policy_gradient_loss | -0.00829     |
|    value_loss           | 0.0394       |
------------------------------------------
-----------------------------------------
| rollout/                |             |
|    ep_len_mean          | 321         |
|    ep_rew_mean          | 178         |
| time/                   |             |
|    fps                  | 250         |
|    iterations           | 192         |
|    time_elapsed         | 6280        |
|    total_timesteps      | 1872864     |
| train/                  |             |
|    approx_kl            | 0.005264829 |
|    clip_fraction        | 0.0441      |
|    clip_range           | 0.2         |
|    entropy_loss         | -0.976      |
|    explained_variance   | 0.969       |
|    learning_rate        | 0.0003      |
|    loss                 | -0.0096     |
|    n_updates            | 1135        |
|    policy_gradient_loss | -0.00666    |
|    value_loss           | 0.0288      |
-----------------------------------------
------------------------------------------
| rollout/                |              |
|    ep_len_mean          | 323          |
|    ep_rew_mean          | 175          |
| time/                   |              |
|    fps                  | 250          |
|    iterations           | 193          |
|    time_elapsed         | 6313         |
|    total_timesteps      | 1881056      |
| train/                  |              |
|    approx_kl            | 0.0050534466 |
|    clip_fraction        | 0.0342       |
|    clip_range           | 0.2          |
|    entropy_loss         | -1.15        |
|    explained_variance   | 0.955        |
|    learning_rate        | 0.0003       |
|    loss                 | -0.00895     |
|    n_updates            | 1140         |
|    policy_gradient_loss | -0.00683     |
|    value_loss           | 0.0434       |
------------------------------------------
----------------------------------------
| rollout/                |            |
|    ep_len_mean          | 322        |
|    ep_rew_mean          | 171        |
| time/                   |            |
|    fps                  | 250        |
|    iterations           | 194        |
|    time_elapsed         | 6347       |
|    total_timesteps      | 1889248    |
| train/                  |            |
|    approx_kl            | 0.00690648 |
|    clip_fraction        | 0.0563     |
|    clip_range           | 0.2        |
|    entropy_loss         | -1.36      |
|    explained_variance   | 0.943      |
|    learning_rate        | 0.0003     |
|    loss                 | 0.00164    |
|    n_updates            | 1145       |
|    policy_gradient_loss | -0.00635   |
|    value_loss           | 0.0479     |
----------------------------------------
------------------------------------------
| rollout/                |              |
|    ep_len_mean          | 268          |
|    ep_rew_mean          | 177          |
| time/                   |              |
|    fps                  | 250          |
|    iterations           | 195          |
|    time_elapsed         | 6380         |
|    total_timesteps      | 1897440      |
| train/                  |              |
|    approx_kl            | 0.0070522185 |
|    clip_fraction        | 0.0683       |
|    clip_range           | 0.2          |
|    entropy_loss         | -1.24        |
|    explained_variance   | 0.957        |
|    learning_rate        | 0.0003       |
|    loss                 | -0.00874     |
|    n_updates            | 1150         |
|    policy_gradient_loss | -0.00783     |
|    value_loss           | 0.0367       |
------------------------------------------
------------------------------------------
| rollout/                |              |
|    ep_len_mean          | 261          |
|    ep_rew_mean          | 181          |
| time/                   |              |
|    fps                  | 250          |
|    iterations           | 196          |
|    time_elapsed         | 6413         |
|    total_timesteps      | 1905632      |
| train/                  |              |
|    approx_kl            | 0.0057941824 |
|    clip_fraction        | 0.0431       |
|    clip_range           | 0.2          |
|    entropy_loss         | -1.26        |
|    explained_variance   | 0.929        |
|    learning_rate        | 0.0003       |
|    loss                 | 0.00669      |
|    n_updates            | 1155         |
|    policy_gradient_loss | -0.00593     |
|    value_loss           | 0.0495       |
------------------------------------------
------------------------------------------
| rollout/                |              |
|    ep_len_mean          | 256          |
|    ep_rew_mean          | 183          |
| time/                   |              |
|    fps                  | 250          |
|    iterations           | 197          |
|    time_elapsed         | 6446         |
|    total_timesteps      | 1913824      |
| train/                  |              |
|    approx_kl            | 0.0056407815 |
|    clip_fraction        | 0.0447       |
|    clip_range           | 0.2          |
|    entropy_loss         | -1.21        |
|    explained_variance   | 0.922        |
|    learning_rate        | 0.0003       |
|    loss                 | 0.0071       |
|    n_updates            | 1160         |
|    policy_gradient_loss | -0.0057      |
|    value_loss           | 0.0689       |
------------------------------------------
------------------------------------------
| rollout/                |              |
|    ep_len_mean          | 262          |
|    ep_rew_mean          | 184          |
| time/                   |              |
|    fps                  | 250          |
|    iterations           | 198          |
|    time_elapsed         | 6478         |
|    total_timesteps      | 1922016      |
| train/                  |              |
|    approx_kl            | 0.0071922783 |
|    clip_fraction        | 0.0696       |
|    clip_range           | 0.2          |
|    entropy_loss         | -1.26        |
|    explained_variance   | 0.917        |
|    learning_rate        | 0.0003       |
|    loss                 | 0.00868      |
|    n_updates            | 1165         |
|    policy_gradient_loss | -0.00793     |
|    value_loss           | 0.0604       |
------------------------------------------
------------------------------------------
| rollout/                |              |
|    ep_len_mean          | 268          |
|    ep_rew_mean          | 189          |
| time/                   |              |
|    fps                  | 250          |
|    iterations           | 199          |
|    time_elapsed         | 6510         |
|    total_timesteps      | 1930208      |
| train/                  |              |
|    approx_kl            | 0.0051442552 |
|    clip_fraction        | 0.0378       |
|    clip_range           | 0.2          |
|    entropy_loss         | -1.27        |
|    explained_variance   | 0.915        |
|    learning_rate        | 0.0003       |
|    loss                 | -0.00152     |
|    n_updates            | 1170         |
|    policy_gradient_loss | -0.0049      |
|    value_loss           | 0.0561       |
------------------------------------------
------------------------------------------
| rollout/                |              |
|    ep_len_mean          | 271          |
|    ep_rew_mean          | 185          |
| time/                   |              |
|    fps                  | 250          |
|    iterations           | 200          |
|    time_elapsed         | 6541         |
|    total_timesteps      | 1938400      |
| train/                  |              |
|    approx_kl            | 0.0059184744 |
|    clip_fraction        | 0.0518       |
|    clip_range           | 0.2          |
|    entropy_loss         | -1.22        |
|    explained_variance   | 0.918        |
|    learning_rate        | 0.0003       |
|    loss                 | 0.00617      |
|    n_updates            | 1175         |
|    policy_gradient_loss | -0.00783     |
|    value_loss           | 0.0561       |
------------------------------------------
------------------------------------------
| rollout/                |              |
|    ep_len_mean          | 275          |
|    ep_rew_mean          | 186          |
| time/                   |              |
|    fps                  | 250          |
|    iterations           | 201          |
|    time_elapsed         | 6573         |
|    total_timesteps      | 1946592      |
| train/                  |              |
|    approx_kl            | 0.0066411863 |
|    clip_fraction        | 0.0541       |
|    clip_range           | 0.2          |
|    entropy_loss         | -1.32        |
|    explained_variance   | 0.929        |
|    learning_rate        | 0.0003       |
|    loss                 | -0.00887     |
|    n_updates            | 1180         |
|    policy_gradient_loss | -0.00687     |
|    value_loss           | 0.053        |
------------------------------------------
------------------------------------------
| rollout/                |              |
|    ep_len_mean          | 270          |
|    ep_rew_mean          | 181          |
| time/                   |              |
|    fps                  | 250          |
|    iterations           | 202          |
|    time_elapsed         | 6605         |
|    total_timesteps      | 1954784      |
| train/                  |              |
|    approx_kl            | 0.0056810183 |
|    clip_fraction        | 0.0443       |
|    clip_range           | 0.2          |
|    entropy_loss         | -1.31        |
|    explained_variance   | 0.943        |
|    learning_rate        | 0.0003       |
|    loss                 | -0.00195     |
|    n_updates            | 1185         |
|    policy_gradient_loss | -0.00615     |
|    value_loss           | 0.0492       |
------------------------------------------
-----------------------------------------
| rollout/                |             |
|    ep_len_mean          | 274         |
|    ep_rew_mean          | 183         |
| time/                   |             |
|    fps                  | 250         |
|    iterations           | 203         |
|    time_elapsed         | 6638        |
|    total_timesteps      | 1962976     |
| train/                  |             |
|    approx_kl            | 0.005524479 |
|    clip_fraction        | 0.0494      |
|    clip_range           | 0.2         |
|    entropy_loss         | -1.17       |
|    explained_variance   | 0.921       |
|    learning_rate        | 0.0003      |
|    loss                 | -0.00101    |
|    n_updates            | 1190        |
|    policy_gradient_loss | -0.00692    |
|    value_loss           | 0.0624      |
-----------------------------------------
-----------------------------------------
| rollout/                |             |
|    ep_len_mean          | 270         |
|    ep_rew_mean          | 185         |
| time/                   |             |
|    fps                  | 250         |
|    iterations           | 204         |
|    time_elapsed         | 6670        |
|    total_timesteps      | 1971168     |
| train/                  |             |
|    approx_kl            | 0.006475742 |
|    clip_fraction        | 0.0599      |
|    clip_range           | 0.2         |
|    entropy_loss         | -1.37       |
|    explained_variance   | 0.923       |
|    learning_rate        | 0.0003      |
|    loss                 | -0.00442    |
|    n_updates            | 1195        |
|    policy_gradient_loss | -0.00624    |
|    value_loss           | 0.0523      |
-----------------------------------------
------------------------------------------
| rollout/                |              |
|    ep_len_mean          | 283          |
|    ep_rew_mean          | 192          |
| time/                   |              |
|    fps                  | 250          |
|    iterations           | 205          |
|    time_elapsed         | 6702         |
|    total_timesteps      | 1979360      |
| train/                  |              |
|    approx_kl            | 0.0065841493 |
|    clip_fraction        | 0.0511       |
|    clip_range           | 0.2          |
|    entropy_loss         | -1.27        |
|    explained_variance   | 0.925        |
|    learning_rate        | 0.0003       |
|    loss                 | 0.00255      |
|    n_updates            | 1200         |
|    policy_gradient_loss | -0.00723     |
|    value_loss           | 0.0616       |
------------------------------------------
-----------------------------------------
| rollout/                |             |
|    ep_len_mean          | 280         |
|    ep_rew_mean          | 191         |
| time/                   |             |
|    fps                  | 250         |
|    iterations           | 206         |
|    time_elapsed         | 6734        |
|    total_timesteps      | 1987552     |
| train/                  |             |
|    approx_kl            | 0.006458805 |
|    clip_fraction        | 0.0601      |
|    clip_range           | 0.2         |
|    entropy_loss         | -1.31       |
|    explained_variance   | 0.918       |
|    learning_rate        | 0.0003      |
|    loss                 | -0.00748    |
|    n_updates            | 1205        |
|    policy_gradient_loss | -0.00711    |
|    value_loss           | 0.065       |
-----------------------------------------
------------------------------------------
| rollout/                |              |
|    ep_len_mean          | 280          |
|    ep_rew_mean          | 188          |
| time/                   |              |
|    fps                  | 250          |
|    iterations           | 207          |
|    time_elapsed         | 6765         |
|    total_timesteps      | 1995744      |
| train/                  |              |
|    approx_kl            | 0.0054401443 |
|    clip_fraction        | 0.0373       |
|    clip_range           | 0.2          |
|    entropy_loss         | -1.27        |
|    explained_variance   | 0.936        |
|    learning_rate        | 0.0003       |
|    loss                 | -0.000537    |
|    n_updates            | 1210         |
|    policy_gradient_loss | -0.00609     |
|    value_loss           | 0.0554       |
------------------------------------------
------------------------------------------
| rollout/                |              |
|    ep_len_mean          | 277          |
|    ep_rew_mean          | 188          |
| time/                   |              |
|    fps                  | 250          |
|    iterations           | 208          |
|    time_elapsed         | 6798         |
|    total_timesteps      | 2003936      |
| train/                  |              |
|    approx_kl            | 0.0058234576 |
|    clip_fraction        | 0.0424       |
|    clip_range           | 0.2          |
|    entropy_loss         | -1.33        |
|    explained_variance   | 0.935        |
|    learning_rate        | 0.0003       |
|    loss                 | -0.00405     |
|    n_updates            | 1215         |
|    policy_gradient_loss | -0.00569     |
|    value_loss           | 0.0538       |
------------------------------------------
-----------------------------------------
| rollout/                |             |
|    ep_len_mean          | 274         |
|    ep_rew_mean          | 188         |
| time/                   |             |
|    fps                  | 250         |
|    iterations           | 209         |
|    time_elapsed         | 6828        |
|    total_timesteps      | 2012128     |
| train/                  |             |
|    approx_kl            | 0.006412713 |
|    clip_fraction        | 0.0494      |
|    clip_range           | 0.2         |
|    entropy_loss         | -1.21       |
|    explained_variance   | 0.947       |
|    learning_rate        | 0.0003      |
|    loss                 | -0.00505    |
|    n_updates            | 1220        |
|    policy_gradient_loss | -0.00669    |
|    value_loss           | 0.0436      |
-----------------------------------------
-----------------------------------------
| rollout/                |             |
|    ep_len_mean          | 265         |
|    ep_rew_mean          | 188         |
| time/                   |             |
|    fps                  | 250         |
|    iterations           | 210         |
|    time_elapsed         | 6856        |
|    total_timesteps      | 2020320     |
| train/                  |             |
|    approx_kl            | 0.005155892 |
|    clip_fraction        | 0.0371      |
|    clip_range           | 0.2         |
|    entropy_loss         | -1.07       |
|    explained_variance   | 0.944       |
|    learning_rate        | 0.0003      |
|    loss                 | 0.000323    |
|    n_updates            | 1225        |
|    policy_gradient_loss | -0.00664    |
|    value_loss           | 0.0503      |
-----------------------------------------
------------------------------------------
| rollout/                |              |
|    ep_len_mean          | 305          |
|    ep_rew_mean          | 174          |
| time/                   |              |
|    fps                  | 251          |
|    iterations           | 211          |
|    time_elapsed         | 6884         |
|    total_timesteps      | 2028512      |
| train/                  |              |
|    approx_kl            | 0.0050535556 |
|    clip_fraction        | 0.0452       |
|    clip_range           | 0.2          |
|    entropy_loss         | -0.937       |
|    explained_variance   | 0.963        |
|    learning_rate        | 0.0003       |
|    loss                 | -0.000974    |
|    n_updates            | 1230         |
|    policy_gradient_loss | -0.00705     |
|    value_loss           | 0.045        |
------------------------------------------
-----------------------------------------
| rollout/                |             |
|    ep_len_mean          | 304         |
|    ep_rew_mean          | 172         |
| time/                   |             |
|    fps                  | 251         |
|    iterations           | 212         |
|    time_elapsed         | 6916        |
|    total_timesteps      | 2036704     |
| train/                  |             |
|    approx_kl            | 0.004310671 |
|    clip_fraction        | 0.0362      |
|    clip_range           | 0.2         |
|    entropy_loss         | -0.96       |
|    explained_variance   | 0.97        |
|    learning_rate        | 0.0003      |
|    loss                 | -0.00321    |
|    n_updates            | 1235        |
|    policy_gradient_loss | -0.00523    |
|    value_loss           | 0.0385      |
-----------------------------------------
-----------------------------------------
| rollout/                |             |
|    ep_len_mean          | 315         |
|    ep_rew_mean          | 173         |
| time/                   |             |
|    fps                  | 251         |
|    iterations           | 213         |
|    time_elapsed         | 6948        |
|    total_timesteps      | 2044896     |
| train/                  |             |
|    approx_kl            | 0.004772961 |
|    clip_fraction        | 0.0484      |
|    clip_range           | 0.2         |
|    entropy_loss         | -1.26       |
|    explained_variance   | 0.959       |
|    learning_rate        | 0.0003      |
|    loss                 | -0.00942    |
|    n_updates            | 1240        |
|    policy_gradient_loss | -0.00661    |
|    value_loss           | 0.0318      |
-----------------------------------------
-----------------------------------------
| rollout/                |             |
|    ep_len_mean          | 324         |
|    ep_rew_mean          | 178         |
| time/                   |             |
|    fps                  | 251         |
|    iterations           | 214         |
|    time_elapsed         | 6980        |
|    total_timesteps      | 2053088     |
| train/                  |             |
|    approx_kl            | 0.006294124 |
|    clip_fraction        | 0.0462      |
|    clip_range           | 0.2         |
|    entropy_loss         | -1.35       |
|    explained_variance   | 0.949       |
|    learning_rate        | 0.0003      |
|    loss                 | -0.0118     |
|    n_updates            | 1245        |
|    policy_gradient_loss | -0.00677    |
|    value_loss           | 0.0438      |
-----------------------------------------
------------------------------------------
| rollout/                |              |
|    ep_len_mean          | 285          |
|    ep_rew_mean          | 187          |
| time/                   |              |
|    fps                  | 251          |
|    iterations           | 215          |
|    time_elapsed         | 7012         |
|    total_timesteps      | 2061280      |
| train/                  |              |
|    approx_kl            | 0.0074362108 |
|    clip_fraction        | 0.0563       |
|    clip_range           | 0.2          |
|    entropy_loss         | -1.32        |
|    explained_variance   | 0.937        |
|    learning_rate        | 0.0003       |
|    loss                 | 0.00374      |
|    n_updates            | 1250         |
|    policy_gradient_loss | -0.00731     |
|    value_loss           | 0.0463       |
------------------------------------------
------------------------------------------
| rollout/                |              |
|    ep_len_mean          | 298          |
|    ep_rew_mean          | 193          |
| time/                   |              |
|    fps                  | 251          |
|    iterations           | 216          |
|    time_elapsed         | 7044         |
|    total_timesteps      | 2069472      |
| train/                  |              |
|    approx_kl            | 0.0065781595 |
|    clip_fraction        | 0.0589       |
|    clip_range           | 0.2          |
|    entropy_loss         | -1.39        |
|    explained_variance   | 0.928        |
|    learning_rate        | 0.0003       |
|    loss                 | -0.00935     |
|    n_updates            | 1255         |
|    policy_gradient_loss | -0.00672     |
|    value_loss           | 0.0486       |
------------------------------------------
-----------------------------------------
| rollout/                |             |
|    ep_len_mean          | 304         |
|    ep_rew_mean          | 198         |
| time/                   |             |
|    fps                  | 251         |
|    iterations           | 217         |
|    time_elapsed         | 7077        |
|    total_timesteps      | 2077664     |
| train/                  |             |
|    approx_kl            | 0.006054907 |
|    clip_fraction        | 0.0472      |
|    clip_range           | 0.2         |
|    entropy_loss         | -1.31       |
|    explained_variance   | 0.95        |
|    learning_rate        | 0.0003      |
|    loss                 | 0.002       |
|    n_updates            | 1260        |
|    policy_gradient_loss | -0.00628    |
|    value_loss           | 0.039       |
-----------------------------------------
-----------------------------------------
| rollout/                |             |
|    ep_len_mean          | 295         |
|    ep_rew_mean          | 196         |
| time/                   |             |
|    fps                  | 251         |
|    iterations           | 218         |
|    time_elapsed         | 7109        |
|    total_timesteps      | 2085856     |
| train/                  |             |
|    approx_kl            | 0.005906686 |
|    clip_fraction        | 0.0489      |
|    clip_range           | 0.2         |
|    entropy_loss         | -1.33       |
|    explained_variance   | 0.943       |
|    learning_rate        | 0.0003      |
|    loss                 | -0.0069     |
|    n_updates            | 1265        |
|    policy_gradient_loss | -0.00641    |
|    value_loss           | 0.0417      |
-----------------------------------------
------------------------------------------
| rollout/                |              |
|    ep_len_mean          | 278          |
|    ep_rew_mean          | 195          |
| time/                   |              |
|    fps                  | 251          |
|    iterations           | 219          |
|    time_elapsed         | 7141         |
|    total_timesteps      | 2094048      |
| train/                  |              |
|    approx_kl            | 0.0051831696 |
|    clip_fraction        | 0.0424       |
|    clip_range           | 0.2          |
|    entropy_loss         | -1.21        |
|    explained_variance   | 0.953        |
|    learning_rate        | 0.0003       |
|    loss                 | -0.00941     |
|    n_updates            | 1270         |
|    policy_gradient_loss | -0.00642     |
|    value_loss           | 0.0364       |
------------------------------------------
[Checkpoint] Saved at 2100000 steps > C:\Users\Admin\Desktop\disciple\realnewdisciples-main\Big_map\campaign_checkpoints\super-last-stand-3m-20260912-142514\campaign_ppo_step_2100000.zip
Eval num_timesteps=2100000, det_reward=169.16 +/- 18.74
Episode length: det=270.60 +/- 38.95
Victory rate: det=0.00%
--------------------------------------------------
| eval/                           |              |
|    deterministic_mean_ep_length | 271          |
|    deterministic_mean_reward    | 169          |
|    deterministic_victory_rate   | 0            |
|    mean_ep_length               | 271          |
|    mean_reward                  | 169          |
|    victory_rate                 | 0            |
| time/                           |              |
|    total_timesteps              | 2100000      |
| train/                          |              |
|    approx_kl                    | 0.0065225493 |
|    clip_fraction                | 0.0594       |
|    clip_range                   | 0.2          |
|    entropy_loss                 | -1.26        |
|    explained_variance           | 0.906        |
|    learning_rate                | 0.0003       |
|    loss                         | -0.000388    |
|    n_updates                    | 1275         |
|    policy_gradient_loss         | -0.00799     |
|    value_loss                   | 0.0654       |
--------------------------------------------------
---------------------------------
| rollout/           |          |
|    ep_len_mean     | 263      |
|    ep_rew_mean     | 187      |
| time/              |          |
|    fps             | 250      |
|    iterations      | 220      |
|    time_elapsed    | 7194     |
|    total_timesteps | 2102240  |
---------------------------------
-----------------------------------------
| rollout/                |             |
|    ep_len_mean          | 279         |
|    ep_rew_mean          | 192         |
| time/                   |             |
|    fps                  | 250         |
|    iterations           | 221         |
|    time_elapsed         | 7227        |
|    total_timesteps      | 2110432     |
| train/                  |             |
|    approx_kl            | 0.006345424 |
|    clip_fraction        | 0.0613      |
|    clip_range           | 0.2         |
|    entropy_loss         | -1.33       |
|    explained_variance   | 0.933       |
|    learning_rate        | 0.0003      |
|    loss                 | -0.00167    |
|    n_updates            | 1280        |
|    policy_gradient_loss | -0.00881    |
|    value_loss           | 0.0472      |
-----------------------------------------
------------------------------------------
| rollout/                |              |
|    ep_len_mean          | 291          |
|    ep_rew_mean          | 195          |
| time/                   |              |
|    fps                  | 250          |
|    iterations           | 222          |
|    time_elapsed         | 7259         |
|    total_timesteps      | 2118624      |
| train/                  |              |
|    approx_kl            | 0.0059398757 |
|    clip_fraction        | 0.0477       |
|    clip_range           | 0.2          |
|    entropy_loss         | -1.34        |
|    explained_variance   | 0.921        |
|    learning_rate        | 0.0003       |
|    loss                 | -0.00774     |
|    n_updates            | 1285         |
|    policy_gradient_loss | -0.00612     |
|    value_loss           | 0.0495       |
------------------------------------------
-----------------------------------------
| rollout/                |             |
|    ep_len_mean          | 303         |
|    ep_rew_mean          | 196         |
| time/                   |             |
|    fps                  | 250         |
|    iterations           | 223         |
|    time_elapsed         | 7291        |
|    total_timesteps      | 2126816     |
| train/                  |             |
|    approx_kl            | 0.005398698 |
|    clip_fraction        | 0.0421      |
|    clip_range           | 0.2         |
|    entropy_loss         | -1.37       |
|    explained_variance   | 0.921       |
|    learning_rate        | 0.0003      |
|    loss                 | -9.1e-05    |
|    n_updates            | 1290        |
|    policy_gradient_loss | -0.00587    |
|    value_loss           | 0.0493      |
-----------------------------------------
------------------------------------------
| rollout/                |              |
|    ep_len_mean          | 320          |
|    ep_rew_mean          | 205          |
| time/                   |              |
|    fps                  | 250          |
|    iterations           | 224          |
|    time_elapsed         | 7323         |
|    total_timesteps      | 2135008      |
| train/                  |              |
|    approx_kl            | 0.0065198625 |
|    clip_fraction        | 0.0564       |
|    clip_range           | 0.2          |
|    entropy_loss         | -1.36        |
|    explained_variance   | 0.937        |
|    learning_rate        | 0.0003       |
|    loss                 | -0.0123      |
|    n_updates            | 1295         |
|    policy_gradient_loss | -0.0067      |
|    value_loss           | 0.041        |
------------------------------------------
------------------------------------------
| rollout/                |              |
|    ep_len_mean          | 321          |
|    ep_rew_mean          | 205          |
| time/                   |              |
|    fps                  | 250          |
|    iterations           | 225          |
|    time_elapsed         | 7355         |
|    total_timesteps      | 2143200      |
| train/                  |              |
|    approx_kl            | 0.0065524243 |
|    clip_fraction        | 0.0506       |
|    clip_range           | 0.2          |
|    entropy_loss         | -1.41        |
|    explained_variance   | 0.906        |
|    learning_rate        | 0.0003       |
|    loss                 | -0.00516     |
|    n_updates            | 1300         |
|    policy_gradient_loss | -0.00672     |
|    value_loss           | 0.0537       |
------------------------------------------
-----------------------------------------
| rollout/                |             |
|    ep_len_mean          | 326         |
|    ep_rew_mean          | 202         |
| time/                   |             |
|    fps                  | 250         |
|    iterations           | 226         |
|    time_elapsed         | 7387        |
|    total_timesteps      | 2151392     |
| train/                  |             |
|    approx_kl            | 0.006383656 |
|    clip_fraction        | 0.0551      |
|    clip_range           | 0.2         |
|    entropy_loss         | -1.37       |
|    explained_variance   | 0.915       |
|    learning_rate        | 0.0003      |
|    loss                 | -0.00428    |
|    n_updates            | 1305        |
|    policy_gradient_loss | -0.00726    |
|    value_loss           | 0.058       |
-----------------------------------------
------------------------------------------
| rollout/                |              |
|    ep_len_mean          | 318          |
|    ep_rew_mean          | 202          |
| time/                   |              |
|    fps                  | 250          |
|    iterations           | 227          |
|    time_elapsed         | 7419         |
|    total_timesteps      | 2159584      |
| train/                  |              |
|    approx_kl            | 0.0053675324 |
|    clip_fraction        | 0.0438       |
|    clip_range           | 0.2          |
|    entropy_loss         | -1.4         |
|    explained_variance   | 0.94         |
|    learning_rate        | 0.0003       |
|    loss                 | -0.00141     |
|    n_updates            | 1310         |
|    policy_gradient_loss | -0.00689     |
|    value_loss           | 0.0454       |
------------------------------------------
------------------------------------------
| rollout/                |              |
|    ep_len_mean          | 312          |
|    ep_rew_mean          | 197          |
| time/                   |              |
|    fps                  | 250          |
|    iterations           | 228          |
|    time_elapsed         | 7451         |
|    total_timesteps      | 2167776      |
| train/                  |              |
|    approx_kl            | 0.0047928193 |
|    clip_fraction        | 0.0494       |
|    clip_range           | 0.2          |
|    entropy_loss         | -1.25        |
|    explained_variance   | 0.936        |
|    learning_rate        | 0.0003       |
|    loss                 | -0.00241     |
|    n_updates            | 1315         |
|    policy_gradient_loss | -0.00677     |
|    value_loss           | 0.0514       |
------------------------------------------
------------------------------------------
| rollout/                |              |
|    ep_len_mean          | 300          |
|    ep_rew_mean          | 193          |
| time/                   |              |
|    fps                  | 250          |
|    iterations           | 229          |
|    time_elapsed         | 7482         |
|    total_timesteps      | 2175968      |
| train/                  |              |
|    approx_kl            | 0.0058517223 |
|    clip_fraction        | 0.0544       |
|    clip_range           | 0.2          |
|    entropy_loss         | -1.35        |
|    explained_variance   | 0.928        |
|    learning_rate        | 0.0003       |
|    loss                 | -0.0145      |
|    n_updates            | 1320         |
|    policy_gradient_loss | -0.00703     |
|    value_loss           | 0.0511       |
------------------------------------------
------------------------------------------
| rollout/                |              |
|    ep_len_mean          | 306          |
|    ep_rew_mean          | 197          |
| time/                   |              |
|    fps                  | 250          |
|    iterations           | 230          |
|    time_elapsed         | 7515         |
|    total_timesteps      | 2184160      |
| train/                  |              |
|    approx_kl            | 0.0069516003 |
|    clip_fraction        | 0.0649       |
|    clip_range           | 0.2          |
|    entropy_loss         | -1.3         |
|    explained_variance   | 0.933        |
|    learning_rate        | 0.0003       |
|    loss                 | -0.00826     |
|    n_updates            | 1325         |
|    policy_gradient_loss | -0.0087      |
|    value_loss           | 0.0504       |
------------------------------------------
------------------------------------------
| rollout/                |              |
|    ep_len_mean          | 328          |
|    ep_rew_mean          | 207          |
| time/                   |              |
|    fps                  | 250          |
|    iterations           | 231          |
|    time_elapsed         | 7547         |
|    total_timesteps      | 2192352      |
| train/                  |              |
|    approx_kl            | 0.0056429664 |
|    clip_fraction        | 0.0427       |
|    clip_range           | 0.2          |
|    entropy_loss         | -1.38        |
|    explained_variance   | 0.923        |
|    learning_rate        | 0.0003       |
|    loss                 | -0.00495     |
|    n_updates            | 1330         |
|    policy_gradient_loss | -0.00736     |
|    value_loss           | 0.0534       |
------------------------------------------
------------------------------------------
| rollout/                |              |
|    ep_len_mean          | 318          |
|    ep_rew_mean          | 204          |
| time/                   |              |
|    fps                  | 250          |
|    iterations           | 232          |
|    time_elapsed         | 7579         |
|    total_timesteps      | 2200544      |
| train/                  |              |
|    approx_kl            | 0.0069977683 |
|    clip_fraction        | 0.0505       |
|    clip_range           | 0.2          |
|    entropy_loss         | -1.32        |
|    explained_variance   | 0.939        |
|    learning_rate        | 0.0003       |
|    loss                 | -0.00355     |
|    n_updates            | 1335         |
|    policy_gradient_loss | -0.00699     |
|    value_loss           | 0.0467       |
------------------------------------------
------------------------------------------
| rollout/                |              |
|    ep_len_mean          | 323          |
|    ep_rew_mean          | 202          |
| time/                   |              |
|    fps                  | 250          |
|    iterations           | 233          |
|    time_elapsed         | 7610         |
|    total_timesteps      | 2208736      |
| train/                  |              |
|    approx_kl            | 0.0047177495 |
|    clip_fraction        | 0.0411       |
|    clip_range           | 0.2          |
|    entropy_loss         | -1.28        |
|    explained_variance   | 0.926        |
|    learning_rate        | 0.0003       |
|    loss                 | -0.00782     |
|    n_updates            | 1340         |
|    policy_gradient_loss | -0.00598     |
|    value_loss           | 0.0491       |
------------------------------------------
-----------------------------------------
| rollout/                |             |
|    ep_len_mean          | 306         |
|    ep_rew_mean          | 200         |
| time/                   |             |
|    fps                  | 250         |
|    iterations           | 234         |
|    time_elapsed         | 7642        |
|    total_timesteps      | 2216928     |
| train/                  |             |
|    approx_kl            | 0.006429389 |
|    clip_fraction        | 0.0534      |
|    clip_range           | 0.2         |
|    entropy_loss         | -1.33       |
|    explained_variance   | 0.921       |
|    learning_rate        | 0.0003      |
|    loss                 | -0.0057     |
|    n_updates            | 1345        |
|    policy_gradient_loss | -0.00796    |
|    value_loss           | 0.053       |
-----------------------------------------
-----------------------------------------
| rollout/                |             |
|    ep_len_mean          | 306         |
|    ep_rew_mean          | 202         |
| time/                   |             |
|    fps                  | 250         |
|    iterations           | 235         |
|    time_elapsed         | 7674        |
|    total_timesteps      | 2225120     |
| train/                  |             |
|    approx_kl            | 0.005499849 |
|    clip_fraction        | 0.0448      |
|    clip_range           | 0.2         |
|    entropy_loss         | -1.25       |
|    explained_variance   | 0.907       |
|    learning_rate        | 0.0003      |
|    loss                 | -0.00391    |
|    n_updates            | 1350        |
|    policy_gradient_loss | -0.00772    |
|    value_loss           | 0.06        |
-----------------------------------------
------------------------------------------
| rollout/                |              |
|    ep_len_mean          | 316          |
|    ep_rew_mean          | 205          |
| time/                   |              |
|    fps                  | 250          |
|    iterations           | 236          |
|    time_elapsed         | 7706         |
|    total_timesteps      | 2233312      |
| train/                  |              |
|    approx_kl            | 0.0065662493 |
|    clip_fraction        | 0.0543       |
|    clip_range           | 0.2          |
|    entropy_loss         | -1.31        |
|    explained_variance   | 0.901        |
|    learning_rate        | 0.0003       |
|    loss                 | 0.00512      |
|    n_updates            | 1355         |
|    policy_gradient_loss | -0.0077      |
|    value_loss           | 0.0666       |
------------------------------------------
-----------------------------------------
| rollout/                |             |
|    ep_len_mean          | 325         |
|    ep_rew_mean          | 208         |
| time/                   |             |
|    fps                  | 250         |
|    iterations           | 237         |
|    time_elapsed         | 7738        |
|    total_timesteps      | 2241504     |
| train/                  |             |
|    approx_kl            | 0.005848501 |
|    clip_fraction        | 0.0425      |
|    clip_range           | 0.2         |
|    entropy_loss         | -1.37       |
|    explained_variance   | 0.912       |
|    learning_rate        | 0.0003      |
|    loss                 | -0.0051     |
|    n_updates            | 1360        |
|    policy_gradient_loss | -0.00696    |
|    value_loss           | 0.0596      |
-----------------------------------------
------------------------------------------
| rollout/                |              |
|    ep_len_mean          | 327          |
|    ep_rew_mean          | 207          |
| time/                   |              |
|    fps                  | 250          |
|    iterations           | 238          |
|    time_elapsed         | 7770         |
|    total_timesteps      | 2249696      |
| train/                  |              |
|    approx_kl            | 0.0072448133 |
|    clip_fraction        | 0.0526       |
|    clip_range           | 0.2          |
|    entropy_loss         | -1.39        |
|    explained_variance   | 0.915        |
|    learning_rate        | 0.0003       |
|    loss                 | -0.00498     |
|    n_updates            | 1365         |
|    policy_gradient_loss | -0.00739     |
|    value_loss           | 0.0589       |
------------------------------------------
-----------------------------------------
| rollout/                |             |
|    ep_len_mean          | 334         |
|    ep_rew_mean          | 209         |
| time/                   |             |
|    fps                  | 250         |
|    iterations           | 239         |
|    time_elapsed         | 7802        |
|    total_timesteps      | 2257888     |
| train/                  |             |
|    approx_kl            | 0.005467239 |
|    clip_fraction        | 0.0472      |
|    clip_range           | 0.2         |
|    entropy_loss         | -1.26       |
|    explained_variance   | 0.935       |
|    learning_rate        | 0.0003      |
|    loss                 | -0.00463    |
|    n_updates            | 1370        |
|    policy_gradient_loss | -0.00656    |
|    value_loss           | 0.0499      |
-----------------------------------------
---------------------------------------
| rollout/                |           |
|    ep_len_mean          | 323       |
|    ep_rew_mean          | 203       |
| time/                   |           |
|    fps                  | 250       |
|    iterations           | 240       |
|    time_elapsed         | 7834      |
|    total_timesteps      | 2266080   |
| train/                  |           |
|    approx_kl            | 0.0059201 |
|    clip_fraction        | 0.0509    |
|    clip_range           | 0.2       |
|    entropy_loss         | -1.38     |
|    explained_variance   | 0.93      |
|    learning_rate        | 0.0003    |
|    loss                 | -0.00464  |
|    n_updates            | 1375      |
|    policy_gradient_loss | -0.00646  |
|    value_loss           | 0.046     |
---------------------------------------
-----------------------------------------
| rollout/                |             |
|    ep_len_mean          | 313         |
|    ep_rew_mean          | 205         |
| time/                   |             |
|    fps                  | 250         |
|    iterations           | 241         |
|    time_elapsed         | 7865        |
|    total_timesteps      | 2274272     |
| train/                  |             |
|    approx_kl            | 0.006886811 |
|    clip_fraction        | 0.0602      |
|    clip_range           | 0.2         |
|    entropy_loss         | -1.33       |
|    explained_variance   | 0.92        |
|    learning_rate        | 0.0003      |
|    loss                 | -0.00166    |
|    n_updates            | 1380        |
|    policy_gradient_loss | -0.00765    |
|    value_loss           | 0.0658      |
-----------------------------------------
------------------------------------------
| rollout/                |              |
|    ep_len_mean          | 301          |
|    ep_rew_mean          | 200          |
| time/                   |              |
|    fps                  | 251          |
|    iterations           | 242          |
|    time_elapsed         | 7898         |
|    total_timesteps      | 2282464      |
| train/                  |              |
|    approx_kl            | 0.0060840063 |
|    clip_fraction        | 0.049        |
|    clip_range           | 0.2          |
|    entropy_loss         | -1.27        |
|    explained_variance   | 0.946        |
|    learning_rate        | 0.0003       |
|    loss                 | -0.00637     |
|    n_updates            | 1385         |
|    policy_gradient_loss | -0.00606     |
|    value_loss           | 0.0433       |
------------------------------------------
------------------------------------------
| rollout/                |              |
|    ep_len_mean          | 280          |
|    ep_rew_mean          | 194          |
| time/                   |              |
|    fps                  | 251          |
|    iterations           | 243          |
|    time_elapsed         | 7930         |
|    total_timesteps      | 2290656      |
| train/                  |              |
|    approx_kl            | 0.0053362143 |
|    clip_fraction        | 0.0435       |
|    clip_range           | 0.2          |
|    entropy_loss         | -1.28        |
|    explained_variance   | 0.933        |
|    learning_rate        | 0.0003       |
|    loss                 | 0.0107       |
|    n_updates            | 1390         |
|    policy_gradient_loss | -0.0053      |
|    value_loss           | 0.0546       |
------------------------------------------
------------------------------------------
| rollout/                |              |
|    ep_len_mean          | 285          |
|    ep_rew_mean          | 194          |
| time/                   |              |
|    fps                  | 251          |
|    iterations           | 244          |
|    time_elapsed         | 7962         |
|    total_timesteps      | 2298848      |
| train/                  |              |
|    approx_kl            | 0.0066769347 |
|    clip_fraction        | 0.0602       |
|    clip_range           | 0.2          |
|    entropy_loss         | -1.2         |
|    explained_variance   | 0.946        |
|    learning_rate        | 0.0003       |
|    loss                 | -0.00295     |
|    n_updates            | 1395         |
|    policy_gradient_loss | -0.008       |
|    value_loss           | 0.0437       |
------------------------------------------
------------------------------------------
| rollout/                |              |
|    ep_len_mean          | 289          |
|    ep_rew_mean          | 198          |
| time/                   |              |
|    fps                  | 251          |
|    iterations           | 245          |
|    time_elapsed         | 7994         |
|    total_timesteps      | 2307040      |
| train/                  |              |
|    approx_kl            | 0.0069087204 |
|    clip_fraction        | 0.0594       |
|    clip_range           | 0.2          |
|    entropy_loss         | -1.24        |
|    explained_variance   | 0.932        |
|    learning_rate        | 0.0003       |
|    loss                 | -0.00341     |
|    n_updates            | 1400         |
|    policy_gradient_loss | -0.00669     |
|    value_loss           | 0.0411       |
------------------------------------------
-----------------------------------------
| rollout/                |             |
|    ep_len_mean          | 302         |
|    ep_rew_mean          | 203         |
| time/                   |             |
|    fps                  | 251         |
|    iterations           | 246         |
|    time_elapsed         | 8026        |
|    total_timesteps      | 2315232     |
| train/                  |             |
|    approx_kl            | 0.006198792 |
|    clip_fraction        | 0.0464      |
|    clip_range           | 0.2         |
|    entropy_loss         | -1.26       |
|    explained_variance   | 0.931       |
|    learning_rate        | 0.0003      |
|    loss                 | -0.0022     |
|    n_updates            | 1405        |
|    policy_gradient_loss | -0.00561    |
|    value_loss           | 0.0448      |
-----------------------------------------
------------------------------------------
| rollout/                |              |
|    ep_len_mean          | 312          |
|    ep_rew_mean          | 209          |
| time/                   |              |
|    fps                  | 251          |
|    iterations           | 247          |
|    time_elapsed         | 8058         |
|    total_timesteps      | 2323424      |
| train/                  |              |
|    approx_kl            | 0.0069425018 |
|    clip_fraction        | 0.063        |
|    clip_range           | 0.2          |
|    entropy_loss         | -1.26        |
|    explained_variance   | 0.937        |
|    learning_rate        | 0.0003       |
|    loss                 | 0.00141      |
|    n_updates            | 1410         |
|    policy_gradient_loss | -0.00686     |
|    value_loss           | 0.043        |
------------------------------------------
-----------------------------------------
| rollout/                |             |
|    ep_len_mean          | 308         |
|    ep_rew_mean          | 210         |
| time/                   |             |
|    fps                  | 251         |
|    iterations           | 248         |
|    time_elapsed         | 8091        |
|    total_timesteps      | 2331616     |
| train/                  |             |
|    approx_kl            | 0.005766744 |
|    clip_fraction        | 0.058       |
|    clip_range           | 0.2         |
|    entropy_loss         | -1.24       |
|    explained_variance   | 0.932       |
|    learning_rate        | 0.0003      |
|    loss                 | -0.00187    |
|    n_updates            | 1415        |
|    policy_gradient_loss | -0.00821    |
|    value_loss           | 0.0504      |
-----------------------------------------
-----------------------------------------
| rollout/                |             |
|    ep_len_mean          | 317         |
|    ep_rew_mean          | 208         |
| time/                   |             |
|    fps                  | 251         |
|    iterations           | 249         |
|    time_elapsed         | 8125        |
|    total_timesteps      | 2339808     |
| train/                  |             |
|    approx_kl            | 0.006243893 |
|    clip_fraction        | 0.0547      |
|    clip_range           | 0.2         |
|    entropy_loss         | -1.25       |
|    explained_variance   | 0.896       |
|    learning_rate        | 0.0003      |
|    loss                 | 0.00826     |
|    n_updates            | 1420        |
|    policy_gradient_loss | -0.0067     |
|    value_loss           | 0.0756      |
-----------------------------------------
------------------------------------------
| rollout/                |              |
|    ep_len_mean          | 338          |
|    ep_rew_mean          | 214          |
| time/                   |              |
|    fps                  | 251          |
|    iterations           | 250          |
|    time_elapsed         | 8157         |
|    total_timesteps      | 2348000      |
| train/                  |              |
|    approx_kl            | 0.0064821667 |
|    clip_fraction        | 0.0639       |
|    clip_range           | 0.2          |
|    entropy_loss         | -1.35        |
|    explained_variance   | 0.919        |
|    learning_rate        | 0.0003       |
|    loss                 | -0.00552     |
|    n_updates            | 1425         |
|    policy_gradient_loss | -0.00667     |
|    value_loss           | 0.0492       |
------------------------------------------
------------------------------------------
| rollout/                |              |
|    ep_len_mean          | 368          |
|    ep_rew_mean          | 221          |
| time/                   |              |
|    fps                  | 251          |
|    iterations           | 251          |
|    time_elapsed         | 8189         |
|    total_timesteps      | 2356192      |
| train/                  |              |
|    approx_kl            | 0.0062133474 |
|    clip_fraction        | 0.0457       |
|    clip_range           | 0.2          |
|    entropy_loss         | -1.37        |
|    explained_variance   | 0.887        |
|    learning_rate        | 0.0003       |
|    loss                 | 0.00133      |
|    n_updates            | 1430         |
|    policy_gradient_loss | -0.00746     |
|    value_loss           | 0.06         |
------------------------------------------
-----------------------------------------
| rollout/                |             |
|    ep_len_mean          | 382         |
|    ep_rew_mean          | 226         |
| time/                   |             |
|    fps                  | 251         |
|    iterations           | 252         |
|    time_elapsed         | 8220        |
|    total_timesteps      | 2364384     |
| train/                  |             |
|    approx_kl            | 0.008008216 |
|    clip_fraction        | 0.0635      |
|    clip_range           | 0.2         |
|    entropy_loss         | -1.46       |
|    explained_variance   | 0.901       |
|    learning_rate        | 0.0003      |
|    loss                 | 0.00489     |
|    n_updates            | 1435        |
|    policy_gradient_loss | -0.00624    |
|    value_loss           | 0.0655      |
-----------------------------------------
-----------------------------------------
| rollout/                |             |
|    ep_len_mean          | 376         |
|    ep_rew_mean          | 222         |
| time/                   |             |
|    fps                  | 251         |
|    iterations           | 253         |
|    time_elapsed         | 8252        |
|    total_timesteps      | 2372576     |
| train/                  |             |
|    approx_kl            | 0.005954235 |
|    clip_fraction        | 0.056       |
|    clip_range           | 0.2         |
|    entropy_loss         | -1.34       |
|    explained_variance   | 0.909       |
|    learning_rate        | 0.0003      |
|    loss                 | -0.00491    |
|    n_updates            | 1440        |
|    policy_gradient_loss | -0.00635    |
|    value_loss           | 0.0576      |
-----------------------------------------
-----------------------------------------
| rollout/                |             |
|    ep_len_mean          | 377         |
|    ep_rew_mean          | 223         |
| time/                   |             |
|    fps                  | 251         |
|    iterations           | 254         |
|    time_elapsed         | 8284        |
|    total_timesteps      | 2380768     |
| train/                  |             |
|    approx_kl            | 0.006657937 |
|    clip_fraction        | 0.0544      |
|    clip_range           | 0.2         |
|    entropy_loss         | -1.28       |
|    explained_variance   | 0.896       |
|    learning_rate        | 0.0003      |
|    loss                 | 0.0035      |
|    n_updates            | 1445        |
|    policy_gradient_loss | -0.00753    |
|    value_loss           | 0.0656      |
-----------------------------------------
-----------------------------------------
| rollout/                |             |
|    ep_len_mean          | 349         |
|    ep_rew_mean          | 216         |
| time/                   |             |
|    fps                  | 251         |
|    iterations           | 255         |
|    time_elapsed         | 8316        |
|    total_timesteps      | 2388960     |
| train/                  |             |
|    approx_kl            | 0.010174604 |
|    clip_fraction        | 0.0675      |
|    clip_range           | 0.2         |
|    entropy_loss         | -1.44       |
|    explained_variance   | 0.862       |
|    learning_rate        | 0.0003      |
|    loss                 | -0.00406    |
|    n_updates            | 1450        |
|    policy_gradient_loss | -0.00961    |
|    value_loss           | 0.0681      |
-----------------------------------------
-----------------------------------------
| rollout/                |             |
|    ep_len_mean          | 339         |
|    ep_rew_mean          | 212         |
| time/                   |             |
|    fps                  | 251         |
|    iterations           | 256         |
|    time_elapsed         | 8348        |
|    total_timesteps      | 2397152     |
| train/                  |             |
|    approx_kl            | 0.006230222 |
|    clip_fraction        | 0.0625      |
|    clip_range           | 0.2         |
|    entropy_loss         | -1.27       |
|    explained_variance   | 0.888       |
|    learning_rate        | 0.0003      |
|    loss                 | 0.00586     |
|    n_updates            | 1455        |
|    policy_gradient_loss | -0.00707    |
|    value_loss           | 0.0649      |
-----------------------------------------
[Checkpoint] Saved at 2400000 steps > C:\Users\Admin\Desktop\disciple\realnewdisciples-main\Big_map\campaign_checkpoints\super-last-stand-3m-20260912-142514\campaign_ppo_step_2400000.zip
Eval num_timesteps=2400000, det_reward=177.15 +/- 57.78
Episode length: det=256.20 +/- 126.30
Victory rate: det=0.00%
--------------------------------------------------
| eval/                           |              |
|    deterministic_mean_ep_length | 256          |
|    deterministic_mean_reward    | 177          |
|    deterministic_victory_rate   | 0            |
|    mean_ep_length               | 256          |
|    mean_reward                  | 177          |
|    victory_rate                 | 0            |
| time/                           |              |
|    total_timesteps              | 2400000      |
| train/                          |              |
|    approx_kl                    | 0.0070682745 |
|    clip_fraction                | 0.0608       |
|    clip_range                   | 0.2          |
|    entropy_loss                 | -1.33        |
|    explained_variance           | 0.89         |
|    learning_rate                | 0.0003       |
|    loss                         | -0.00245     |
|    n_updates                    | 1460         |
|    policy_gradient_loss         | -0.00695     |
|    value_loss                   | 0.065        |
--------------------------------------------------
New best model by deterministic victory rate!
---------------------------------
| rollout/           |          |
|    ep_len_mean     | 342      |
|    ep_rew_mean     | 216      |
| time/              |          |
|    fps             | 250      |
|    iterations      | 257      |
|    time_elapsed    | 8400     |
|    total_timesteps | 2405344  |
---------------------------------
------------------------------------------
| rollout/                |              |
|    ep_len_mean          | 312          |
|    ep_rew_mean          | 204          |
| time/                   |              |
|    fps                  | 250          |
|    iterations           | 258          |
|    time_elapsed         | 8433         |
|    total_timesteps      | 2413536      |
| train/                  |              |
|    approx_kl            | 0.0063799354 |
|    clip_fraction        | 0.0611       |
|    clip_range           | 0.2          |
|    entropy_loss         | -1.31        |
|    explained_variance   | 0.911        |
|    learning_rate        | 0.0003       |
|    loss                 | -0.00143     |
|    n_updates            | 1465         |
|    policy_gradient_loss | -0.00667     |
|    value_loss           | 0.0607       |
------------------------------------------
-----------------------------------------
| rollout/                |             |
|    ep_len_mean          | 315         |
|    ep_rew_mean          | 204         |
| time/                   |             |
|    fps                  | 250         |
|    iterations           | 259         |
|    time_elapsed         | 8465        |
|    total_timesteps      | 2421728     |
| train/                  |             |
|    approx_kl            | 0.006146904 |
|    clip_fraction        | 0.0549      |
|    clip_range           | 0.2         |
|    entropy_loss         | -1.31       |
|    explained_variance   | 0.914       |
|    learning_rate        | 0.0003      |
|    loss                 | 0.00015     |
|    n_updates            | 1470        |
|    policy_gradient_loss | -0.00729    |
|    value_loss           | 0.0662      |
-----------------------------------------
------------------------------------------
| rollout/                |              |
|    ep_len_mean          | 311          |
|    ep_rew_mean          | 203          |
| time/                   |              |
|    fps                  | 250          |
|    iterations           | 260          |
|    time_elapsed         | 8497         |
|    total_timesteps      | 2429920      |
| train/                  |              |
|    approx_kl            | 0.0063999468 |
|    clip_fraction        | 0.0592       |
|    clip_range           | 0.2          |
|    entropy_loss         | -1.3         |
|    explained_variance   | 0.929        |
|    learning_rate        | 0.0003       |
|    loss                 | -0.00902     |
|    n_updates            | 1475         |
|    policy_gradient_loss | -0.00706     |
|    value_loss           | 0.0475       |
------------------------------------------
-----------------------------------------
| rollout/                |             |
|    ep_len_mean          | 326         |
|    ep_rew_mean          | 203         |
| time/                   |             |
|    fps                  | 250         |
|    iterations           | 261         |
|    time_elapsed         | 8529        |
|    total_timesteps      | 2438112     |
| train/                  |             |
|    approx_kl            | 0.006693008 |
|    clip_fraction        | 0.0607      |
|    clip_range           | 0.2         |
|    entropy_loss         | -1.36       |
|    explained_variance   | 0.901       |
|    learning_rate        | 0.0003      |
|    loss                 | 0.00408     |
|    n_updates            | 1480        |
|    policy_gradient_loss | -0.00749    |
|    value_loss           | 0.0671      |
-----------------------------------------
-----------------------------------------
| rollout/                |             |
|    ep_len_mean          | 340         |
|    ep_rew_mean          | 212         |
| time/                   |             |
|    fps                  | 250         |
|    iterations           | 262         |
|    time_elapsed         | 8562        |
|    total_timesteps      | 2446304     |
| train/                  |             |
|    approx_kl            | 0.006787332 |
|    clip_fraction        | 0.0605      |
|    clip_range           | 0.2         |
|    entropy_loss         | -1.38       |
|    explained_variance   | 0.941       |
|    learning_rate        | 0.0003      |
|    loss                 | -0.00928    |
|    n_updates            | 1485        |
|    policy_gradient_loss | -0.00853    |
|    value_loss           | 0.0443      |
-----------------------------------------
-----------------------------------------
| rollout/                |             |
|    ep_len_mean          | 363         |
|    ep_rew_mean          | 223         |
| time/                   |             |
|    fps                  | 250         |
|    iterations           | 263         |
|    time_elapsed         | 8594        |
|    total_timesteps      | 2454496     |
| train/                  |             |
|    approx_kl            | 0.007287157 |
|    clip_fraction        | 0.0715      |
|    clip_range           | 0.2         |
|    entropy_loss         | -1.37       |
|    explained_variance   | 0.909       |
|    learning_rate        | 0.0003      |
|    loss                 | -0.0114     |
|    n_updates            | 1490        |
|    policy_gradient_loss | -0.00811    |
|    value_loss           | 0.0601      |
-----------------------------------------
-----------------------------------------
| rollout/                |             |
|    ep_len_mean          | 361         |
|    ep_rew_mean          | 225         |
| time/                   |             |
|    fps                  | 250         |
|    iterations           | 264         |
|    time_elapsed         | 8627        |
|    total_timesteps      | 2462688     |
| train/                  |             |
|    approx_kl            | 0.007862734 |
|    clip_fraction        | 0.0592      |
|    clip_range           | 0.2         |
|    entropy_loss         | -1.29       |
|    explained_variance   | 0.898       |
|    learning_rate        | 0.0003      |
|    loss                 | -0.00245    |
|    n_updates            | 1495        |
|    policy_gradient_loss | -0.00733    |
|    value_loss           | 0.0569      |
-----------------------------------------
-----------------------------------------
| rollout/                |             |
|    ep_len_mean          | 344         |
|    ep_rew_mean          | 223         |
| time/                   |             |
|    fps                  | 250         |
|    iterations           | 265         |
|    time_elapsed         | 8659        |
|    total_timesteps      | 2470880     |
| train/                  |             |
|    approx_kl            | 0.005646672 |
|    clip_fraction        | 0.049       |
|    clip_range           | 0.2         |
|    entropy_loss         | -1.29       |
|    explained_variance   | 0.92        |
|    learning_rate        | 0.0003      |
|    loss                 | -0.0081     |
|    n_updates            | 1500        |
|    policy_gradient_loss | -0.00675    |
|    value_loss           | 0.0545      |
-----------------------------------------
-----------------------------------------
| rollout/                |             |
|    ep_len_mean          | 338         |
|    ep_rew_mean          | 220         |
| time/                   |             |
|    fps                  | 250         |
|    iterations           | 266         |
|    time_elapsed         | 8690        |
|    total_timesteps      | 2479072     |
| train/                  |             |
|    approx_kl            | 0.008079534 |
|    clip_fraction        | 0.075       |
|    clip_range           | 0.2         |
|    entropy_loss         | -1.32       |
|    explained_variance   | 0.919       |
|    learning_rate        | 0.0003      |
|    loss                 | 0.00553     |
|    n_updates            | 1505        |
|    policy_gradient_loss | -0.00913    |
|    value_loss           | 0.0575      |
-----------------------------------------
------------------------------------------
| rollout/                |              |
|    ep_len_mean          | 331          |
|    ep_rew_mean          | 211          |
| time/                   |              |
|    fps                  | 250          |
|    iterations           | 267          |
|    time_elapsed         | 8723         |
|    total_timesteps      | 2487264      |
| train/                  |              |
|    approx_kl            | 0.0075078127 |
|    clip_fraction        | 0.0654       |
|    clip_range           | 0.2          |
|    entropy_loss         | -1.29        |
|    explained_variance   | 0.906        |
|    learning_rate        | 0.0003       |
|    loss                 | -0.000745    |
|    n_updates            | 1510         |
|    policy_gradient_loss | -0.00773     |
|    value_loss           | 0.0623       |
------------------------------------------
-----------------------------------------
| rollout/                |             |
|    ep_len_mean          | 316         |
|    ep_rew_mean          | 204         |
| time/                   |             |
|    fps                  | 250         |
|    iterations           | 268         |
|    time_elapsed         | 8755        |
|    total_timesteps      | 2495456     |
| train/                  |             |
|    approx_kl            | 0.006452799 |
|    clip_fraction        | 0.0597      |
|    clip_range           | 0.2         |
|    entropy_loss         | -1.39       |
|    explained_variance   | 0.935       |
|    learning_rate        | 0.0003      |
|    loss                 | -0.00347    |
|    n_updates            | 1515        |
|    policy_gradient_loss | -0.00652    |
|    value_loss           | 0.0455      |
-----------------------------------------
-----------------------------------------
| rollout/                |             |
|    ep_len_mean          | 322         |
|    ep_rew_mean          | 206         |
| time/                   |             |
|    fps                  | 250         |
|    iterations           | 269         |
|    time_elapsed         | 8786        |
|    total_timesteps      | 2503648     |
| train/                  |             |
|    approx_kl            | 0.006950587 |
|    clip_fraction        | 0.0567      |
|    clip_range           | 0.2         |
|    entropy_loss         | -1.26       |
|    explained_variance   | 0.919       |
|    learning_rate        | 0.0003      |
|    loss                 | -0.00651    |
|    n_updates            | 1520        |
|    policy_gradient_loss | -0.00806    |
|    value_loss           | 0.0547      |
-----------------------------------------
------------------------------------------
| rollout/                |              |
|    ep_len_mean          | 310          |
|    ep_rew_mean          | 202          |
| time/                   |              |
|    fps                  | 250          |
|    iterations           | 270          |
|    time_elapsed         | 8818         |
|    total_timesteps      | 2511840      |
| train/                  |              |
|    approx_kl            | 0.0058189263 |
|    clip_fraction        | 0.0521       |
|    clip_range           | 0.2          |
|    entropy_loss         | -1.26        |
|    explained_variance   | 0.917        |
|    learning_rate        | 0.0003       |
|    loss                 | -0.00347     |
|    n_updates            | 1525         |
|    policy_gradient_loss | -0.00644     |
|    value_loss           | 0.052        |
------------------------------------------
------------------------------------------
| rollout/                |              |
|    ep_len_mean          | 316          |
|    ep_rew_mean          | 207          |
| time/                   |              |
|    fps                  | 250          |
|    iterations           | 271          |
|    time_elapsed         | 8850         |
|    total_timesteps      | 2520032      |
| train/                  |              |
|    approx_kl            | 0.0057175853 |
|    clip_fraction        | 0.0627       |
|    clip_range           | 0.2          |
|    entropy_loss         | -1.28        |
|    explained_variance   | 0.945        |
|    learning_rate        | 0.0003       |
|    loss                 | -0.00809     |
|    n_updates            | 1530         |
|    policy_gradient_loss | -0.00735     |
|    value_loss           | 0.041        |
------------------------------------------
------------------------------------------
| rollout/                |              |
|    ep_len_mean          | 326          |
|    ep_rew_mean          | 212          |
| time/                   |              |
|    fps                  | 250          |
|    iterations           | 272          |
|    time_elapsed         | 8882         |
|    total_timesteps      | 2528224      |
| train/                  |              |
|    approx_kl            | 0.0062227864 |
|    clip_fraction        | 0.0588       |
|    clip_range           | 0.2          |
|    entropy_loss         | -1.34        |
|    explained_variance   | 0.909        |
|    learning_rate        | 0.0003       |
|    loss                 | -0.00303     |
|    n_updates            | 1535         |
|    policy_gradient_loss | -0.00783     |
|    value_loss           | 0.0635       |
------------------------------------------
-----------------------------------------
| rollout/                |             |
|    ep_len_mean          | 326         |
|    ep_rew_mean          | 216         |
| time/                   |             |
|    fps                  | 250         |
|    iterations           | 273         |
|    time_elapsed         | 8914        |
|    total_timesteps      | 2536416     |
| train/                  |             |
|    approx_kl            | 0.005657046 |
|    clip_fraction        | 0.0521      |
|    clip_range           | 0.2         |
|    entropy_loss         | -1.38       |
|    explained_variance   | 0.888       |
|    learning_rate        | 0.0003      |
|    loss                 | 0.00697     |
|    n_updates            | 1540        |
|    policy_gradient_loss | -0.00826    |
|    value_loss           | 0.0709      |
-----------------------------------------
-----------------------------------------
| rollout/                |             |
|    ep_len_mean          | 342         |
|    ep_rew_mean          | 222         |
| time/                   |             |
|    fps                  | 250         |
|    iterations           | 274         |
|    time_elapsed         | 8946        |
|    total_timesteps      | 2544608     |
| train/                  |             |
|    approx_kl            | 0.007212614 |
|    clip_fraction        | 0.0653      |
|    clip_range           | 0.2         |
|    entropy_loss         | -1.34       |
|    explained_variance   | 0.88        |
|    learning_rate        | 0.0003      |
|    loss                 | 0.00676     |
|    n_updates            | 1545        |
|    policy_gradient_loss | -0.0081     |
|    value_loss           | 0.0697      |
-----------------------------------------
-----------------------------------------
| rollout/                |             |
|    ep_len_mean          | 337         |
|    ep_rew_mean          | 225         |
| time/                   |             |
|    fps                  | 250         |
|    iterations           | 275         |
|    time_elapsed         | 8978        |
|    total_timesteps      | 2552800     |
| train/                  |             |
|    approx_kl            | 0.005621047 |
|    clip_fraction        | 0.038       |
|    clip_range           | 0.2         |
|    entropy_loss         | -1.32       |
|    explained_variance   | 0.887       |
|    learning_rate        | 0.0003      |
|    loss                 | 0.00375     |
|    n_updates            | 1550        |
|    policy_gradient_loss | -0.00713    |
|    value_loss           | 0.0735      |
-----------------------------------------
-----------------------------------------
| rollout/                |             |
|    ep_len_mean          | 330         |
|    ep_rew_mean          | 221         |
| time/                   |             |
|    fps                  | 250         |
|    iterations           | 276         |
|    time_elapsed         | 9010        |
|    total_timesteps      | 2560992     |
| train/                  |             |
|    approx_kl            | 0.006417356 |
|    clip_fraction        | 0.0597      |
|    clip_range           | 0.2         |
|    entropy_loss         | -1.31       |
|    explained_variance   | 0.88        |
|    learning_rate        | 0.0003      |
|    loss                 | -0.00177    |
|    n_updates            | 1555        |
|    policy_gradient_loss | -0.00875    |
|    value_loss           | 0.0661      |
-----------------------------------------
------------------------------------------
| rollout/                |              |
|    ep_len_mean          | 344          |
|    ep_rew_mean          | 222          |
| time/                   |              |
|    fps                  | 250          |
|    iterations           | 277          |
|    time_elapsed         | 9043         |
|    total_timesteps      | 2569184      |
| train/                  |              |
|    approx_kl            | 0.0063884007 |
|    clip_fraction        | 0.0519       |
|    clip_range           | 0.2          |
|    entropy_loss         | -1.31        |
|    explained_variance   | 0.903        |
|    learning_rate        | 0.0003       |
|    loss                 | -0.00688     |
|    n_updates            | 1560         |
|    policy_gradient_loss | -0.00883     |
|    value_loss           | 0.0648       |
------------------------------------------
----------------------------------------
| rollout/                |            |
|    ep_len_mean          | 331        |
|    ep_rew_mean          | 217        |
| time/                   |            |
|    fps                  | 250        |
|    iterations           | 278        |
|    time_elapsed         | 9075       |
|    total_timesteps      | 2577376    |
| train/                  |            |
|    approx_kl            | 0.00666509 |
|    clip_fraction        | 0.0569     |
|    clip_range           | 0.2        |
|    entropy_loss         | -1.43      |
|    explained_variance   | 0.91       |
|    learning_rate        | 0.0003     |
|    loss                 | 0.000755   |
|    n_updates            | 1565       |
|    policy_gradient_loss | -0.00761   |
|    value_loss           | 0.0641     |
----------------------------------------
------------------------------------------
| rollout/                |              |
|    ep_len_mean          | 339          |
|    ep_rew_mean          | 214          |
| time/                   |              |
|    fps                  | 250          |
|    iterations           | 279          |
|    time_elapsed         | 9109         |
|    total_timesteps      | 2585568      |
| train/                  |              |
|    approx_kl            | 0.0061837547 |
|    clip_fraction        | 0.0558       |
|    clip_range           | 0.2          |
|    entropy_loss         | -1.28        |
|    explained_variance   | 0.904        |
|    learning_rate        | 0.0003       |
|    loss                 | -0.00228     |
|    n_updates            | 1570         |
|    policy_gradient_loss | -0.00785     |
|    value_loss           | 0.0609       |
------------------------------------------
-----------------------------------------
| rollout/                |             |
|    ep_len_mean          | 352         |
|    ep_rew_mean          | 217         |
| time/                   |             |
|    fps                  | 250         |
|    iterations           | 280         |
|    time_elapsed         | 9142        |
|    total_timesteps      | 2593760     |
| train/                  |             |
|    approx_kl            | 0.006608385 |
|    clip_fraction        | 0.0603      |
|    clip_range           | 0.2         |
|    entropy_loss         | -1.41       |
|    explained_variance   | 0.897       |
|    learning_rate        | 0.0003      |
|    loss                 | -0.00653    |
|    n_updates            | 1575        |
|    policy_gradient_loss | -0.00809    |
|    value_loss           | 0.0718      |
-----------------------------------------
-----------------------------------------
| rollout/                |             |
|    ep_len_mean          | 339         |
|    ep_rew_mean          | 216         |
| time/                   |             |
|    fps                  | 250         |
|    iterations           | 281         |
|    time_elapsed         | 9173        |
|    total_timesteps      | 2601952     |
| train/                  |             |
|    approx_kl            | 0.006056166 |
|    clip_fraction        | 0.0551      |
|    clip_range           | 0.2         |
|    entropy_loss         | -1.36       |
|    explained_variance   | 0.896       |
|    learning_rate        | 0.0003      |
|    loss                 | -0.00368    |
|    n_updates            | 1580        |
|    policy_gradient_loss | -0.00657    |
|    value_loss           | 0.066       |
-----------------------------------------
------------------------------------------
| rollout/                |              |
|    ep_len_mean          | 348          |
|    ep_rew_mean          | 220          |
| time/                   |              |
|    fps                  | 250          |
|    iterations           | 282          |
|    time_elapsed         | 9205         |
|    total_timesteps      | 2610144      |
| train/                  |              |
|    approx_kl            | 0.0066581075 |
|    clip_fraction        | 0.0492       |
|    clip_range           | 0.2          |
|    entropy_loss         | -1.32        |
|    explained_variance   | 0.911        |
|    learning_rate        | 0.0003       |
|    loss                 | 0.00987      |
|    n_updates            | 1585         |
|    policy_gradient_loss | -0.00801     |
|    value_loss           | 0.0731       |
------------------------------------------
------------------------------------------
| rollout/                |              |
|    ep_len_mean          | 352          |
|    ep_rew_mean          | 224          |
| time/                   |              |
|    fps                  | 250          |
|    iterations           | 283          |
|    time_elapsed         | 9237         |
|    total_timesteps      | 2618336      |
| train/                  |              |
|    approx_kl            | 0.0052110013 |
|    clip_fraction        | 0.0425       |
|    clip_range           | 0.2          |
|    entropy_loss         | -1.32        |
|    explained_variance   | 0.888        |
|    learning_rate        | 0.0003       |
|    loss                 | 0.00306      |
|    n_updates            | 1590         |
|    policy_gradient_loss | -0.00755     |
|    value_loss           | 0.0714       |
------------------------------------------
------------------------------------------
| rollout/                |              |
|    ep_len_mean          | 364          |
|    ep_rew_mean          | 233          |
| time/                   |              |
|    fps                  | 250          |
|    iterations           | 284          |
|    time_elapsed         | 9269         |
|    total_timesteps      | 2626528      |
| train/                  |              |
|    approx_kl            | 0.0065062055 |
|    clip_fraction        | 0.055        |
|    clip_range           | 0.2          |
|    entropy_loss         | -1.3         |
|    explained_variance   | 0.886        |
|    learning_rate        | 0.0003       |
|    loss                 | 0.000336     |
|    n_updates            | 1595         |
|    policy_gradient_loss | -0.00805     |
|    value_loss           | 0.077        |
------------------------------------------
------------------------------------------
| rollout/                |              |
|    ep_len_mean          | 366          |
|    ep_rew_mean          | 233          |
| time/                   |              |
|    fps                  | 251          |
|    iterations           | 285          |
|    time_elapsed         | 9301         |
|    total_timesteps      | 2634720      |
| train/                  |              |
|    approx_kl            | 0.0067008776 |
|    clip_fraction        | 0.0468       |
|    clip_range           | 0.2          |
|    entropy_loss         | -1.39        |
|    explained_variance   | 0.874        |
|    learning_rate        | 0.0003       |
|    loss                 | 0.00829      |
|    n_updates            | 1600         |
|    policy_gradient_loss | -0.00716     |
|    value_loss           | 0.0795       |
------------------------------------------
------------------------------------------
| rollout/                |              |
|    ep_len_mean          | 355          |
|    ep_rew_mean          | 224          |
| time/                   |              |
|    fps                  | 251          |
|    iterations           | 286          |
|    time_elapsed         | 9333         |
|    total_timesteps      | 2642912      |
| train/                  |              |
|    approx_kl            | 0.0083194375 |
|    clip_fraction        | 0.071        |
|    clip_range           | 0.2          |
|    entropy_loss         | -1.32        |
|    explained_variance   | 0.899        |
|    learning_rate        | 0.0003       |
|    loss                 | -0.00012     |
|    n_updates            | 1605         |
|    policy_gradient_loss | -0.00838     |
|    value_loss           | 0.0741       |
------------------------------------------
------------------------------------------
| rollout/                |              |
|    ep_len_mean          | 348          |
|    ep_rew_mean          | 220          |
| time/                   |              |
|    fps                  | 251          |
|    iterations           | 287          |
|    time_elapsed         | 9365         |
|    total_timesteps      | 2651104      |
| train/                  |              |
|    approx_kl            | 0.0061893263 |
|    clip_fraction        | 0.0526       |
|    clip_range           | 0.2          |
|    entropy_loss         | -1.32        |
|    explained_variance   | 0.924        |
|    learning_rate        | 0.0003       |
|    loss                 | 0.00748      |
|    n_updates            | 1610         |
|    policy_gradient_loss | -0.00651     |
|    value_loss           | 0.0689       |
------------------------------------------
-----------------------------------------
| rollout/                |             |
|    ep_len_mean          | 337         |
|    ep_rew_mean          | 214         |
| time/                   |             |
|    fps                  | 251         |
|    iterations           | 288         |
|    time_elapsed         | 9397        |
|    total_timesteps      | 2659296     |
| train/                  |             |
|    approx_kl            | 0.007128858 |
|    clip_fraction        | 0.0712      |
|    clip_range           | 0.2         |
|    entropy_loss         | -1.31       |
|    explained_variance   | 0.891       |
|    learning_rate        | 0.0003      |
|    loss                 | 0.00512     |
|    n_updates            | 1615        |
|    policy_gradient_loss | -0.00914    |
|    value_loss           | 0.0752      |
-----------------------------------------
-----------------------------------------
| rollout/                |             |
|    ep_len_mean          | 333         |
|    ep_rew_mean          | 214         |
| time/                   |             |
|    fps                  | 251         |
|    iterations           | 289         |
|    time_elapsed         | 9428        |
|    total_timesteps      | 2667488     |
| train/                  |             |
|    approx_kl            | 0.007065451 |
|    clip_fraction        | 0.0627      |
|    clip_range           | 0.2         |
|    entropy_loss         | -1.27       |
|    explained_variance   | 0.907       |
|    learning_rate        | 0.0003      |
|    loss                 | -0.00153    |
|    n_updates            | 1620        |
|    policy_gradient_loss | -0.0087     |
|    value_loss           | 0.0709      |
-----------------------------------------
-----------------------------------------
| rollout/                |             |
|    ep_len_mean          | 352         |
|    ep_rew_mean          | 225         |
| time/                   |             |
|    fps                  | 251         |
|    iterations           | 290         |
|    time_elapsed         | 9461        |
|    total_timesteps      | 2675680     |
| train/                  |             |
|    approx_kl            | 0.005681626 |
|    clip_fraction        | 0.0536      |
|    clip_range           | 0.2         |
|    entropy_loss         | -1.38       |
|    explained_variance   | 0.904       |
|    learning_rate        | 0.0003      |
|    loss                 | 0.0165      |
|    n_updates            | 1625        |
|    policy_gradient_loss | -0.00713    |
|    value_loss           | 0.0796      |
-----------------------------------------
------------------------------------------
| rollout/                |              |
|    ep_len_mean          | 362          |
|    ep_rew_mean          | 228          |
| time/                   |              |
|    fps                  | 251          |
|    iterations           | 291          |
|    time_elapsed         | 9493         |
|    total_timesteps      | 2683872      |
| train/                  |              |
|    approx_kl            | 0.0066584838 |
|    clip_fraction        | 0.0487       |
|    clip_range           | 0.2          |
|    entropy_loss         | -1.38        |
|    explained_variance   | 0.923        |
|    learning_rate        | 0.0003       |
|    loss                 | 0.000868     |
|    n_updates            | 1630         |
|    policy_gradient_loss | -0.00638     |
|    value_loss           | 0.0745       |
------------------------------------------
-----------------------------------------
| rollout/                |             |
|    ep_len_mean          | 378         |
|    ep_rew_mean          | 234         |
| time/                   |             |
|    fps                  | 251         |
|    iterations           | 292         |
|    time_elapsed         | 9525        |
|    total_timesteps      | 2692064     |
| train/                  |             |
|    approx_kl            | 0.007378394 |
|    clip_fraction        | 0.0691      |
|    clip_range           | 0.2         |
|    entropy_loss         | -1.35       |
|    explained_variance   | 0.885       |
|    learning_rate        | 0.0003      |
|    loss                 | 0.00418     |
|    n_updates            | 1635        |
|    policy_gradient_loss | -0.00751    |
|    value_loss           | 0.0792      |
-----------------------------------------
[Checkpoint] Saved at 2700000 steps > C:\Users\Admin\Desktop\disciple\realnewdisciples-main\Big_map\campaign_checkpoints\super-last-stand-3m-20260912-142514\campaign_ppo_step_2700000.zip
Eval num_timesteps=2700000, det_reward=198.43 +/- 70.40
Episode length: det=250.25 +/- 131.22
Victory rate: det=0.00%
-------------------------------------------------
| eval/                           |             |
|    deterministic_mean_ep_length | 250         |
|    deterministic_mean_reward    | 198         |
|    deterministic_victory_rate   | 0           |
|    mean_ep_length               | 250         |
|    mean_reward                  | 198         |
|    victory_rate                 | 0           |
| time/                           |             |
|    total_timesteps              | 2700000     |
| train/                          |             |
|    approx_kl                    | 0.006946883 |
|    clip_fraction                | 0.0569      |
|    clip_range                   | 0.2         |
|    entropy_loss                 | -1.46       |
|    explained_variance           | 0.911       |
|    learning_rate                | 0.0003      |
|    loss                         | -0.00153    |
|    n_updates                    | 1640        |
|    policy_gradient_loss         | -0.00781    |
|    value_loss                   | 0.0666      |
-------------------------------------------------
New best model by deterministic victory rate!
---------------------------------
| rollout/           |          |
|    ep_len_mean     | 361      |
|    ep_rew_mean     | 221      |
| time/              |          |
|    fps             | 250      |
|    iterations      | 293      |
|    time_elapsed    | 9576     |
|    total_timesteps | 2700256  |
---------------------------------
-----------------------------------------
| rollout/                |             |
|    ep_len_mean          | 356         |
|    ep_rew_mean          | 218         |
| time/                   |             |
|    fps                  | 250         |
|    iterations           | 294         |
|    time_elapsed         | 9609        |
|    total_timesteps      | 2708448     |
| train/                  |             |
|    approx_kl            | 0.008138865 |
|    clip_fraction        | 0.0605      |
|    clip_range           | 0.2         |
|    entropy_loss         | -1.33       |
|    explained_variance   | 0.907       |
|    learning_rate        | 0.0003      |
|    loss                 | -0.00258    |
|    n_updates            | 1645        |
|    policy_gradient_loss | -0.00943    |
|    value_loss           | 0.0728      |
-----------------------------------------
-----------------------------------------
| rollout/                |             |
|    ep_len_mean          | 355         |
|    ep_rew_mean          | 216         |
| time/                   |             |
|    fps                  | 250         |
|    iterations           | 295         |
|    time_elapsed         | 9646        |
|    total_timesteps      | 2716640     |
| train/                  |             |
|    approx_kl            | 0.008101996 |
|    clip_fraction        | 0.0672      |
|    clip_range           | 0.2         |
|    entropy_loss         | -1.43       |
|    explained_variance   | 0.899       |
|    learning_rate        | 0.0003      |
|    loss                 | 0.00131     |
|    n_updates            | 1650        |
|    policy_gradient_loss | -0.00826    |
|    value_loss           | 0.064       |
-----------------------------------------
-----------------------------------------
| rollout/                |             |
|    ep_len_mean          | 363         |
|    ep_rew_mean          | 217         |
| time/                   |             |
|    fps                  | 250         |
|    iterations           | 296         |
|    time_elapsed         | 9679        |
|    total_timesteps      | 2724832     |
| train/                  |             |
|    approx_kl            | 0.008084057 |
|    clip_fraction        | 0.0724      |
|    clip_range           | 0.2         |
|    entropy_loss         | -1.46       |
|    explained_variance   | 0.869       |
|    learning_rate        | 0.0003      |
|    loss                 | -0.00579    |
|    n_updates            | 1655        |
|    policy_gradient_loss | -0.00924    |
|    value_loss           | 0.0755      |
-----------------------------------------
-----------------------------------------
| rollout/                |             |
|    ep_len_mean          | 360         |
|    ep_rew_mean          | 218         |
| time/                   |             |
|    fps                  | 250         |
|    iterations           | 297         |
|    time_elapsed         | 9711        |
|    total_timesteps      | 2733024     |
| train/                  |             |
|    approx_kl            | 0.007478502 |
|    clip_fraction        | 0.0638      |
|    clip_range           | 0.2         |
|    entropy_loss         | -1.44       |
|    explained_variance   | 0.906       |
|    learning_rate        | 0.0003      |
|    loss                 | -0.00178    |
|    n_updates            | 1660        |
|    policy_gradient_loss | -0.00773    |
|    value_loss           | 0.0671      |
-----------------------------------------
-----------------------------------------
| rollout/                |             |
|    ep_len_mean          | 394         |
|    ep_rew_mean          | 228         |
| time/                   |             |
|    fps                  | 250         |
|    iterations           | 298         |
|    time_elapsed         | 9743        |
|    total_timesteps      | 2741216     |
| train/                  |             |
|    approx_kl            | 0.008919358 |
|    clip_fraction        | 0.0684      |
|    clip_range           | 0.2         |
|    entropy_loss         | -1.46       |
|    explained_variance   | 0.89        |
|    learning_rate        | 0.0003      |
|    loss                 | -0.00271    |
|    n_updates            | 1665        |
|    policy_gradient_loss | -0.00876    |
|    value_loss           | 0.0742      |
-----------------------------------------
-----------------------------------------
| rollout/                |             |
|    ep_len_mean          | 402         |
|    ep_rew_mean          | 228         |
| time/                   |             |
|    fps                  | 250         |
|    iterations           | 299         |
|    time_elapsed         | 9776        |
|    total_timesteps      | 2749408     |
| train/                  |             |
|    approx_kl            | 0.007873207 |
|    clip_fraction        | 0.0808      |
|    clip_range           | 0.2         |
|    entropy_loss         | -1.58       |
|    explained_variance   | 0.902       |
|    learning_rate        | 0.0003      |
|    loss                 | -0.00881    |
|    n_updates            | 1670        |
|    policy_gradient_loss | -0.00799    |
|    value_loss           | 0.0662      |
-----------------------------------------
-----------------------------------------
| rollout/                |             |
|    ep_len_mean          | 417         |
|    ep_rew_mean          | 232         |
| time/                   |             |
|    fps                  | 250         |
|    iterations           | 300         |
|    time_elapsed         | 9809        |
|    total_timesteps      | 2757600     |
| train/                  |             |
|    approx_kl            | 0.008927957 |
|    clip_fraction        | 0.0777      |
|    clip_range           | 0.2         |
|    entropy_loss         | -1.51       |
|    explained_variance   | 0.886       |
|    learning_rate        | 0.0003      |
|    loss                 | -0.00177    |
|    n_updates            | 1675        |
|    policy_gradient_loss | -0.00937    |
|    value_loss           | 0.0733      |
-----------------------------------------
-----------------------------------------
| rollout/                |             |
|    ep_len_mean          | 404         |
|    ep_rew_mean          | 225         |
| time/                   |             |
|    fps                  | 250         |
|    iterations           | 301         |
|    time_elapsed         | 9842        |
|    total_timesteps      | 2765792     |
| train/                  |             |
|    approx_kl            | 0.006918026 |
|    clip_fraction        | 0.0625      |
|    clip_range           | 0.2         |
|    entropy_loss         | -1.54       |
|    explained_variance   | 0.929       |
|    learning_rate        | 0.0003      |
|    loss                 | -0.0128     |
|    n_updates            | 1680        |
|    policy_gradient_loss | -0.00712    |
|    value_loss           | 0.048       |
-----------------------------------------
-----------------------------------------
| rollout/                |             |
|    ep_len_mean          | 418         |
|    ep_rew_mean          | 231         |
| time/                   |             |
|    fps                  | 250         |
|    iterations           | 302         |
|    time_elapsed         | 9875        |
|    total_timesteps      | 2773984     |
| train/                  |             |
|    approx_kl            | 0.007834326 |
|    clip_fraction        | 0.0681      |
|    clip_range           | 0.2         |
|    entropy_loss         | -1.48       |
|    explained_variance   | 0.944       |
|    learning_rate        | 0.0003      |
|    loss                 | -0.0101     |
|    n_updates            | 1685        |
|    policy_gradient_loss | -0.00773    |
|    value_loss           | 0.0386      |
-----------------------------------------
----------------------------------------
| rollout/                |            |
|    ep_len_mean          | 413        |
|    ep_rew_mean          | 236        |
| time/                   |            |
|    fps                  | 250        |
|    iterations           | 303        |
|    time_elapsed         | 9909       |
|    total_timesteps      | 2782176    |
| train/                  |            |
|    approx_kl            | 0.00728657 |
|    clip_fraction        | 0.074      |
|    clip_range           | 0.2        |
|    entropy_loss         | -1.46      |
|    explained_variance   | 0.897      |
|    learning_rate        | 0.0003     |
|    loss                 | -0.0145    |
|    n_updates            | 1690       |
|    policy_gradient_loss | -0.00981   |
|    value_loss           | 0.0651     |
----------------------------------------
-----------------------------------------
| rollout/                |             |
|    ep_len_mean          | 392         |
|    ep_rew_mean          | 232         |
| time/                   |             |
|    fps                  | 250         |
|    iterations           | 304         |
|    time_elapsed         | 9942        |
|    total_timesteps      | 2790368     |
| train/                  |             |
|    approx_kl            | 0.007985882 |
|    clip_fraction        | 0.075       |
|    clip_range           | 0.2         |
|    entropy_loss         | -1.42       |
|    explained_variance   | 0.913       |
|    learning_rate        | 0.0003      |
|    loss                 | 0.00507     |
|    n_updates            | 1695        |
|    policy_gradient_loss | -0.00873    |
|    value_loss           | 0.064       |
-----------------------------------------
-----------------------------------------
| rollout/                |             |
|    ep_len_mean          | 395         |
|    ep_rew_mean          | 237         |
| time/                   |             |
|    fps                  | 250         |
|    iterations           | 305         |
|    time_elapsed         | 9975        |
|    total_timesteps      | 2798560     |
| train/                  |             |
|    approx_kl            | 0.006873381 |
|    clip_fraction        | 0.0626      |
|    clip_range           | 0.2         |
|    entropy_loss         | -1.41       |
|    explained_variance   | 0.893       |
|    learning_rate        | 0.0003      |
|    loss                 | -0.00491    |
|    n_updates            | 1700        |
|    policy_gradient_loss | -0.00778    |
|    value_loss           | 0.0688      |
-----------------------------------------
------------------------------------------
| rollout/                |              |
|    ep_len_mean          | 399          |
|    ep_rew_mean          | 240          |
| time/                   |              |
|    fps                  | 250          |
|    iterations           | 306          |
|    time_elapsed         | 10007        |
|    total_timesteps      | 2806752      |
| train/                  |              |
|    approx_kl            | 0.0071933176 |
|    clip_fraction        | 0.0575       |
|    clip_range           | 0.2          |
|    entropy_loss         | -1.47        |
|    explained_variance   | 0.922        |
|    learning_rate        | 0.0003       |
|    loss                 | -0.0107      |
|    n_updates            | 1705         |
|    policy_gradient_loss | -0.00855     |
|    value_loss           | 0.0584       |
------------------------------------------
------------------------------------------
| rollout/                |              |
|    ep_len_mean          | 388          |
|    ep_rew_mean          | 236          |
| time/                   |              |
|    fps                  | 250          |
|    iterations           | 307          |
|    time_elapsed         | 10040        |
|    total_timesteps      | 2814944      |
| train/                  |              |
|    approx_kl            | 0.0074119815 |
|    clip_fraction        | 0.0724       |
|    clip_range           | 0.2          |
|    entropy_loss         | -1.42        |
|    explained_variance   | 0.928        |
|    learning_rate        | 0.0003       |
|    loss                 | -0.0141      |
|    n_updates            | 1710         |
|    policy_gradient_loss | -0.00844     |
|    value_loss           | 0.0548       |
------------------------------------------
------------------------------------------
| rollout/                |              |
|    ep_len_mean          | 379          |
|    ep_rew_mean          | 231          |
| time/                   |              |
|    fps                  | 250          |
|    iterations           | 308          |
|    time_elapsed         | 10072        |
|    total_timesteps      | 2823136      |
| train/                  |              |
|    approx_kl            | 0.0071754064 |
|    clip_fraction        | 0.062        |
|    clip_range           | 0.2          |
|    entropy_loss         | -1.37        |
|    explained_variance   | 0.919        |
|    learning_rate        | 0.0003       |
|    loss                 | 0.000605     |
|    n_updates            | 1715         |
|    policy_gradient_loss | -0.00729     |
|    value_loss           | 0.0577       |
------------------------------------------
------------------------------------------
| rollout/                |              |
|    ep_len_mean          | 383          |
|    ep_rew_mean          | 232          |
| time/                   |              |
|    fps                  | 250          |
|    iterations           | 309          |
|    time_elapsed         | 10104        |
|    total_timesteps      | 2831328      |
| train/                  |              |
|    approx_kl            | 0.0071359845 |
|    clip_fraction        | 0.0556       |
|    clip_range           | 0.2          |
|    entropy_loss         | -1.36        |
|    explained_variance   | 0.909        |
|    learning_rate        | 0.0003       |
|    loss                 | -0.0115      |
|    n_updates            | 1720         |
|    policy_gradient_loss | -0.00847     |
|    value_loss           | 0.0663       |
------------------------------------------
-----------------------------------------
| rollout/                |             |
|    ep_len_mean          | 385         |
|    ep_rew_mean          | 238         |
| time/                   |             |
|    fps                  | 250         |
|    iterations           | 310         |
|    time_elapsed         | 10136       |
|    total_timesteps      | 2839520     |
| train/                  |             |
|    approx_kl            | 0.008135805 |
|    clip_fraction        | 0.0651      |
|    clip_range           | 0.2         |
|    entropy_loss         | -1.4        |
|    explained_variance   | 0.92        |
|    learning_rate        | 0.0003      |
|    loss                 | -0.00282    |
|    n_updates            | 1725        |
|    policy_gradient_loss | -0.00873    |
|    value_loss           | 0.0621      |
-----------------------------------------
-----------------------------------------
| rollout/                |             |
|    ep_len_mean          | 386         |
|    ep_rew_mean          | 240         |
| time/                   |             |
|    fps                  | 250         |
|    iterations           | 311         |
|    time_elapsed         | 10168       |
|    total_timesteps      | 2847712     |
| train/                  |             |
|    approx_kl            | 0.007046719 |
|    clip_fraction        | 0.0652      |
|    clip_range           | 0.2         |
|    entropy_loss         | -1.36       |
|    explained_variance   | 0.904       |
|    learning_rate        | 0.0003      |
|    loss                 | -0.00562    |
|    n_updates            | 1730        |
|    policy_gradient_loss | -0.00855    |
|    value_loss           | 0.0699      |
-----------------------------------------
------------------------------------------
| rollout/                |              |
|    ep_len_mean          | 406          |
|    ep_rew_mean          | 244          |
| time/                   |              |
|    fps                  | 250          |
|    iterations           | 312          |
|    time_elapsed         | 10201        |
|    total_timesteps      | 2855904      |
| train/                  |              |
|    approx_kl            | 0.0070280847 |
|    clip_fraction        | 0.0645       |
|    clip_range           | 0.2          |
|    entropy_loss         | -1.43        |
|    explained_variance   | 0.866        |
|    learning_rate        | 0.0003       |
|    loss                 | 0.0013       |
|    n_updates            | 1735         |
|    policy_gradient_loss | -0.00755     |
|    value_loss           | 0.0742       |
------------------------------------------
------------------------------------------
| rollout/                |              |
|    ep_len_mean          | 419          |
|    ep_rew_mean          | 248          |
| time/                   |              |
|    fps                  | 250          |
|    iterations           | 313          |
|    time_elapsed         | 10235        |
|    total_timesteps      | 2864096      |
| train/                  |              |
|    approx_kl            | 0.0067150276 |
|    clip_fraction        | 0.0506       |
|    clip_range           | 0.2          |
|    entropy_loss         | -1.41        |
|    explained_variance   | 0.906        |
|    learning_rate        | 0.0003       |
|    loss                 | -0.00323     |
|    n_updates            | 1740         |
|    policy_gradient_loss | -0.00618     |
|    value_loss           | 0.0678       |
------------------------------------------
----------------------------------------
| rollout/                |            |
|    ep_len_mean          | 427        |
|    ep_rew_mean          | 252        |
| time/                   |            |
|    fps                  | 250        |
|    iterations           | 314        |
|    time_elapsed         | 10269      |
|    total_timesteps      | 2872288    |
| train/                  |            |
|    approx_kl            | 0.00798568 |
|    clip_fraction        | 0.065      |
|    clip_range           | 0.2        |
|    entropy_loss         | -1.45      |
|    explained_variance   | 0.891      |
|    learning_rate        | 0.0003     |
|    loss                 | 0.000253   |
|    n_updates            | 1745       |
|    policy_gradient_loss | -0.00791   |
|    value_loss           | 0.073      |
----------------------------------------
-----------------------------------------
| rollout/                |             |
|    ep_len_mean          | 451         |
|    ep_rew_mean          | 259         |
| time/                   |             |
|    fps                  | 250         |
|    iterations           | 315         |
|    time_elapsed         | 10302       |
|    total_timesteps      | 2880480     |
| train/                  |             |
|    approx_kl            | 0.006492452 |
|    clip_fraction        | 0.0568      |
|    clip_range           | 0.2         |
|    entropy_loss         | -1.43       |
|    explained_variance   | 0.92        |
|    learning_rate        | 0.0003      |
|    loss                 | -0.00244    |
|    n_updates            | 1750        |
|    policy_gradient_loss | -0.00791    |
|    value_loss           | 0.0595      |
-----------------------------------------
-----------------------------------------
| rollout/                |             |
|    ep_len_mean          | 460         |
|    ep_rew_mean          | 267         |
| time/                   |             |
|    fps                  | 250         |
|    iterations           | 316         |
|    time_elapsed         | 10334       |
|    total_timesteps      | 2888672     |
| train/                  |             |
|    approx_kl            | 0.004916768 |
|    clip_fraction        | 0.0402      |
|    clip_range           | 0.2         |
|    entropy_loss         | -1.46       |
|    explained_variance   | 0.874       |
|    learning_rate        | 0.0003      |
|    loss                 | 0.0154      |
|    n_updates            | 1755        |
|    policy_gradient_loss | -0.00668    |
|    value_loss           | 0.0889      |
-----------------------------------------
-----------------------------------------
| rollout/                |             |
|    ep_len_mean          | 463         |
|    ep_rew_mean          | 271         |
| time/                   |             |
|    fps                  | 250         |
|    iterations           | 317         |
|    time_elapsed         | 10367       |
|    total_timesteps      | 2896864     |
| train/                  |             |
|    approx_kl            | 0.006983961 |
|    clip_fraction        | 0.0514      |
|    clip_range           | 0.2         |
|    entropy_loss         | -1.34       |
|    explained_variance   | 0.879       |
|    learning_rate        | 0.0003      |
|    loss                 | -0.00773    |
|    n_updates            | 1760        |
|    policy_gradient_loss | -0.0083     |
|    value_loss           | 0.074       |
-----------------------------------------
------------------------------------------
| rollout/                |              |
|    ep_len_mean          | 467          |
|    ep_rew_mean          | 273          |
| time/                   |              |
|    fps                  | 250          |
|    iterations           | 318          |
|    time_elapsed         | 10399        |
|    total_timesteps      | 2905056      |
| train/                  |              |
|    approx_kl            | 0.0066854614 |
|    clip_fraction        | 0.0622       |
|    clip_range           | 0.2          |
|    entropy_loss         | -1.4         |
|    explained_variance   | 0.886        |
|    learning_rate        | 0.0003       |
|    loss                 | -0.00602     |
|    n_updates            | 1765         |
|    policy_gradient_loss | -0.00813     |
|    value_loss           | 0.0686       |
------------------------------------------
-----------------------------------------
| rollout/                |             |
|    ep_len_mean          | 467         |
|    ep_rew_mean          | 278         |
| time/                   |             |
|    fps                  | 250         |
|    iterations           | 319         |
|    time_elapsed         | 10431       |
|    total_timesteps      | 2913248     |
| train/                  |             |
|    approx_kl            | 0.008065004 |
|    clip_fraction        | 0.0634      |
|    clip_range           | 0.2         |
|    entropy_loss         | -1.53       |
|    explained_variance   | 0.919       |
|    learning_rate        | 0.0003      |
|    loss                 | -0.000665   |
|    n_updates            | 1770        |
|    policy_gradient_loss | -0.00708    |
|    value_loss           | 0.0611      |
-----------------------------------------
------------------------------------------
| rollout/                |              |
|    ep_len_mean          | 457          |
|    ep_rew_mean          | 275          |
| time/                   |              |
|    fps                  | 250          |
|    iterations           | 320          |
|    time_elapsed         | 10464        |
|    total_timesteps      | 2921440      |
| train/                  |              |
|    approx_kl            | 0.0062205866 |
|    clip_fraction        | 0.0482       |
|    clip_range           | 0.2          |
|    entropy_loss         | -1.34        |
|    explained_variance   | 0.904        |
|    learning_rate        | 0.0003       |
|    loss                 | -0.00463     |
|    n_updates            | 1775         |
|    policy_gradient_loss | -0.00723     |
|    value_loss           | 0.0659       |
------------------------------------------
------------------------------------------
| rollout/                |              |
|    ep_len_mean          | 441          |
|    ep_rew_mean          | 274          |
| time/                   |              |
|    fps                  | 250          |
|    iterations           | 321          |
|    time_elapsed         | 10496        |
|    total_timesteps      | 2929632      |
| train/                  |              |
|    approx_kl            | 0.0071393955 |
|    clip_fraction        | 0.0653       |
|    clip_range           | 0.2          |
|    entropy_loss         | -1.37        |
|    explained_variance   | 0.883        |
|    learning_rate        | 0.0003       |
|    loss                 | 0.00278      |
|    n_updates            | 1780         |
|    policy_gradient_loss | -0.00732     |
|    value_loss           | 0.0865       |
------------------------------------------
------------------------------------------
| rollout/                |              |
|    ep_len_mean          | 435          |
|    ep_rew_mean          | 265          |
| time/                   |              |
|    fps                  | 250          |
|    iterations           | 322          |
|    time_elapsed         | 10529        |
|    total_timesteps      | 2937824      |
| train/                  |              |
|    approx_kl            | 0.0073440243 |
|    clip_fraction        | 0.0622       |
|    clip_range           | 0.2          |
|    entropy_loss         | -1.35        |
|    explained_variance   | 0.882        |
|    learning_rate        | 0.0003       |
|    loss                 | 0.013        |
|    n_updates            | 1785         |
|    policy_gradient_loss | -0.00846     |
|    value_loss           | 0.0861       |
------------------------------------------
----------------------------------------
| rollout/                |            |
|    ep_len_mean          | 424        |
|    ep_rew_mean          | 264        |
| time/                   |            |
|    fps                  | 250        |
|    iterations           | 323        |
|    time_elapsed         | 10562      |
|    total_timesteps      | 2946016    |
| train/                  |            |
|    approx_kl            | 0.00681287 |
|    clip_fraction        | 0.0625     |
|    clip_range           | 0.2        |
|    entropy_loss         | -1.42      |
|    explained_variance   | 0.896      |
|    learning_rate        | 0.0003     |
|    loss                 | -0.0104    |
|    n_updates            | 1790       |
|    policy_gradient_loss | -0.00829   |
|    value_loss           | 0.0825     |
----------------------------------------
-----------------------------------------
| rollout/                |             |
|    ep_len_mean          | 412         |
|    ep_rew_mean          | 254         |
| time/                   |             |
|    fps                  | 250         |
|    iterations           | 324         |
|    time_elapsed         | 10594       |
|    total_timesteps      | 2954208     |
| train/                  |             |
|    approx_kl            | 0.007949714 |
|    clip_fraction        | 0.0739      |
|    clip_range           | 0.2         |
|    entropy_loss         | -1.42       |
|    explained_variance   | 0.894       |
|    learning_rate        | 0.0003      |
|    loss                 | 0.00341     |
|    n_updates            | 1795        |
|    policy_gradient_loss | -0.00797    |
|    value_loss           | 0.0799      |
-----------------------------------------
------------------------------------------
| rollout/                |              |
|    ep_len_mean          | 421          |
|    ep_rew_mean          | 255          |
| time/                   |              |
|    fps                  | 250          |
|    iterations           | 325          |
|    time_elapsed         | 10626        |
|    total_timesteps      | 2962400      |
| train/                  |              |
|    approx_kl            | 0.0076771416 |
|    clip_fraction        | 0.0595       |
|    clip_range           | 0.2          |
|    entropy_loss         | -1.39        |
|    explained_variance   | 0.922        |
|    learning_rate        | 0.0003       |
|    loss                 | 0.0019       |
|    n_updates            | 1800         |
|    policy_gradient_loss | -0.00752     |
|    value_loss           | 0.0709       |
------------------------------------------
------------------------------------------
| rollout/                |              |
|    ep_len_mean          | 447          |
|    ep_rew_mean          | 266          |
| time/                   |              |
|    fps                  | 250          |
|    iterations           | 326          |
|    time_elapsed         | 10659        |
|    total_timesteps      | 2970592      |
| train/                  |              |
|    approx_kl            | 0.0068757683 |
|    clip_fraction        | 0.0623       |
|    clip_range           | 0.2          |
|    entropy_loss         | -1.43        |
|    explained_variance   | 0.893        |
|    learning_rate        | 0.0003       |
|    loss                 | 0.00411      |
|    n_updates            | 1805         |
|    policy_gradient_loss | -0.00772     |
|    value_loss           | 0.0851       |
------------------------------------------
------------------------------------------
| rollout/                |              |
|    ep_len_mean          | 476          |
|    ep_rew_mean          | 274          |
| time/                   |              |
|    fps                  | 250          |
|    iterations           | 327          |
|    time_elapsed         | 10692        |
|    total_timesteps      | 2978784      |
| train/                  |              |
|    approx_kl            | 0.0077143186 |
|    clip_fraction        | 0.0758       |
|    clip_range           | 0.2          |
|    entropy_loss         | -1.4         |
|    explained_variance   | 0.894        |
|    learning_rate        | 0.0003       |
|    loss                 | 0.00284      |
|    n_updates            | 1810         |
|    policy_gradient_loss | -0.00857     |
|    value_loss           | 0.0693       |
------------------------------------------
-----------------------------------------
| rollout/                |             |
|    ep_len_mean          | 464         |
|    ep_rew_mean          | 273         |
| time/                   |             |
|    fps                  | 250         |
|    iterations           | 328         |
|    time_elapsed         | 10725       |
|    total_timesteps      | 2986976     |
| train/                  |             |
|    approx_kl            | 0.005663093 |
|    clip_fraction        | 0.0441      |
|    clip_range           | 0.2         |
|    entropy_loss         | -1.42       |
|    explained_variance   | 0.9         |
|    learning_rate        | 0.0003      |
|    loss                 | 0.0033      |
|    n_updates            | 1815        |
|    policy_gradient_loss | -0.00634    |
|    value_loss           | 0.0873      |
-----------------------------------------
-----------------------------------------
| rollout/                |             |
|    ep_len_mean          | 481         |
|    ep_rew_mean          | 280         |
| time/                   |             |
|    fps                  | 250         |
|    iterations           | 329         |
|    time_elapsed         | 10758       |
|    total_timesteps      | 2995168     |
| train/                  |             |
|    approx_kl            | 0.007121752 |
|    clip_fraction        | 0.0605      |
|    clip_range           | 0.2         |
|    entropy_loss         | -1.45       |
|    explained_variance   | 0.884       |
|    learning_rate        | 0.0003      |
|    loss                 | 0.000443    |
|    n_updates            | 1820        |
|    policy_gradient_loss | -0.00803    |
|    value_loss           | 0.11        |
-----------------------------------------
[Checkpoint] Saved at 3000000 steps > C:\Users\Admin\Desktop\disciple\realnewdisciples-main\Big_map\campaign_checkpoints\super-last-stand-3m-20260912-142514\campaign_ppo_step_3000000.zip
Eval num_timesteps=3000000, det_reward=226.64 +/- 104.13
Episode length: det=415.80 +/- 344.29
Victory rate: det=0.00%
-------------------------------------------------
| eval/                           |             |
|    deterministic_mean_ep_length | 416         |
|    deterministic_mean_reward    | 227         |
|    deterministic_victory_rate   | 0           |
|    mean_ep_length               | 416         |
|    mean_reward                  | 227         |
|    victory_rate                 | 0           |
| time/                           |             |
|    total_timesteps              | 3000000     |
| train/                          |             |
|    approx_kl                    | 0.008251738 |
|    clip_fraction                | 0.0753      |
|    clip_range                   | 0.2         |
|    entropy_loss                 | -1.47       |
|    explained_variance           | 0.895       |
|    learning_rate                | 0.0003      |
|    loss                         | -0.00607    |
|    n_updates                    | 1825        |
|    policy_gradient_loss         | -0.00895    |
|    value_loss                   | 0.0797      |
-------------------------------------------------
New best model by deterministic victory rate!
---------------------------------
| rollout/           |          |
|    ep_len_mean     | 495      |
|    ep_rew_mean     | 283      |
| time/              |          |
|    fps             | 249      |
|    iterations      | 330      |
|    time_elapsed    | 10823    |
|    total_timesteps | 3003360  |
---------------------------------
VecNormalize stats saved: C:\Users\Admin\Desktop\disciple\realnewdisciples-main\Big_map\campaign_models\super-last-stand-3m-20260912-142514/vecnormalize.pkl

Финальная модель сохранена: C:\Users\Admin\Desktop\disciple\realnewdisciples-main\Big_map\campaign_models\super-last-stand-3m-20260912-142514/final_model.zip

============================================================
ИТОГИ ОБУЧЕНИЯ:
  Побед: 0
  Поражений: 8574
  Таймаутов: 0
  Побед бота столицы над врагами: 0
  Перестановок юнитов: 197715
  Терминальные поражения по противникам:
    enemy_112: 1628 — Волна 4 — «Первая сталь» (~1300); Гномы
    enemy_113: 1348 — Волна 5 — «Гвардия героев» (~1650); Люди
    enemy_114: 954 — Волна 5 — «Гвардия героев» (~1650); Эльфы
    enemy_111: 898 — Волна 4 — «Первая сталь» (~1300); Эльфы
    enemy_110: 730 — Волна 4 — «Первая сталь» (~1300); Люди
    enemy_115: 487 — Волна 5 — «Гвардия героев» (~1650); Гномы
    enemy_10: 453 — Гарнизон города тёмных эльфов
    enemy_116: 354 — Волна 6 — «Стальной прилив» (~1850); Люди
    enemy_117: 293 — Волна 6 — «Стальной прилив» (~1850); Эльфы
    enemy_109: 277 — Волна 3 — «Разведка боем» (~1050); Гномы
    enemy_70: 223 — Руины: Тролль, Людоед и Гоблин старейшина
    enemy_132: 133 — Волна 11 — «Судный час»; Эльфы
    enemy_119: 116 — Волна 7 — «Цвет трёх народов» (~2100); Люди
    enemy_120: 106 — Волна 7 — «Цвет трёх народов» (~2100); Эльфы
    enemy_118: 95 — Волна 6 — «Стальной прилив» (~1850); Гномы
    enemy_131: 73 — Волна 11 — «Судный час»; Люди
    enemy_108: 60 — Волна 3 — «Разведка боем» (~1050); Эльфы
    enemy_121: 52 — Волна 7 — «Цвет трёх народов» (~2100); Гномы
    enemy_123: 37 — Волна 8 — «Ярость ветеранов» (~2350); Эльфы
    enemy_125: 33 — Волна 9 — «Предвестники бури» (~2500); Люди
    enemy_122: 31 — Волна 8 — «Ярость ветеранов» (~2350); Люди
    enemy_107: 28 — Волна 3 — «Разведка боем» (~1050); Люди
    enemy_2: 25 — Один Мастер оккультист
    enemy_124: 25 — Волна 8 — «Ярость ветеранов» (~2350); Гномы
    enemy_11: 21 — Гарнизон города сильных варваров
    enemy_129: 21 — Волна 10 — «Канун бури» (~2650); Эльфы
    enemy_3: 15 — Морской змей и Кракен охраняют драгоценность в озере
    enemy_127: 13 — Волна 9 — «Предвестники бури» (~2500); Гномы
    enemy_71: 8 — Забытые эльфийские руины: нейтральный грифон, эльфийский оракул, лорд эльфов и эльф-рейнджер
    enemy_126: 8 — Волна 9 — «Предвестники бури» (~2500); Эльфы
    enemy_104: 7 — Волна 2 — «Регулярные роты» (~770); Люди
    enemy_128: 7 — Волна 10 — «Канун бури» (~2650); Люди
    enemy_106: 6 — Волна 2 — «Регулярные роты» (~770); Гномы
    enemy_130: 5 — Волна 10 — «Канун бури» (~2650); Гномы
    enemy_105: 4 — Волна 2 — «Регулярные роты» (~770); Эльфы
  Winrate: 0.0%
============================================================
  График призывов за эпизод: C:\Users\Admin\Desktop\disciple\realnewdisciples-main\Big_map\outputs\campaign_summoned_units_per_episode.png
  График призывов за всё обучение: C:\Users\Admin\Desktop\disciple\realnewdisciples-main\Big_map\outputs\campaign_summoned_units_cumulative.png
  График найма за эпизод: C:\Users\Admin\Desktop\disciple\realnewdisciples-main\Big_map\outputs\campaign_hired_units_per_episode.png
  График найма за всё обучение: C:\Users\Admin\Desktop\disciple\realnewdisciples-main\Big_map\outputs\campaign_hired_units_cumulative.png
  График перестановок юнитов за эпизод: C:\Users\Admin\Desktop\disciple\realnewdisciples-main\Big_map\outputs\campaign_unit_swaps_per_episode.png
  График боевых предметов: C:\Users\Admin\Desktop\disciple\realnewdisciples-main\Big_map\outputs\campaign_battle_item_activity.png
  График побед бота столицы за эпизод: C:\Users\Admin\Desktop\disciple\realnewdisciples-main\Big_map\outputs\campaign_scripted_bot_victories_per_episode.png
  График применения заклинаний: C:\Users\Admin\Desktop\disciple\realnewdisciples-main\Big_map\outputs\campaign_spell_cast_activity.png
