Проверка среды CampaignEnv...
Среда прошла проверку!
[INFO] Comet disabled, running without experiment tracking
Создание 4 параллельных сред (dummy)...
Инициализация MaskablePPO...
Using cpu device

============================================================
Запуск обучения Campaign Agent
Всего шагов: 3,000,000
Параллельных сред: 4
VecEnv: dummy
Seed: 42
Checkpoint каждые: 300,000 шагов
Evaluation каждые: 75,000 шагов
Eval deterministic эпизодов: 20
Eval stochastic эпизодов: 0
Eval лимит шагов на эпизод: 5000
Campaign map: small
Campaign objective: dragon
System resources at training start:
  Platform: Windows 11 (AMD64)
  Python: 3.14.6
  PyTorch: 2.12.1+cpu
  Training device: cpu
  CPU model: Intel64 Family 6 Model 158 Stepping 10, GenuineIntel
  CPU vendor: unknown
  Logical CPUs visible: 6
  Process CPU affinity: 6
  Sockets: unknown
  Cores per socket: unknown
  Threads per core: unknown
  CPU max MHz: unknown
  CPU min MHz: unknown
  L1d cache: unknown
  L1i cache: unknown
  L2 cache: unknown
  L3 cache: unknown
  Virtualization: unknown
  Hypervisor: unknown
  RAM total: unknown
  RAM available at start: unknown
  Disk total: 237.56 GiB
  Disk free at start: 48.07 GiB
  Torch intra-op threads: 1
  Torch inter-op threads: 1
  OMP_NUM_THREADS: 1
  MKL_NUM_THREADS: 1
  OPENBLAS_NUM_THREADS: 1
PPO n_steps: 2,048
PPO batch_size: 512
PPO n_epochs: 5
PPO learning_rate: 0.0003
PPO clip_range: 0.2
PPO ent_coef: 0.01
PPO gamma: 0.995
PPO gae_lambda: 0.95
PPO target_kl: disabled
PPO gradient batches per rollout: 80
VecCheckNan: enabled
Freeze action layout: enabled
Empire territory: enabled
Scripted capital bot: disabled
Starting roster: classic party (Одержимый, Герцог, Одержимый, Сектант)
Torch threads per process: 1
Diagnostics: enabled
Wall-clock training limit: disabled
Diagnostics dir: C:\Users\Admin\Desktop\disciple\realnewdisciples-main\Big_map\campaign_diagnostics\small-green-dragon-classic-3m-20260914-103034
Run ID: small-green-dragon-classic-3m-20260914-103034
============================================================

Logging to C:\Users\Admin\Desktop\disciple\realnewdisciples-main\Big_map\campaign_tb_logs\small-green-dragon-classic-3m-20260914-103034\MaskablePPO_1
---------------------------------
| rollout/           |          |
|    ep_len_mean     | 70.9     |
|    ep_rew_mean     | -5.86    |
| time/              |          |
|    fps             | 350      |
|    iterations      | 1        |
|    time_elapsed    | 23       |
|    total_timesteps | 8192     |
---------------------------------
-----------------------------------------
| rollout/                |             |
|    ep_len_mean          | 92.5        |
|    ep_rew_mean          | -5.63       |
| time/                   |             |
|    fps                  | 326         |
|    iterations           | 2           |
|    time_elapsed         | 50          |
|    total_timesteps      | 16384       |
| train/                  |             |
|    approx_kl            | 0.009920886 |
|    clip_fraction        | 0.072       |
|    clip_range           | 0.2         |
|    entropy_loss         | -2.21       |
|    explained_variance   | -0.0321     |
|    learning_rate        | 0.0003      |
|    loss                 | 0.341       |
|    n_updates            | 5           |
|    policy_gradient_loss | -0.00767    |
|    value_loss           | 0.936       |
-----------------------------------------
------------------------------------------
| rollout/                |              |
|    ep_len_mean          | 104          |
|    ep_rew_mean          | -4.87        |
| time/                   |              |
|    fps                  | 325          |
|    iterations           | 3            |
|    time_elapsed         | 75           |
|    total_timesteps      | 24576        |
| train/                  |              |
|    approx_kl            | 0.0097060185 |
|    clip_fraction        | 0.0748       |
|    clip_range           | 0.2          |
|    entropy_loss         | -2.19        |
|    explained_variance   | 0.529        |
|    learning_rate        | 0.0003       |
|    loss                 | 0.0871       |
|    n_updates            | 10           |
|    policy_gradient_loss | -0.0102      |
|    value_loss           | 0.32         |
------------------------------------------
-----------------------------------------
| rollout/                |             |
|    ep_len_mean          | 111         |
|    ep_rew_mean          | -3.37       |
| time/                   |             |
|    fps                  | 325         |
|    iterations           | 4           |
|    time_elapsed         | 100         |
|    total_timesteps      | 32768       |
| train/                  |             |
|    approx_kl            | 0.010486076 |
|    clip_fraction        | 0.0837      |
|    clip_range           | 0.2         |
|    entropy_loss         | -2.12       |
|    explained_variance   | 0.624       |
|    learning_rate        | 0.0003      |
|    loss                 | 0.0575      |
|    n_updates            | 15          |
|    policy_gradient_loss | -0.011      |
|    value_loss           | 0.248       |
-----------------------------------------
-----------------------------------------
| rollout/                |             |
|    ep_len_mean          | 132         |
|    ep_rew_mean          | -1.39       |
| time/                   |             |
|    fps                  | 326         |
|    iterations           | 5           |
|    time_elapsed         | 125         |
|    total_timesteps      | 40960       |
| train/                  |             |
|    approx_kl            | 0.011108873 |
|    clip_fraction        | 0.0927      |
|    clip_range           | 0.2         |
|    entropy_loss         | -2.08       |
|    explained_variance   | 0.726       |
|    learning_rate        | 0.0003      |
|    loss                 | 0.0659      |
|    n_updates            | 20          |
|    policy_gradient_loss | -0.0124     |
|    value_loss           | 0.221       |
-----------------------------------------
-----------------------------------------
| rollout/                |             |
|    ep_len_mean          | 138         |
|    ep_rew_mean          | -0.198      |
| time/                   |             |
|    fps                  | 326         |
|    iterations           | 6           |
|    time_elapsed         | 150         |
|    total_timesteps      | 49152       |
| train/                  |             |
|    approx_kl            | 0.009722672 |
|    clip_fraction        | 0.0852      |
|    clip_range           | 0.2         |
|    entropy_loss         | -2.04       |
|    explained_variance   | 0.801       |
|    learning_rate        | 0.0003      |
|    loss                 | 0.0505      |
|    n_updates            | 25          |
|    policy_gradient_loss | -0.0113     |
|    value_loss           | 0.173       |
-----------------------------------------
-----------------------------------------
| rollout/                |             |
|    ep_len_mean          | 149         |
|    ep_rew_mean          | 2.69        |
| time/                   |             |
|    fps                  | 326         |
|    iterations           | 7           |
|    time_elapsed         | 175         |
|    total_timesteps      | 57344       |
| train/                  |             |
|    approx_kl            | 0.009535396 |
|    clip_fraction        | 0.0917      |
|    clip_range           | 0.2         |
|    entropy_loss         | -2          |
|    explained_variance   | 0.817       |
|    learning_rate        | 0.0003      |
|    loss                 | 0.0329      |
|    n_updates            | 30          |
|    policy_gradient_loss | -0.0123     |
|    value_loss           | 0.13        |
-----------------------------------------
-----------------------------------------
| rollout/                |             |
|    ep_len_mean          | 154         |
|    ep_rew_mean          | 6.17        |
| time/                   |             |
|    fps                  | 326         |
|    iterations           | 8           |
|    time_elapsed         | 200         |
|    total_timesteps      | 65536       |
| train/                  |             |
|    approx_kl            | 0.011739291 |
|    clip_fraction        | 0.107       |
|    clip_range           | 0.2         |
|    entropy_loss         | -2.01       |
|    explained_variance   | 0.816       |
|    learning_rate        | 0.0003      |
|    loss                 | 0.00557     |
|    n_updates            | 35          |
|    policy_gradient_loss | -0.0119     |
|    value_loss           | 0.102       |
-----------------------------------------
-----------------------------------------
| rollout/                |             |
|    ep_len_mean          | 150         |
|    ep_rew_mean          | 8.9         |
| time/                   |             |
|    fps                  | 327         |
|    iterations           | 9           |
|    time_elapsed         | 224         |
|    total_timesteps      | 73728       |
| train/                  |             |
|    approx_kl            | 0.008081808 |
|    clip_fraction        | 0.0679      |
|    clip_range           | 0.2         |
|    entropy_loss         | -1.92       |
|    explained_variance   | 0.792       |
|    learning_rate        | 0.0003      |
|    loss                 | 0.00635     |
|    n_updates            | 40          |
|    policy_gradient_loss | -0.00912    |
|    value_loss           | 0.092       |
-----------------------------------------
------------------------------------------
| rollout/                |              |
|    ep_len_mean          | 150          |
|    ep_rew_mean          | 10.5         |
| time/                   |              |
|    fps                  | 328          |
|    iterations           | 10           |
|    time_elapsed         | 249          |
|    total_timesteps      | 81920        |
| train/                  |              |
|    approx_kl            | 0.0094145425 |
|    clip_fraction        | 0.0907       |
|    clip_range           | 0.2          |
|    entropy_loss         | -1.9         |
|    explained_variance   | 0.812        |
|    learning_rate        | 0.0003       |
|    loss                 | -0.000604    |
|    n_updates            | 45           |
|    policy_gradient_loss | -0.0098      |
|    value_loss           | 0.0868       |
------------------------------------------
------------------------------------------
| rollout/                |              |
|    ep_len_mean          | 141          |
|    ep_rew_mean          | 12.9         |
| time/                   |              |
|    fps                  | 329          |
|    iterations           | 11           |
|    time_elapsed         | 273          |
|    total_timesteps      | 90112        |
| train/                  |              |
|    approx_kl            | 0.0074437186 |
|    clip_fraction        | 0.0667       |
|    clip_range           | 0.2          |
|    entropy_loss         | -1.9         |
|    explained_variance   | 0.781        |
|    learning_rate        | 0.0003       |
|    loss                 | 0.00822      |
|    n_updates            | 50           |
|    policy_gradient_loss | -0.0086      |
|    value_loss           | 0.0883       |
------------------------------------------
-----------------------------------------
| rollout/                |             |
|    ep_len_mean          | 148         |
|    ep_rew_mean          | 15.6        |
| time/                   |             |
|    fps                  | 331         |
|    iterations           | 12          |
|    time_elapsed         | 296         |
|    total_timesteps      | 98304       |
| train/                  |             |
|    approx_kl            | 0.008523095 |
|    clip_fraction        | 0.0589      |
|    clip_range           | 0.2         |
|    entropy_loss         | -1.83       |
|    explained_variance   | 0.763       |
|    learning_rate        | 0.0003      |
|    loss                 | 0.00808     |
|    n_updates            | 55          |
|    policy_gradient_loss | -0.0077     |
|    value_loss           | 0.0994      |
-----------------------------------------
-----------------------------------------
| rollout/                |             |
|    ep_len_mean          | 145         |
|    ep_rew_mean          | 16.3        |
| time/                   |             |
|    fps                  | 332         |
|    iterations           | 13          |
|    time_elapsed         | 320         |
|    total_timesteps      | 106496      |
| train/                  |             |
|    approx_kl            | 0.008121893 |
|    clip_fraction        | 0.0647      |
|    clip_range           | 0.2         |
|    entropy_loss         | -1.8        |
|    explained_variance   | 0.827       |
|    learning_rate        | 0.0003      |
|    loss                 | 0.00169     |
|    n_updates            | 60          |
|    policy_gradient_loss | -0.00944    |
|    value_loss           | 0.0784      |
-----------------------------------------
------------------------------------------
| rollout/                |              |
|    ep_len_mean          | 139          |
|    ep_rew_mean          | 17.5         |
| time/                   |              |
|    fps                  | 333          |
|    iterations           | 14           |
|    time_elapsed         | 344          |
|    total_timesteps      | 114688       |
| train/                  |              |
|    approx_kl            | 0.0075925766 |
|    clip_fraction        | 0.0629       |
|    clip_range           | 0.2          |
|    entropy_loss         | -1.79        |
|    explained_variance   | 0.816        |
|    learning_rate        | 0.0003       |
|    loss                 | 0.00917      |
|    n_updates            | 65           |
|    policy_gradient_loss | -0.00837     |
|    value_loss           | 0.101        |
------------------------------------------
-----------------------------------------
| rollout/                |             |
|    ep_len_mean          | 134         |
|    ep_rew_mean          | 16.1        |
| time/                   |             |
|    fps                  | 334         |
|    iterations           | 15          |
|    time_elapsed         | 367         |
|    total_timesteps      | 122880      |
| train/                  |             |
|    approx_kl            | 0.008801565 |
|    clip_fraction        | 0.0729      |
|    clip_range           | 0.2         |
|    entropy_loss         | -1.78       |
|    explained_variance   | 0.809       |
|    learning_rate        | 0.0003      |
|    loss                 | 0.0215      |
|    n_updates            | 70          |
|    policy_gradient_loss | -0.00948    |
|    value_loss           | 0.103       |
-----------------------------------------
------------------------------------------
| rollout/                |              |
|    ep_len_mean          | 136          |
|    ep_rew_mean          | 16.7         |
| time/                   |              |
|    fps                  | 334          |
|    iterations           | 16           |
|    time_elapsed         | 391          |
|    total_timesteps      | 131072       |
| train/                  |              |
|    approx_kl            | 0.0067297122 |
|    clip_fraction        | 0.0612       |
|    clip_range           | 0.2          |
|    entropy_loss         | -1.76        |
|    explained_variance   | 0.809        |
|    learning_rate        | 0.0003       |
|    loss                 | 0.0144       |
|    n_updates            | 75           |
|    policy_gradient_loss | -0.00747     |
|    value_loss           | 0.109        |
------------------------------------------
------------------------------------------
| rollout/                |              |
|    ep_len_mean          | 147          |
|    ep_rew_mean          | 18.7         |
| time/                   |              |
|    fps                  | 335          |
|    iterations           | 17           |
|    time_elapsed         | 415          |
|    total_timesteps      | 139264       |
| train/                  |              |
|    approx_kl            | 0.0062518492 |
|    clip_fraction        | 0.0482       |
|    clip_range           | 0.2          |
|    entropy_loss         | -1.78        |
|    explained_variance   | 0.817        |
|    learning_rate        | 0.0003       |
|    loss                 | 0.0378       |
|    n_updates            | 80           |
|    policy_gradient_loss | -0.00652     |
|    value_loss           | 0.121        |
------------------------------------------
------------------------------------------
| rollout/                |              |
|    ep_len_mean          | 149          |
|    ep_rew_mean          | 19.7         |
| time/                   |              |
|    fps                  | 335          |
|    iterations           | 18           |
|    time_elapsed         | 439          |
|    total_timesteps      | 147456       |
| train/                  |              |
|    approx_kl            | 0.0057022017 |
|    clip_fraction        | 0.0454       |
|    clip_range           | 0.2          |
|    entropy_loss         | -1.74        |
|    explained_variance   | 0.838        |
|    learning_rate        | 0.0003       |
|    loss                 | 0.0193       |
|    n_updates            | 85           |
|    policy_gradient_loss | -0.00653     |
|    value_loss           | 0.118        |
------------------------------------------
------------------------------------------
| rollout/                |              |
|    ep_len_mean          | 148          |
|    ep_rew_mean          | 20.5         |
| time/                   |              |
|    fps                  | 336          |
|    iterations           | 19           |
|    time_elapsed         | 462          |
|    total_timesteps      | 155648       |
| train/                  |              |
|    approx_kl            | 0.0065539517 |
|    clip_fraction        | 0.0498       |
|    clip_range           | 0.2          |
|    entropy_loss         | -1.74        |
|    explained_variance   | 0.856        |
|    learning_rate        | 0.0003       |
|    loss                 | 0.00821      |
|    n_updates            | 90           |
|    policy_gradient_loss | -0.00614     |
|    value_loss           | 0.0945       |
------------------------------------------
------------------------------------------
| rollout/                |              |
|    ep_len_mean          | 147          |
|    ep_rew_mean          | 19.8         |
| time/                   |              |
|    fps                  | 336          |
|    iterations           | 20           |
|    time_elapsed         | 487          |
|    total_timesteps      | 163840       |
| train/                  |              |
|    approx_kl            | 0.0076203234 |
|    clip_fraction        | 0.0632       |
|    clip_range           | 0.2          |
|    entropy_loss         | -1.69        |
|    explained_variance   | 0.842        |
|    learning_rate        | 0.0003       |
|    loss                 | 0.0223       |
|    n_updates            | 95           |
|    policy_gradient_loss | -0.00784     |
|    value_loss           | 0.112        |
------------------------------------------
-----------------------------------------
| rollout/                |             |
|    ep_len_mean          | 192         |
|    ep_rew_mean          | 19.2        |
| time/                   |             |
|    fps                  | 336         |
|    iterations           | 21          |
|    time_elapsed         | 511         |
|    total_timesteps      | 172032      |
| train/                  |             |
|    approx_kl            | 0.008563586 |
|    clip_fraction        | 0.0762      |
|    clip_range           | 0.2         |
|    entropy_loss         | -1.69       |
|    explained_variance   | 0.895       |
|    learning_rate        | 0.0003      |
|    loss                 | 0.00741     |
|    n_updates            | 100         |
|    policy_gradient_loss | -0.00684    |
|    value_loss           | 0.0954      |
-----------------------------------------
------------------------------------------
| rollout/                |              |
|    ep_len_mean          | 202          |
|    ep_rew_mean          | 20.8         |
| time/                   |              |
|    fps                  | 336          |
|    iterations           | 22           |
|    time_elapsed         | 535          |
|    total_timesteps      | 180224       |
| train/                  |              |
|    approx_kl            | 0.0077656526 |
|    clip_fraction        | 0.0582       |
|    clip_range           | 0.2          |
|    entropy_loss         | -1.64        |
|    explained_variance   | 0.907        |
|    learning_rate        | 0.0003       |
|    loss                 | 0.0145       |
|    n_updates            | 105          |
|    policy_gradient_loss | -0.00711     |
|    value_loss           | 0.0915       |
------------------------------------------
-----------------------------------------
| rollout/                |             |
|    ep_len_mean          | 201         |
|    ep_rew_mean          | 21.5        |
| time/                   |             |
|    fps                  | 336         |
|    iterations           | 23          |
|    time_elapsed         | 560         |
|    total_timesteps      | 188416      |
| train/                  |             |
|    approx_kl            | 0.008105263 |
|    clip_fraction        | 0.0623      |
|    clip_range           | 0.2         |
|    entropy_loss         | -1.72       |
|    explained_variance   | 0.914       |
|    learning_rate        | 0.0003      |
|    loss                 | -0.000439   |
|    n_updates            | 110         |
|    policy_gradient_loss | -0.00756    |
|    value_loss           | 0.0711      |
-----------------------------------------
-----------------------------------------
| rollout/                |             |
|    ep_len_mean          | 211         |
|    ep_rew_mean          | 20.4        |
| time/                   |             |
|    fps                  | 336         |
|    iterations           | 24          |
|    time_elapsed         | 584         |
|    total_timesteps      | 196608      |
| train/                  |             |
|    approx_kl            | 0.008604979 |
|    clip_fraction        | 0.0753      |
|    clip_range           | 0.2         |
|    entropy_loss         | -1.72       |
|    explained_variance   | 0.947       |
|    learning_rate        | 0.0003      |
|    loss                 | -0.000228   |
|    n_updates            | 115         |
|    policy_gradient_loss | -0.00782    |
|    value_loss           | 0.0669      |
-----------------------------------------
------------------------------------------
| rollout/                |              |
|    ep_len_mean          | 221          |
|    ep_rew_mean          | 20.3         |
| time/                   |              |
|    fps                  | 336          |
|    iterations           | 25           |
|    time_elapsed         | 608          |
|    total_timesteps      | 204800       |
| train/                  |              |
|    approx_kl            | 0.0063495236 |
|    clip_fraction        | 0.0602       |
|    clip_range           | 0.2          |
|    entropy_loss         | -1.69        |
|    explained_variance   | 0.945        |
|    learning_rate        | 0.0003       |
|    loss                 | 0.026        |
|    n_updates            | 120          |
|    policy_gradient_loss | -0.00673     |
|    value_loss           | 0.0763       |
------------------------------------------
-----------------------------------------
| rollout/                |             |
|    ep_len_mean          | 174         |
|    ep_rew_mean          | 25.1        |
| time/                   |             |
|    fps                  | 337         |
|    iterations           | 26          |
|    time_elapsed         | 631         |
|    total_timesteps      | 212992      |
| train/                  |             |
|    approx_kl            | 0.007085043 |
|    clip_fraction        | 0.0648      |
|    clip_range           | 0.2         |
|    entropy_loss         | -1.67       |
|    explained_variance   | 0.923       |
|    learning_rate        | 0.0003      |
|    loss                 | -0.000966   |
|    n_updates            | 125         |
|    policy_gradient_loss | -0.00758    |
|    value_loss           | 0.0699      |
-----------------------------------------
------------------------------------------
| rollout/                |              |
|    ep_len_mean          | 161          |
|    ep_rew_mean          | 25.2         |
| time/                   |              |
|    fps                  | 337          |
|    iterations           | 27           |
|    time_elapsed         | 655          |
|    total_timesteps      | 221184       |
| train/                  |              |
|    approx_kl            | 0.0076902886 |
|    clip_fraction        | 0.0624       |
|    clip_range           | 0.2          |
|    entropy_loss         | -1.63        |
|    explained_variance   | 0.889        |
|    learning_rate        | 0.0003       |
|    loss                 | 0.00345      |
|    n_updates            | 130          |
|    policy_gradient_loss | -0.00712     |
|    value_loss           | 0.0747       |
------------------------------------------
------------------------------------------
| rollout/                |              |
|    ep_len_mean          | 159          |
|    ep_rew_mean          | 25.8         |
| time/                   |              |
|    fps                  | 337          |
|    iterations           | 28           |
|    time_elapsed         | 679          |
|    total_timesteps      | 229376       |
| train/                  |              |
|    approx_kl            | 0.0061046686 |
|    clip_fraction        | 0.0453       |
|    clip_range           | 0.2          |
|    entropy_loss         | -1.61        |
|    explained_variance   | 0.889        |
|    learning_rate        | 0.0003       |
|    loss                 | 0.0147       |
|    n_updates            | 135          |
|    policy_gradient_loss | -0.00607     |
|    value_loss           | 0.0817       |
------------------------------------------
------------------------------------------
| rollout/                |              |
|    ep_len_mean          | 155          |
|    ep_rew_mean          | 26           |
| time/                   |              |
|    fps                  | 337          |
|    iterations           | 29           |
|    time_elapsed         | 703          |
|    total_timesteps      | 237568       |
| train/                  |              |
|    approx_kl            | 0.0068409857 |
|    clip_fraction        | 0.0507       |
|    clip_range           | 0.2          |
|    entropy_loss         | -1.64        |
|    explained_variance   | 0.895        |
|    learning_rate        | 0.0003       |
|    loss                 | 0.00323      |
|    n_updates            | 140          |
|    policy_gradient_loss | -0.00616     |
|    value_loss           | 0.0699       |
------------------------------------------
------------------------------------------
| rollout/                |              |
|    ep_len_mean          | 196          |
|    ep_rew_mean          | 24.6         |
| time/                   |              |
|    fps                  | 337          |
|    iterations           | 30           |
|    time_elapsed         | 727          |
|    total_timesteps      | 245760       |
| train/                  |              |
|    approx_kl            | 0.0075424416 |
|    clip_fraction        | 0.0732       |
|    clip_range           | 0.2          |
|    entropy_loss         | -1.6         |
|    explained_variance   | 0.934        |
|    learning_rate        | 0.0003       |
|    loss                 | -0.000784    |
|    n_updates            | 145          |
|    policy_gradient_loss | -0.0087      |
|    value_loss           | 0.0607       |
------------------------------------------
------------------------------------------
| rollout/                |              |
|    ep_len_mean          | 202          |
|    ep_rew_mean          | 25.2         |
| time/                   |              |
|    fps                  | 337          |
|    iterations           | 31           |
|    time_elapsed         | 752          |
|    total_timesteps      | 253952       |
| train/                  |              |
|    approx_kl            | 0.0062942477 |
|    clip_fraction        | 0.0565       |
|    clip_range           | 0.2          |
|    entropy_loss         | -1.61        |
|    explained_variance   | 0.933        |
|    learning_rate        | 0.0003       |
|    loss                 | -0.00883     |
|    n_updates            | 150          |
|    policy_gradient_loss | -0.00734     |
|    value_loss           | 0.06         |
------------------------------------------
------------------------------------------
| rollout/                |              |
|    ep_len_mean          | 258          |
|    ep_rew_mean          | 25.1         |
| time/                   |              |
|    fps                  | 337          |
|    iterations           | 32           |
|    time_elapsed         | 776          |
|    total_timesteps      | 262144       |
| train/                  |              |
|    approx_kl            | 0.0063820393 |
|    clip_fraction        | 0.0527       |
|    clip_range           | 0.2          |
|    entropy_loss         | -1.62        |
|    explained_variance   | 0.966        |
|    learning_rate        | 0.0003       |
|    loss                 | -0.0129      |
|    n_updates            | 155          |
|    policy_gradient_loss | -0.00718     |
|    value_loss           | 0.0377       |
------------------------------------------
-----------------------------------------
| rollout/                |             |
|    ep_len_mean          | 221         |
|    ep_rew_mean          | 27.9        |
| time/                   |             |
|    fps                  | 337         |
|    iterations           | 33          |
|    time_elapsed         | 800         |
|    total_timesteps      | 270336      |
| train/                  |             |
|    approx_kl            | 0.006293038 |
|    clip_fraction        | 0.0467      |
|    clip_range           | 0.2         |
|    entropy_loss         | -1.59       |
|    explained_variance   | 0.962       |
|    learning_rate        | 0.0003      |
|    loss                 | -0.0109     |
|    n_updates            | 160         |
|    policy_gradient_loss | -0.0071     |
|    value_loss           | 0.0414      |
-----------------------------------------
-----------------------------------------
| rollout/                |             |
|    ep_len_mean          | 221         |
|    ep_rew_mean          | 28.8        |
| time/                   |             |
|    fps                  | 337         |
|    iterations           | 34          |
|    time_elapsed         | 824         |
|    total_timesteps      | 278528      |
| train/                  |             |
|    approx_kl            | 0.007117402 |
|    clip_fraction        | 0.0489      |
|    clip_range           | 0.2         |
|    entropy_loss         | -1.62       |
|    explained_variance   | 0.95        |
|    learning_rate        | 0.0003      |
|    loss                 | -0.00111    |
|    n_updates            | 165         |
|    policy_gradient_loss | -0.00641    |
|    value_loss           | 0.0534      |
-----------------------------------------
------------------------------------------
| rollout/                |              |
|    ep_len_mean          | 213          |
|    ep_rew_mean          | 23.1         |
| time/                   |              |
|    fps                  | 338          |
|    iterations           | 35           |
|    time_elapsed         | 848          |
|    total_timesteps      | 286720       |
| train/                  |              |
|    approx_kl            | 0.0072702696 |
|    clip_fraction        | 0.0608       |
|    clip_range           | 0.2          |
|    entropy_loss         | -1.62        |
|    explained_variance   | 0.968        |
|    learning_rate        | 0.0003       |
|    loss                 | -0.00852     |
|    n_updates            | 170          |
|    policy_gradient_loss | -0.00687     |
|    value_loss           | 0.0394       |
------------------------------------------
------------------------------------------
| rollout/                |              |
|    ep_len_mean          | 216          |
|    ep_rew_mean          | 23.1         |
| time/                   |              |
|    fps                  | 338          |
|    iterations           | 36           |
|    time_elapsed         | 872          |
|    total_timesteps      | 294912       |
| train/                  |              |
|    approx_kl            | 0.0070892544 |
|    clip_fraction        | 0.0604       |
|    clip_range           | 0.2          |
|    entropy_loss         | -1.56        |
|    explained_variance   | 0.954        |
|    learning_rate        | 0.0003       |
|    loss                 | -0.0105      |
|    n_updates            | 175          |
|    policy_gradient_loss | -0.00608     |
|    value_loss           | 0.045        |
------------------------------------------
[Checkpoint] Saved at 300000 steps > C:\Users\Admin\Desktop\disciple\realnewdisciples-main\Big_map\campaign_checkpoints\small-green-dragon-classic-3m-20260914-103034\campaign_ppo_step_300000.zip
Eval num_timesteps=300000, det_reward=17.11 +/- 4.48
Episode length: det=111.70 +/- 10.15
Victory rate: det=0.00%
--------------------------------------------------
| eval/                           |              |
|    deterministic_mean_ep_length | 112          |
|    deterministic_mean_reward    | 17.1         |
|    deterministic_victory_rate   | 0            |
|    mean_ep_length               | 112          |
|    mean_reward                  | 17.1         |
|    victory_rate                 | 0            |
| time/                           |              |
|    total_timesteps              | 300000       |
| train/                          |              |
|    approx_kl                    | 0.0069736764 |
|    clip_fraction                | 0.055        |
|    clip_range                   | 0.2          |
|    entropy_loss                 | -1.53        |
|    explained_variance           | 0.919        |
|    learning_rate                | 0.0003       |
|    loss                         | 0.0107       |
|    n_updates                    | 180          |
|    policy_gradient_loss         | -0.00651     |
|    value_loss                   | 0.0573       |
--------------------------------------------------
New best model by deterministic victory rate!
---------------------------------
| rollout/           |          |
|    ep_len_mean     | 172      |
|    ep_rew_mean     | 30.2     |
| time/              |          |
|    fps             | 335      |
|    iterations      | 37       |
|    time_elapsed    | 903      |
|    total_timesteps | 303104   |
---------------------------------
------------------------------------------
| rollout/                |              |
|    ep_len_mean          | 173          |
|    ep_rew_mean          | 31.2         |
| time/                   |              |
|    fps                  | 335          |
|    iterations           | 38           |
|    time_elapsed         | 928          |
|    total_timesteps      | 311296       |
| train/                  |              |
|    approx_kl            | 0.0077326223 |
|    clip_fraction        | 0.0744       |
|    clip_range           | 0.2          |
|    entropy_loss         | -1.55        |
|    explained_variance   | 0.956        |
|    learning_rate        | 0.0003       |
|    loss                 | -0.00209     |
|    n_updates            | 185          |
|    policy_gradient_loss | -0.00754     |
|    value_loss           | 0.0435       |
------------------------------------------
------------------------------------------
| rollout/                |              |
|    ep_len_mean          | 266          |
|    ep_rew_mean          | 23.5         |
| time/                   |              |
|    fps                  | 335          |
|    iterations           | 39           |
|    time_elapsed         | 953          |
|    total_timesteps      | 319488       |
| train/                  |              |
|    approx_kl            | 0.0074023698 |
|    clip_fraction        | 0.0538       |
|    clip_range           | 0.2          |
|    entropy_loss         | -1.65        |
|    explained_variance   | 0.986        |
|    learning_rate        | 0.0003       |
|    loss                 | -0.0131      |
|    n_updates            | 190          |
|    policy_gradient_loss | -0.00735     |
|    value_loss           | 0.0174       |
------------------------------------------
------------------------------------------
| rollout/                |              |
|    ep_len_mean          | 260          |
|    ep_rew_mean          | 23.2         |
| time/                   |              |
|    fps                  | 334          |
|    iterations           | 40           |
|    time_elapsed         | 978          |
|    total_timesteps      | 327680       |
| train/                  |              |
|    approx_kl            | 0.0062566507 |
|    clip_fraction        | 0.0491       |
|    clip_range           | 0.2          |
|    entropy_loss         | -1.66        |
|    explained_variance   | 0.986        |
|    learning_rate        | 0.0003       |
|    loss                 | -0.00372     |
|    n_updates            | 195          |
|    policy_gradient_loss | -0.00484     |
|    value_loss           | 0.0211       |
------------------------------------------
------------------------------------------
| rollout/                |              |
|    ep_len_mean          | 313          |
|    ep_rew_mean          | 17.8         |
| time/                   |              |
|    fps                  | 334          |
|    iterations           | 41           |
|    time_elapsed         | 1003         |
|    total_timesteps      | 335872       |
| train/                  |              |
|    approx_kl            | 0.0058822166 |
|    clip_fraction        | 0.0523       |
|    clip_range           | 0.2          |
|    entropy_loss         | -1.58        |
|    explained_variance   | 0.985        |
|    learning_rate        | 0.0003       |
|    loss                 | -0.00678     |
|    n_updates            | 200          |
|    policy_gradient_loss | -0.00667     |
|    value_loss           | 0.0252       |
------------------------------------------
-----------------------------------------
| rollout/                |             |
|    ep_len_mean          | 227         |
|    ep_rew_mean          | 27.4        |
| time/                   |             |
|    fps                  | 334         |
|    iterations           | 42          |
|    time_elapsed         | 1027        |
|    total_timesteps      | 344064      |
| train/                  |             |
|    approx_kl            | 0.005946948 |
|    clip_fraction        | 0.0576      |
|    clip_range           | 0.2         |
|    entropy_loss         | -1.54       |
|    explained_variance   | 0.977       |
|    learning_rate        | 0.0003      |
|    loss                 | 0.00102     |
|    n_updates            | 205         |
|    policy_gradient_loss | -0.00655    |
|    value_loss           | 0.0332      |
-----------------------------------------
------------------------------------------
| rollout/                |              |
|    ep_len_mean          | 276          |
|    ep_rew_mean          | 21.7         |
| time/                   |              |
|    fps                  | 334          |
|    iterations           | 43           |
|    time_elapsed         | 1052         |
|    total_timesteps      | 352256       |
| train/                  |              |
|    approx_kl            | 0.0061782855 |
|    clip_fraction        | 0.0427       |
|    clip_range           | 0.2          |
|    entropy_loss         | -1.52        |
|    explained_variance   | 0.981        |
|    learning_rate        | 0.0003       |
|    loss                 | -0.0106      |
|    n_updates            | 210          |
|    policy_gradient_loss | -0.00515     |
|    value_loss           | 0.0313       |
------------------------------------------
------------------------------------------
| rollout/                |              |
|    ep_len_mean          | 317          |
|    ep_rew_mean          | 20.1         |
| time/                   |              |
|    fps                  | 334          |
|    iterations           | 44           |
|    time_elapsed         | 1077         |
|    total_timesteps      | 360448       |
| train/                  |              |
|    approx_kl            | 0.0069662486 |
|    clip_fraction        | 0.0545       |
|    clip_range           | 0.2          |
|    entropy_loss         | -1.61        |
|    explained_variance   | 0.984        |
|    learning_rate        | 0.0003       |
|    loss                 | -0.0218      |
|    n_updates            | 215          |
|    policy_gradient_loss | -0.00588     |
|    value_loss           | 0.0233       |
------------------------------------------
-----------------------------------------
| rollout/                |             |
|    ep_len_mean          | 317         |
|    ep_rew_mean          | 24.2        |
| time/                   |             |
|    fps                  | 334         |
|    iterations           | 45          |
|    time_elapsed         | 1101        |
|    total_timesteps      | 368640      |
| train/                  |             |
|    approx_kl            | 0.007613626 |
|    clip_fraction        | 0.0701      |
|    clip_range           | 0.2         |
|    entropy_loss         | -1.64       |
|    explained_variance   | 0.982       |
|    learning_rate        | 0.0003      |
|    loss                 | -0.0152     |
|    n_updates            | 220         |
|    policy_gradient_loss | -0.00712    |
|    value_loss           | 0.0163      |
-----------------------------------------
-----------------------------------------
| rollout/                |             |
|    ep_len_mean          | 366         |
|    ep_rew_mean          | 16.9        |
| time/                   |             |
|    fps                  | 334         |
|    iterations           | 46          |
|    time_elapsed         | 1125        |
|    total_timesteps      | 376832      |
| train/                  |             |
|    approx_kl            | 0.006385737 |
|    clip_fraction        | 0.0543      |
|    clip_range           | 0.2         |
|    entropy_loss         | -1.57       |
|    explained_variance   | 0.983       |
|    learning_rate        | 0.0003      |
|    loss                 | -0.0204     |
|    n_updates            | 225         |
|    policy_gradient_loss | -0.00728    |
|    value_loss           | 0.0217      |
-----------------------------------------
----------------------------------------
| rollout/                |            |
|    ep_len_mean          | 310        |
|    ep_rew_mean          | 20.2       |
| time/                   |            |
|    fps                  | 334        |
|    iterations           | 47         |
|    time_elapsed         | 1149       |
|    total_timesteps      | 385024     |
| train/                  |            |
|    approx_kl            | 0.00764216 |
|    clip_fraction        | 0.0485     |
|    clip_range           | 0.2        |
|    entropy_loss         | -1.54      |
|    explained_variance   | 0.946      |
|    learning_rate        | 0.0003     |
|    loss                 | 0.0339     |
|    n_updates            | 230        |
|    policy_gradient_loss | -0.00608   |
|    value_loss           | 0.0836     |
----------------------------------------
-----------------------------------------
| rollout/                |             |
|    ep_len_mean          | 210         |
|    ep_rew_mean          | 32.1        |
| time/                   |             |
|    fps                  | 335         |
|    iterations           | 48          |
|    time_elapsed         | 1173        |
|    total_timesteps      | 393216      |
| train/                  |             |
|    approx_kl            | 0.005993862 |
|    clip_fraction        | 0.0512      |
|    clip_range           | 0.2         |
|    entropy_loss         | -1.49       |
|    explained_variance   | 0.941       |
|    learning_rate        | 0.0003      |
|    loss                 | -0.00228    |
|    n_updates            | 235         |
|    policy_gradient_loss | -0.00469    |
|    value_loss           | 0.0365      |
-----------------------------------------
-----------------------------------------
| rollout/                |             |
|    ep_len_mean          | 167         |
|    ep_rew_mean          | 35.1        |
| time/                   |             |
|    fps                  | 335         |
|    iterations           | 49          |
|    time_elapsed         | 1198        |
|    total_timesteps      | 401408      |
| train/                  |             |
|    approx_kl            | 0.005893682 |
|    clip_fraction        | 0.0566      |
|    clip_range           | 0.2         |
|    entropy_loss         | -1.45       |
|    explained_variance   | 0.915       |
|    learning_rate        | 0.0003      |
|    loss                 | -0.0112     |
|    n_updates            | 240         |
|    policy_gradient_loss | -0.00679    |
|    value_loss           | 0.0285      |
-----------------------------------------
-----------------------------------------
| rollout/                |             |
|    ep_len_mean          | 168         |
|    ep_rew_mean          | 35.1        |
| time/                   |             |
|    fps                  | 334         |
|    iterations           | 50          |
|    time_elapsed         | 1223        |
|    total_timesteps      | 409600      |
| train/                  |             |
|    approx_kl            | 0.009025274 |
|    clip_fraction        | 0.0792      |
|    clip_range           | 0.2         |
|    entropy_loss         | -1.56       |
|    explained_variance   | 0.966       |
|    learning_rate        | 0.0003      |
|    loss                 | -0.0184     |
|    n_updates            | 245         |
|    policy_gradient_loss | -0.00803    |
|    value_loss           | 0.031       |
-----------------------------------------
------------------------------------------
| rollout/                |              |
|    ep_len_mean          | 280          |
|    ep_rew_mean          | 23.5         |
| time/                   |              |
|    fps                  | 334          |
|    iterations           | 51           |
|    time_elapsed         | 1247         |
|    total_timesteps      | 417792       |
| train/                  |              |
|    approx_kl            | 0.0069076465 |
|    clip_fraction        | 0.0511       |
|    clip_range           | 0.2          |
|    entropy_loss         | -1.66        |
|    explained_variance   | 0.968        |
|    learning_rate        | 0.0003       |
|    loss                 | -0.0146      |
|    n_updates            | 250          |
|    policy_gradient_loss | -0.00498     |
|    value_loss           | 0.0158       |
------------------------------------------
-----------------------------------------
| rollout/                |             |
|    ep_len_mean          | 329         |
|    ep_rew_mean          | 18.7        |
| time/                   |             |
|    fps                  | 334         |
|    iterations           | 52          |
|    time_elapsed         | 1271        |
|    total_timesteps      | 425984      |
| train/                  |             |
|    approx_kl            | 0.005602926 |
|    clip_fraction        | 0.0456      |
|    clip_range           | 0.2         |
|    entropy_loss         | -1.53       |
|    explained_variance   | 0.939       |
|    learning_rate        | 0.0003      |
|    loss                 | -0.00137    |
|    n_updates            | 255         |
|    policy_gradient_loss | -0.00443    |
|    value_loss           | 0.111       |
-----------------------------------------
-----------------------------------------
| rollout/                |             |
|    ep_len_mean          | 346         |
|    ep_rew_mean          | 21.2        |
| time/                   |             |
|    fps                  | 335         |
|    iterations           | 53          |
|    time_elapsed         | 1295        |
|    total_timesteps      | 434176      |
| train/                  |             |
|    approx_kl            | 0.006504043 |
|    clip_fraction        | 0.0495      |
|    clip_range           | 0.2         |
|    entropy_loss         | -1.49       |
|    explained_variance   | 0.978       |
|    learning_rate        | 0.0003      |
|    loss                 | -0.00524    |
|    n_updates            | 260         |
|    policy_gradient_loss | -0.00583    |
|    value_loss           | 0.0283      |
-----------------------------------------
------------------------------------------
| rollout/                |              |
|    ep_len_mean          | 270          |
|    ep_rew_mean          | 27.6         |
| time/                   |              |
|    fps                  | 335          |
|    iterations           | 54           |
|    time_elapsed         | 1320         |
|    total_timesteps      | 442368       |
| train/                  |              |
|    approx_kl            | 0.0064656613 |
|    clip_fraction        | 0.0505       |
|    clip_range           | 0.2          |
|    entropy_loss         | -1.47        |
|    explained_variance   | 0.971        |
|    learning_rate        | 0.0003       |
|    loss                 | -0.0229      |
|    n_updates            | 265          |
|    policy_gradient_loss | -0.006       |
|    value_loss           | 0.0203       |
------------------------------------------
------------------------------------------
| rollout/                |              |
|    ep_len_mean          | 270          |
|    ep_rew_mean          | 28.1         |
| time/                   |              |
|    fps                  | 335          |
|    iterations           | 55           |
|    time_elapsed         | 1344         |
|    total_timesteps      | 450560       |
| train/                  |              |
|    approx_kl            | 0.0060247816 |
|    clip_fraction        | 0.0589       |
|    clip_range           | 0.2          |
|    entropy_loss         | -1.51        |
|    explained_variance   | 0.974        |
|    learning_rate        | 0.0003       |
|    loss                 | -0.0157      |
|    n_updates            | 270          |
|    policy_gradient_loss | -0.00757     |
|    value_loss           | 0.0281       |
------------------------------------------
------------------------------------------
| rollout/                |              |
|    ep_len_mean          | 269          |
|    ep_rew_mean          | 28.4         |
| time/                   |              |
|    fps                  | 335          |
|    iterations           | 56           |
|    time_elapsed         | 1368         |
|    total_timesteps      | 458752       |
| train/                  |              |
|    approx_kl            | 0.0066528204 |
|    clip_fraction        | 0.0707       |
|    clip_range           | 0.2          |
|    entropy_loss         | -1.5         |
|    explained_variance   | 0.975        |
|    learning_rate        | 0.0003       |
|    loss                 | -0.0209      |
|    n_updates            | 275          |
|    policy_gradient_loss | -0.00731     |
|    value_loss           | 0.0244       |
------------------------------------------
-----------------------------------------
| rollout/                |             |
|    ep_len_mean          | 263         |
|    ep_rew_mean          | 27.4        |
| time/                   |             |
|    fps                  | 335         |
|    iterations           | 57          |
|    time_elapsed         | 1393        |
|    total_timesteps      | 466944      |
| train/                  |             |
|    approx_kl            | 0.007520138 |
|    clip_fraction        | 0.0657      |
|    clip_range           | 0.2         |
|    entropy_loss         | -1.5        |
|    explained_variance   | 0.978       |
|    learning_rate        | 0.0003      |
|    loss                 | -0.0202     |
|    n_updates            | 280         |
|    policy_gradient_loss | -0.00643    |
|    value_loss           | 0.0208      |
-----------------------------------------
-----------------------------------------
| rollout/                |             |
|    ep_len_mean          | 312         |
|    ep_rew_mean          | 20.9        |
| time/                   |             |
|    fps                  | 335         |
|    iterations           | 58          |
|    time_elapsed         | 1417        |
|    total_timesteps      | 475136      |
| train/                  |             |
|    approx_kl            | 0.007465856 |
|    clip_fraction        | 0.0501      |
|    clip_range           | 0.2         |
|    entropy_loss         | -1.58       |
|    explained_variance   | 0.98        |
|    learning_rate        | 0.0003      |
|    loss                 | -0.0157     |
|    n_updates            | 285         |
|    policy_gradient_loss | -0.00516    |
|    value_loss           | 0.0121      |
-----------------------------------------
-----------------------------------------
| rollout/                |             |
|    ep_len_mean          | 371         |
|    ep_rew_mean          | 18.7        |
| time/                   |             |
|    fps                  | 335         |
|    iterations           | 59          |
|    time_elapsed         | 1442        |
|    total_timesteps      | 483328      |
| train/                  |             |
|    approx_kl            | 0.007664043 |
|    clip_fraction        | 0.0608      |
|    clip_range           | 0.2         |
|    entropy_loss         | -1.61       |
|    explained_variance   | 0.989       |
|    learning_rate        | 0.0003      |
|    loss                 | -0.0242     |
|    n_updates            | 290         |
|    policy_gradient_loss | -0.00459    |
|    value_loss           | 0.00734     |
-----------------------------------------
-----------------------------------------
| rollout/                |             |
|    ep_len_mean          | 416         |
|    ep_rew_mean          | 12.8        |
| time/                   |             |
|    fps                  | 335         |
|    iterations           | 60          |
|    time_elapsed         | 1466        |
|    total_timesteps      | 491520      |
| train/                  |             |
|    approx_kl            | 0.005775339 |
|    clip_fraction        | 0.0511      |
|    clip_range           | 0.2         |
|    entropy_loss         | -1.54       |
|    explained_variance   | 0.984       |
|    learning_rate        | 0.0003      |
|    loss                 | -0.0173     |
|    n_updates            | 295         |
|    policy_gradient_loss | -0.00548    |
|    value_loss           | 0.0143      |
-----------------------------------------
-----------------------------------------
| rollout/                |             |
|    ep_len_mean          | 408         |
|    ep_rew_mean          | 12.5        |
| time/                   |             |
|    fps                  | 335         |
|    iterations           | 61          |
|    time_elapsed         | 1490        |
|    total_timesteps      | 499712      |
| train/                  |             |
|    approx_kl            | 0.007027465 |
|    clip_fraction        | 0.0543      |
|    clip_range           | 0.2         |
|    entropy_loss         | -1.53       |
|    explained_variance   | 0.988       |
|    learning_rate        | 0.0003      |
|    loss                 | -0.0203     |
|    n_updates            | 300         |
|    policy_gradient_loss | -0.0053     |
|    value_loss           | 0.0118      |
-----------------------------------------
-----------------------------------------
| rollout/                |             |
|    ep_len_mean          | 312         |
|    ep_rew_mean          | 24.3        |
| time/                   |             |
|    fps                  | 335         |
|    iterations           | 62          |
|    time_elapsed         | 1514        |
|    total_timesteps      | 507904      |
| train/                  |             |
|    approx_kl            | 0.007157336 |
|    clip_fraction        | 0.0583      |
|    clip_range           | 0.2         |
|    entropy_loss         | -1.5        |
|    explained_variance   | 0.984       |
|    learning_rate        | 0.0003      |
|    loss                 | -0.0226     |
|    n_updates            | 305         |
|    policy_gradient_loss | -0.00514    |
|    value_loss           | 0.0175      |
-----------------------------------------
------------------------------------------
| rollout/                |              |
|    ep_len_mean          | 267          |
|    ep_rew_mean          | 30.2         |
| time/                   |              |
|    fps                  | 335          |
|    iterations           | 63           |
|    time_elapsed         | 1538         |
|    total_timesteps      | 516096       |
| train/                  |              |
|    approx_kl            | 0.0063493056 |
|    clip_fraction        | 0.0533       |
|    clip_range           | 0.2          |
|    entropy_loss         | -1.44        |
|    explained_variance   | 0.943        |
|    learning_rate        | 0.0003       |
|    loss                 | 0.0551       |
|    n_updates            | 310          |
|    policy_gradient_loss | -0.00414     |
|    value_loss           | 0.0485       |
------------------------------------------
------------------------------------------
| rollout/                |              |
|    ep_len_mean          | 227          |
|    ep_rew_mean          | 32.3         |
| time/                   |              |
|    fps                  | 335          |
|    iterations           | 64           |
|    time_elapsed         | 1562         |
|    total_timesteps      | 524288       |
| train/                  |              |
|    approx_kl            | 0.0068938653 |
|    clip_fraction        | 0.0634       |
|    clip_range           | 0.2          |
|    entropy_loss         | -1.4         |
|    explained_variance   | 0.892        |
|    learning_rate        | 0.0003       |
|    loss                 | -0.0191      |
|    n_updates            | 315          |
|    policy_gradient_loss | -0.00626     |
|    value_loss           | 0.0287       |
------------------------------------------
------------------------------------------
| rollout/                |              |
|    ep_len_mean          | 184          |
|    ep_rew_mean          | 39.1         |
| time/                   |              |
|    fps                  | 335          |
|    iterations           | 65           |
|    time_elapsed         | 1586         |
|    total_timesteps      | 532480       |
| train/                  |              |
|    approx_kl            | 0.0075758877 |
|    clip_fraction        | 0.0582       |
|    clip_range           | 0.2          |
|    entropy_loss         | -1.42        |
|    explained_variance   | 0.956        |
|    learning_rate        | 0.0003       |
|    loss                 | -0.00999     |
|    n_updates            | 320          |
|    policy_gradient_loss | -0.00839     |
|    value_loss           | 0.0223       |
------------------------------------------
------------------------------------------
| rollout/                |              |
|    ep_len_mean          | 276          |
|    ep_rew_mean          | 29.6         |
| time/                   |              |
|    fps                  | 335          |
|    iterations           | 66           |
|    time_elapsed         | 1610         |
|    total_timesteps      | 540672       |
| train/                  |              |
|    approx_kl            | 0.0082765855 |
|    clip_fraction        | 0.0613       |
|    clip_range           | 0.2          |
|    entropy_loss         | -1.49        |
|    explained_variance   | 0.981        |
|    learning_rate        | 0.0003       |
|    loss                 | -0.0188      |
|    n_updates            | 325          |
|    policy_gradient_loss | -0.00644     |
|    value_loss           | 0.0181       |
------------------------------------------
-----------------------------------------
| rollout/                |             |
|    ep_len_mean          | 318         |
|    ep_rew_mean          | 26.5        |
| time/                   |             |
|    fps                  | 335         |
|    iterations           | 67          |
|    time_elapsed         | 1634        |
|    total_timesteps      | 548864      |
| train/                  |             |
|    approx_kl            | 0.006154858 |
|    clip_fraction        | 0.0543      |
|    clip_range           | 0.2         |
|    entropy_loss         | -1.51       |
|    explained_variance   | 0.989       |
|    learning_rate        | 0.0003      |
|    loss                 | -0.0237     |
|    n_updates            | 330         |
|    policy_gradient_loss | -0.00645    |
|    value_loss           | 0.0125      |
-----------------------------------------
------------------------------------------
| rollout/                |              |
|    ep_len_mean          | 319          |
|    ep_rew_mean          | 29.6         |
| time/                   |              |
|    fps                  | 335          |
|    iterations           | 68           |
|    time_elapsed         | 1658         |
|    total_timesteps      | 557056       |
| train/                  |              |
|    approx_kl            | 0.0059224116 |
|    clip_fraction        | 0.0503       |
|    clip_range           | 0.2          |
|    entropy_loss         | -1.45        |
|    explained_variance   | 0.981        |
|    learning_rate        | 0.0003       |
|    loss                 | -0.0221      |
|    n_updates            | 335          |
|    policy_gradient_loss | -0.00812     |
|    value_loss           | 0.0186       |
------------------------------------------
------------------------------------------
| rollout/                |              |
|    ep_len_mean          | 364          |
|    ep_rew_mean          | 24.9         |
| time/                   |              |
|    fps                  | 335          |
|    iterations           | 69           |
|    time_elapsed         | 1682         |
|    total_timesteps      | 565248       |
| train/                  |              |
|    approx_kl            | 0.0070789233 |
|    clip_fraction        | 0.0563       |
|    clip_range           | 0.2          |
|    entropy_loss         | -1.38        |
|    explained_variance   | 0.952        |
|    learning_rate        | 0.0003       |
|    loss                 | -0.0134      |
|    n_updates            | 340          |
|    policy_gradient_loss | -0.00747     |
|    value_loss           | 0.0482       |
------------------------------------------
------------------------------------------
| rollout/                |              |
|    ep_len_mean          | 390          |
|    ep_rew_mean          | 24           |
| time/                   |              |
|    fps                  | 335          |
|    iterations           | 70           |
|    time_elapsed         | 1707         |
|    total_timesteps      | 573440       |
| train/                  |              |
|    approx_kl            | 0.0060305707 |
|    clip_fraction        | 0.0562       |
|    clip_range           | 0.2          |
|    entropy_loss         | -1.49        |
|    explained_variance   | 0.971        |
|    learning_rate        | 0.0003       |
|    loss                 | -0.0165      |
|    n_updates            | 345          |
|    policy_gradient_loss | -0.00614     |
|    value_loss           | 0.021        |
------------------------------------------
-----------------------------------------
| rollout/                |             |
|    ep_len_mean          | 437         |
|    ep_rew_mean          | 20.5        |
| time/                   |             |
|    fps                  | 336         |
|    iterations           | 71          |
|    time_elapsed         | 1731        |
|    total_timesteps      | 581632      |
| train/                  |             |
|    approx_kl            | 0.010019857 |
|    clip_fraction        | 0.0803      |
|    clip_range           | 0.2         |
|    entropy_loss         | -1.61       |
|    explained_variance   | 0.868       |
|    learning_rate        | 0.0003      |
|    loss                 | 0.0367      |
|    n_updates            | 350         |
|    policy_gradient_loss | -0.00351    |
|    value_loss           | 0.0695      |
-----------------------------------------
-----------------------------------------
| rollout/                |             |
|    ep_len_mean          | 412         |
|    ep_rew_mean          | 32.2        |
| time/                   |             |
|    fps                  | 336         |
|    iterations           | 72          |
|    time_elapsed         | 1755        |
|    total_timesteps      | 589824      |
| train/                  |             |
|    approx_kl            | 0.006045838 |
|    clip_fraction        | 0.0489      |
|    clip_range           | 0.2         |
|    entropy_loss         | -1.53       |
|    explained_variance   | 0.98        |
|    learning_rate        | 0.0003      |
|    loss                 | -0.0277     |
|    n_updates            | 355         |
|    policy_gradient_loss | -0.0071     |
|    value_loss           | 0.0164      |
-----------------------------------------
------------------------------------------
| rollout/                |              |
|    ep_len_mean          | 417          |
|    ep_rew_mean          | 33.6         |
| time/                   |              |
|    fps                  | 336          |
|    iterations           | 73           |
|    time_elapsed         | 1779         |
|    total_timesteps      | 598016       |
| train/                  |              |
|    approx_kl            | 0.0049796873 |
|    clip_fraction        | 0.046        |
|    clip_range           | 0.2          |
|    entropy_loss         | -1.42        |
|    explained_variance   | 0.915        |
|    learning_rate        | 0.0003       |
|    loss                 | 0.00121      |
|    n_updates            | 360          |
|    policy_gradient_loss | -0.00631     |
|    value_loss           | 0.0524       |
------------------------------------------
[Checkpoint] Saved at 600000 steps > C:\Users\Admin\Desktop\disciple\realnewdisciples-main\Big_map\campaign_checkpoints\small-green-dragon-classic-3m-20260914-103034\campaign_ppo_step_600000.zip
Eval num_timesteps=600000, det_reward=-89.30 +/- 146.12
Episode length: det=2731.30 +/- 2285.49
Victory rate: det=10.00%
-------------------------------------------------
| eval/                           |             |
|    deterministic_mean_ep_length | 2.73e+03    |
|    deterministic_mean_reward    | -89.3       |
|    deterministic_victory_rate   | 0.1         |
|    mean_ep_length               | 2.73e+03    |
|    mean_reward                  | -89.3       |
|    victory_rate                 | 0.1         |
| time/                           |             |
|    total_timesteps              | 600000      |
| train/                          |             |
|    approx_kl                    | 0.008497741 |
|    clip_fraction                | 0.0606      |
|    clip_range                   | 0.2         |
|    entropy_loss                 | -1.56       |
|    explained_variance           | 0.974       |
|    learning_rate                | 0.0003      |
|    loss                         | -0.0171     |
|    n_updates                    | 365         |
|    policy_gradient_loss         | -0.00484    |
|    value_loss                   | 0.0121      |
-------------------------------------------------
New best model by deterministic victory rate!
---------------------------------
| rollout/           |          |
|    ep_len_mean     | 491      |
|    ep_rew_mean     | 25.9     |
| time/              |          |
|    fps             | 306      |
|    iterations      | 74       |
|    time_elapsed    | 1978     |
|    total_timesteps | 606208   |
---------------------------------
------------------------------------------
| rollout/                |              |
|    ep_len_mean          | 536          |
|    ep_rew_mean          | 22.9         |
| time/                   |              |
|    fps                  | 306          |
|    iterations           | 75           |
|    time_elapsed         | 2002         |
|    total_timesteps      | 614400       |
| train/                  |              |
|    approx_kl            | 0.0066619036 |
|    clip_fraction        | 0.0579       |
|    clip_range           | 0.2          |
|    entropy_loss         | -1.6         |
|    explained_variance   | 0.974        |
|    learning_rate        | 0.0003       |
|    loss                 | -0.018       |
|    n_updates            | 370          |
|    policy_gradient_loss | -0.00699     |
|    value_loss           | 0.0135       |
------------------------------------------
------------------------------------------
| rollout/                |              |
|    ep_len_mean          | 560          |
|    ep_rew_mean          | 19.7         |
| time/                   |              |
|    fps                  | 307          |
|    iterations           | 76           |
|    time_elapsed         | 2026         |
|    total_timesteps      | 622592       |
| train/                  |              |
|    approx_kl            | 0.0071711005 |
|    clip_fraction        | 0.0627       |
|    clip_range           | 0.2          |
|    entropy_loss         | -1.47        |
|    explained_variance   | 0.98         |
|    learning_rate        | 0.0003       |
|    loss                 | -0.0188      |
|    n_updates            | 375          |
|    policy_gradient_loss | -0.00659     |
|    value_loss           | 0.0173       |
------------------------------------------
-----------------------------------------
| rollout/                |             |
|    ep_len_mean          | 448         |
|    ep_rew_mean          | 28.3        |
| time/                   |             |
|    fps                  | 307         |
|    iterations           | 77          |
|    time_elapsed         | 2050        |
|    total_timesteps      | 630784      |
| train/                  |             |
|    approx_kl            | 0.007386398 |
|    clip_fraction        | 0.0658      |
|    clip_range           | 0.2         |
|    entropy_loss         | -1.39       |
|    explained_variance   | 0.979       |
|    learning_rate        | 0.0003      |
|    loss                 | -0.0152     |
|    n_updates            | 380         |
|    policy_gradient_loss | -0.00495    |
|    value_loss           | 0.016       |
-----------------------------------------
------------------------------------------
| rollout/                |              |
|    ep_len_mean          | 445          |
|    ep_rew_mean          | 28.7         |
| time/                   |              |
|    fps                  | 308          |
|    iterations           | 78           |
|    time_elapsed         | 2074         |
|    total_timesteps      | 638976       |
| train/                  |              |
|    approx_kl            | 0.0070096646 |
|    clip_fraction        | 0.066        |
|    clip_range           | 0.2          |
|    entropy_loss         | -1.3         |
|    explained_variance   | 0.961        |
|    learning_rate        | 0.0003       |
|    loss                 | -0.0107      |
|    n_updates            | 385          |
|    policy_gradient_loss | -0.00768     |
|    value_loss           | 0.0256       |
------------------------------------------
------------------------------------------
| rollout/                |              |
|    ep_len_mean          | 456          |
|    ep_rew_mean          | 27.8         |
| time/                   |              |
|    fps                  | 308          |
|    iterations           | 79           |
|    time_elapsed         | 2097         |
|    total_timesteps      | 647168       |
| train/                  |              |
|    approx_kl            | 0.0071469434 |
|    clip_fraction        | 0.0487       |
|    clip_range           | 0.2          |
|    entropy_loss         | -1.54        |
|    explained_variance   | 0.94         |
|    learning_rate        | 0.0003       |
|    loss                 | 0.00658      |
|    n_updates            | 390          |
|    policy_gradient_loss | -0.00371     |
|    value_loss           | 0.0446       |
------------------------------------------
-----------------------------------------
| rollout/                |             |
|    ep_len_mean          | 381         |
|    ep_rew_mean          | 35          |
| time/                   |             |
|    fps                  | 308         |
|    iterations           | 80          |
|    time_elapsed         | 2121        |
|    total_timesteps      | 655360      |
| train/                  |             |
|    approx_kl            | 0.007017339 |
|    clip_fraction        | 0.0518      |
|    clip_range           | 0.2         |
|    entropy_loss         | -1.47       |
|    explained_variance   | 0.974       |
|    learning_rate        | 0.0003      |
|    loss                 | -0.0291     |
|    n_updates            | 395         |
|    policy_gradient_loss | -0.0066     |
|    value_loss           | 0.0162      |
-----------------------------------------
-----------------------------------------
| rollout/                |             |
|    ep_len_mean          | 382         |
|    ep_rew_mean          | 36.7        |
| time/                   |             |
|    fps                  | 309         |
|    iterations           | 81          |
|    time_elapsed         | 2145        |
|    total_timesteps      | 663552      |
| train/                  |             |
|    approx_kl            | 0.007934645 |
|    clip_fraction        | 0.0574      |
|    clip_range           | 0.2         |
|    entropy_loss         | -1.36       |
|    explained_variance   | 0.913       |
|    learning_rate        | 0.0003      |
|    loss                 | -0.00512    |
|    n_updates            | 400         |
|    policy_gradient_loss | -0.00697    |
|    value_loss           | 0.0454      |
-----------------------------------------
-----------------------------------------
| rollout/                |             |
|    ep_len_mean          | 384         |
|    ep_rew_mean          | 39.1        |
| time/                   |             |
|    fps                  | 309         |
|    iterations           | 82          |
|    time_elapsed         | 2170        |
|    total_timesteps      | 671744      |
| train/                  |             |
|    approx_kl            | 0.007865461 |
|    clip_fraction        | 0.0631      |
|    clip_range           | 0.2         |
|    entropy_loss         | -1.33       |
|    explained_variance   | 0.906       |
|    learning_rate        | 0.0003      |
|    loss                 | 0.00234     |
|    n_updates            | 405         |
|    policy_gradient_loss | -0.00649    |
|    value_loss           | 0.0559      |
-----------------------------------------
------------------------------------------
| rollout/                |              |
|    ep_len_mean          | 431          |
|    ep_rew_mean          | 37           |
| time/                   |              |
|    fps                  | 309          |
|    iterations           | 83           |
|    time_elapsed         | 2195         |
|    total_timesteps      | 679936       |
| train/                  |              |
|    approx_kl            | 0.0076100165 |
|    clip_fraction        | 0.0708       |
|    clip_range           | 0.2          |
|    entropy_loss         | -1.51        |
|    explained_variance   | 0.97         |
|    learning_rate        | 0.0003       |
|    loss                 | -0.0234      |
|    n_updates            | 410          |
|    policy_gradient_loss | -0.00716     |
|    value_loss           | 0.0184       |
------------------------------------------
-----------------------------------------
| rollout/                |             |
|    ep_len_mean          | 367         |
|    ep_rew_mean          | 40.4        |
| time/                   |             |
|    fps                  | 310         |
|    iterations           | 84          |
|    time_elapsed         | 2219        |
|    total_timesteps      | 688128      |
| train/                  |             |
|    approx_kl            | 0.005440239 |
|    clip_fraction        | 0.0571      |
|    clip_range           | 0.2         |
|    entropy_loss         | -1.54       |
|    explained_variance   | 0.889       |
|    learning_rate        | 0.0003      |
|    loss                 | 0.0156      |
|    n_updates            | 415         |
|    policy_gradient_loss | -0.00498    |
|    value_loss           | 0.0854      |
-----------------------------------------
------------------------------------------
| rollout/                |              |
|    ep_len_mean          | 401          |
|    ep_rew_mean          | 43.1         |
| time/                   |              |
|    fps                  | 310          |
|    iterations           | 85           |
|    time_elapsed         | 2243         |
|    total_timesteps      | 696320       |
| train/                  |              |
|    approx_kl            | 0.0057196803 |
|    clip_fraction        | 0.0466       |
|    clip_range           | 0.2          |
|    entropy_loss         | -1.39        |
|    explained_variance   | 0.953        |
|    learning_rate        | 0.0003       |
|    loss                 | -0.012       |
|    n_updates            | 420          |
|    policy_gradient_loss | -0.00546     |
|    value_loss           | 0.0283       |
------------------------------------------
-----------------------------------------
| rollout/                |             |
|    ep_len_mean          | 359         |
|    ep_rew_mean          | 41.6        |
| time/                   |             |
|    fps                  | 310         |
|    iterations           | 86          |
|    time_elapsed         | 2267        |
|    total_timesteps      | 704512      |
| train/                  |             |
|    approx_kl            | 0.007287655 |
|    clip_fraction        | 0.0692      |
|    clip_range           | 0.2         |
|    entropy_loss         | -1.44       |
|    explained_variance   | 0.887       |
|    learning_rate        | 0.0003      |
|    loss                 | 0.0239      |
|    n_updates            | 425         |
|    policy_gradient_loss | -0.00294    |
|    value_loss           | 0.0597      |
-----------------------------------------
------------------------------------------
| rollout/                |              |
|    ep_len_mean          | 300          |
|    ep_rew_mean          | 51.3         |
| time/                   |              |
|    fps                  | 311          |
|    iterations           | 87           |
|    time_elapsed         | 2291         |
|    total_timesteps      | 712704       |
| train/                  |              |
|    approx_kl            | 0.0061488277 |
|    clip_fraction        | 0.0583       |
|    clip_range           | 0.2          |
|    entropy_loss         | -1.27        |
|    explained_variance   | 0.915        |
|    learning_rate        | 0.0003       |
|    loss                 | -0.0122      |
|    n_updates            | 430          |
|    policy_gradient_loss | -0.00548     |
|    value_loss           | 0.0239       |
------------------------------------------
-----------------------------------------
| rollout/                |             |
|    ep_len_mean          | 237         |
|    ep_rew_mean          | 61          |
| time/                   |             |
|    fps                  | 311         |
|    iterations           | 88          |
|    time_elapsed         | 2315        |
|    total_timesteps      | 720896      |
| train/                  |             |
|    approx_kl            | 0.006100293 |
|    clip_fraction        | 0.0644      |
|    clip_range           | 0.2         |
|    entropy_loss         | -1.25       |
|    explained_variance   | 0.721       |
|    learning_rate        | 0.0003      |
|    loss                 | 0.0201      |
|    n_updates            | 435         |
|    policy_gradient_loss | -0.00324    |
|    value_loss           | 0.0953      |
-----------------------------------------
------------------------------------------
| rollout/                |              |
|    ep_len_mean          | 243          |
|    ep_rew_mean          | 66.4         |
| time/                   |              |
|    fps                  | 311          |
|    iterations           | 89           |
|    time_elapsed         | 2338         |
|    total_timesteps      | 729088       |
| train/                  |              |
|    approx_kl            | 0.0056138085 |
|    clip_fraction        | 0.0574       |
|    clip_range           | 0.2          |
|    entropy_loss         | -1.23        |
|    explained_variance   | 0.739        |
|    learning_rate        | 0.0003       |
|    loss                 | -0.00185     |
|    n_updates            | 440          |
|    policy_gradient_loss | -0.00426     |
|    value_loss           | 0.0814       |
------------------------------------------
------------------------------------------
| rollout/                |              |
|    ep_len_mean          | 242          |
|    ep_rew_mean          | 65.8         |
| time/                   |              |
|    fps                  | 312          |
|    iterations           | 90           |
|    time_elapsed         | 2362         |
|    total_timesteps      | 737280       |
| train/                  |              |
|    approx_kl            | 0.0053768465 |
|    clip_fraction        | 0.058        |
|    clip_range           | 0.2          |
|    entropy_loss         | -1.23        |
|    explained_variance   | 0.789        |
|    learning_rate        | 0.0003       |
|    loss                 | 0.0153       |
|    n_updates            | 445          |
|    policy_gradient_loss | -0.00418     |
|    value_loss           | 0.0767       |
------------------------------------------
------------------------------------------
| rollout/                |              |
|    ep_len_mean          | 240          |
|    ep_rew_mean          | 64.9         |
| time/                   |              |
|    fps                  | 312          |
|    iterations           | 91           |
|    time_elapsed         | 2386         |
|    total_timesteps      | 745472       |
| train/                  |              |
|    approx_kl            | 0.0057665245 |
|    clip_fraction        | 0.0503       |
|    clip_range           | 0.2          |
|    entropy_loss         | -1.23        |
|    explained_variance   | 0.799        |
|    learning_rate        | 0.0003       |
|    loss                 | 0.00973      |
|    n_updates            | 450          |
|    policy_gradient_loss | -0.0047      |
|    value_loss           | 0.0644       |
------------------------------------------
------------------------------------------
| rollout/                |              |
|    ep_len_mean          | 233          |
|    ep_rew_mean          | 64.4         |
| time/                   |              |
|    fps                  | 312          |
|    iterations           | 92           |
|    time_elapsed         | 2410         |
|    total_timesteps      | 753664       |
| train/                  |              |
|    approx_kl            | 0.0062442715 |
|    clip_fraction        | 0.0621       |
|    clip_range           | 0.2          |
|    entropy_loss         | -1.35        |
|    explained_variance   | 0.734        |
|    learning_rate        | 0.0003       |
|    loss                 | 0.0194       |
|    n_updates            | 455          |
|    policy_gradient_loss | -0.00589     |
|    value_loss           | 0.0873       |
------------------------------------------
------------------------------------------
| rollout/                |              |
|    ep_len_mean          | 278          |
|    ep_rew_mean          | 61.2         |
| time/                   |              |
|    fps                  | 313          |
|    iterations           | 93           |
|    time_elapsed         | 2433         |
|    total_timesteps      | 761856       |
| train/                  |              |
|    approx_kl            | 0.0065550287 |
|    clip_fraction        | 0.0504       |
|    clip_range           | 0.2          |
|    entropy_loss         | -1.4         |
|    explained_variance   | 0.856        |
|    learning_rate        | 0.0003       |
|    loss                 | -0.00985     |
|    n_updates            | 460          |
|    policy_gradient_loss | -0.00559     |
|    value_loss           | 0.042        |
------------------------------------------
------------------------------------------
| rollout/                |              |
|    ep_len_mean          | 268          |
|    ep_rew_mean          | 60.9         |
| time/                   |              |
|    fps                  | 313          |
|    iterations           | 94           |
|    time_elapsed         | 2458         |
|    total_timesteps      | 770048       |
| train/                  |              |
|    approx_kl            | 0.0063091666 |
|    clip_fraction        | 0.0478       |
|    clip_range           | 0.2          |
|    entropy_loss         | -1.19        |
|    explained_variance   | 0.8          |
|    learning_rate        | 0.0003       |
|    loss                 | -0.00293     |
|    n_updates            | 465          |
|    policy_gradient_loss | -0.0059      |
|    value_loss           | 0.0853       |
------------------------------------------
------------------------------------------
| rollout/                |              |
|    ep_len_mean          | 345          |
|    ep_rew_mean          | 55.9         |
| time/                   |              |
|    fps                  | 313          |
|    iterations           | 95           |
|    time_elapsed         | 2482         |
|    total_timesteps      | 778240       |
| train/                  |              |
|    approx_kl            | 0.0057713487 |
|    clip_fraction        | 0.0484       |
|    clip_range           | 0.2          |
|    entropy_loss         | -1.49        |
|    explained_variance   | 0.934        |
|    learning_rate        | 0.0003       |
|    loss                 | -0.00695     |
|    n_updates            | 470          |
|    policy_gradient_loss | -0.00527     |
|    value_loss           | 0.0317       |
------------------------------------------
------------------------------------------
| rollout/                |              |
|    ep_len_mean          | 343          |
|    ep_rew_mean          | 57.9         |
| time/                   |              |
|    fps                  | 313          |
|    iterations           | 96           |
|    time_elapsed         | 2506         |
|    total_timesteps      | 786432       |
| train/                  |              |
|    approx_kl            | 0.0070400853 |
|    clip_fraction        | 0.054        |
|    clip_range           | 0.2          |
|    entropy_loss         | -1.63        |
|    explained_variance   | 0.903        |
|    learning_rate        | 0.0003       |
|    loss                 | -0.0074      |
|    n_updates            | 475          |
|    policy_gradient_loss | -0.00468     |
|    value_loss           | 0.0509       |
------------------------------------------
-----------------------------------------
| rollout/                |             |
|    ep_len_mean          | 351         |
|    ep_rew_mean          | 61.6        |
| time/                   |             |
|    fps                  | 314         |
|    iterations           | 97          |
|    time_elapsed         | 2530        |
|    total_timesteps      | 794624      |
| train/                  |             |
|    approx_kl            | 0.006932402 |
|    clip_fraction        | 0.053       |
|    clip_range           | 0.2         |
|    entropy_loss         | -1.33       |
|    explained_variance   | 0.869       |
|    learning_rate        | 0.0003      |
|    loss                 | 0.0229      |
|    n_updates            | 480         |
|    policy_gradient_loss | -0.00539    |
|    value_loss           | 0.0779      |
-----------------------------------------
-----------------------------------------
| rollout/                |             |
|    ep_len_mean          | 364         |
|    ep_rew_mean          | 67.5        |
| time/                   |             |
|    fps                  | 314         |
|    iterations           | 98          |
|    time_elapsed         | 2553        |
|    total_timesteps      | 802816      |
| train/                  |             |
|    approx_kl            | 0.005430643 |
|    clip_fraction        | 0.0495      |
|    clip_range           | 0.2         |
|    entropy_loss         | -1.24       |
|    explained_variance   | 0.867       |
|    learning_rate        | 0.0003      |
|    loss                 | 0.00106     |
|    n_updates            | 485         |
|    policy_gradient_loss | -0.00452    |
|    value_loss           | 0.0576      |
-----------------------------------------
------------------------------------------
| rollout/                |              |
|    ep_len_mean          | 287          |
|    ep_rew_mean          | 74.6         |
| time/                   |              |
|    fps                  | 314          |
|    iterations           | 99           |
|    time_elapsed         | 2577         |
|    total_timesteps      | 811008       |
| train/                  |              |
|    approx_kl            | 0.0047934465 |
|    clip_fraction        | 0.0486       |
|    clip_range           | 0.2          |
|    entropy_loss         | -1.11        |
|    explained_variance   | 0.724        |
|    learning_rate        | 0.0003       |
|    loss                 | 0.0497       |
|    n_updates            | 490          |
|    policy_gradient_loss | -0.00413     |
|    value_loss           | 0.138        |
------------------------------------------
------------------------------------------
| rollout/                |              |
|    ep_len_mean          | 239          |
|    ep_rew_mean          | 77.4         |
| time/                   |              |
|    fps                  | 314          |
|    iterations           | 100          |
|    time_elapsed         | 2600         |
|    total_timesteps      | 819200       |
| train/                  |              |
|    approx_kl            | 0.0062016705 |
|    clip_fraction        | 0.0527       |
|    clip_range           | 0.2          |
|    entropy_loss         | -1.25        |
|    explained_variance   | 0.802        |
|    learning_rate        | 0.0003       |
|    loss                 | 0.0232       |
|    n_updates            | 495          |
|    policy_gradient_loss | -0.00463     |
|    value_loss           | 0.138        |
------------------------------------------
-----------------------------------------
| rollout/                |             |
|    ep_len_mean          | 291         |
|    ep_rew_mean          | 75          |
| time/                   |             |
|    fps                  | 315         |
|    iterations           | 101         |
|    time_elapsed         | 2625        |
|    total_timesteps      | 827392      |
| train/                  |             |
|    approx_kl            | 0.005955873 |
|    clip_fraction        | 0.0584      |
|    clip_range           | 0.2         |
|    entropy_loss         | -1.38       |
|    explained_variance   | 0.912       |
|    learning_rate        | 0.0003      |
|    loss                 | -0.00171    |
|    n_updates            | 500         |
|    policy_gradient_loss | -0.00444    |
|    value_loss           | 0.0572      |
-----------------------------------------
-----------------------------------------
| rollout/                |             |
|    ep_len_mean          | 291         |
|    ep_rew_mean          | 75          |
| time/                   |             |
|    fps                  | 315         |
|    iterations           | 102         |
|    time_elapsed         | 2650        |
|    total_timesteps      | 835584      |
| train/                  |             |
|    approx_kl            | 0.008571531 |
|    clip_fraction        | 0.0739      |
|    clip_range           | 0.2         |
|    entropy_loss         | -1.81       |
|    explained_variance   | 0.945       |
|    learning_rate        | 0.0003      |
|    loss                 | -0.0262     |
|    n_updates            | 505         |
|    policy_gradient_loss | -0.00633    |
|    value_loss           | 0.014       |
-----------------------------------------
-----------------------------------------
| rollout/                |             |
|    ep_len_mean          | 443         |
|    ep_rew_mean          | 67.3        |
| time/                   |             |
|    fps                  | 315         |
|    iterations           | 103         |
|    time_elapsed         | 2674        |
|    total_timesteps      | 843776      |
| train/                  |             |
|    approx_kl            | 0.010444252 |
|    clip_fraction        | 0.142       |
|    clip_range           | 0.2         |
|    entropy_loss         | -1.94       |
|    explained_variance   | 0.852       |
|    learning_rate        | 0.0003      |
|    loss                 | -0.0325     |
|    n_updates            | 510         |
|    policy_gradient_loss | -0.00846    |
|    value_loss           | 0.00501     |
-----------------------------------------
------------------------------------------
| rollout/                |              |
|    ep_len_mean          | 438          |
|    ep_rew_mean          | 63.3         |
| time/                   |              |
|    fps                  | 315          |
|    iterations           | 104          |
|    time_elapsed         | 2697         |
|    total_timesteps      | 851968       |
| train/                  |              |
|    approx_kl            | 0.0055538854 |
|    clip_fraction        | 0.06         |
|    clip_range           | 0.2          |
|    entropy_loss         | -1.22        |
|    explained_variance   | 0.885        |
|    learning_rate        | 0.0003       |
|    loss                 | -0.000727    |
|    n_updates            | 515          |
|    policy_gradient_loss | -0.00493     |
|    value_loss           | 0.0773       |
------------------------------------------
-----------------------------------------
| rollout/                |             |
|    ep_len_mean          | 306         |
|    ep_rew_mean          | 70.1        |
| time/                   |             |
|    fps                  | 316         |
|    iterations           | 105         |
|    time_elapsed         | 2720        |
|    total_timesteps      | 860160      |
| train/                  |             |
|    approx_kl            | 0.005218865 |
|    clip_fraction        | 0.055       |
|    clip_range           | 0.2         |
|    entropy_loss         | -1.06       |
|    explained_variance   | 0.834       |
|    learning_rate        | 0.0003      |
|    loss                 | 0.00369     |
|    n_updates            | 520         |
|    policy_gradient_loss | -0.00453    |
|    value_loss           | 0.0688      |
-----------------------------------------
-----------------------------------------
| rollout/                |             |
|    ep_len_mean          | 237         |
|    ep_rew_mean          | 76.8        |
| time/                   |             |
|    fps                  | 316         |
|    iterations           | 106         |
|    time_elapsed         | 2743        |
|    total_timesteps      | 868352      |
| train/                  |             |
|    approx_kl            | 0.006299285 |
|    clip_fraction        | 0.0539      |
|    clip_range           | 0.2         |
|    entropy_loss         | -1.19       |
|    explained_variance   | 0.72        |
|    learning_rate        | 0.0003      |
|    loss                 | 0.0205      |
|    n_updates            | 525         |
|    policy_gradient_loss | -0.0041     |
|    value_loss           | 0.157       |
-----------------------------------------
-----------------------------------------
| rollout/                |             |
|    ep_len_mean          | 238         |
|    ep_rew_mean          | 78.5        |
| time/                   |             |
|    fps                  | 316         |
|    iterations           | 107         |
|    time_elapsed         | 2766        |
|    total_timesteps      | 876544      |
| train/                  |             |
|    approx_kl            | 0.006300952 |
|    clip_fraction        | 0.0571      |
|    clip_range           | 0.2         |
|    entropy_loss         | -1.12       |
|    explained_variance   | 0.759       |
|    learning_rate        | 0.0003      |
|    loss                 | 0.0267      |
|    n_updates            | 530         |
|    policy_gradient_loss | -0.00497    |
|    value_loss           | 0.128       |
-----------------------------------------
-----------------------------------------
| rollout/                |             |
|    ep_len_mean          | 248         |
|    ep_rew_mean          | 77.3        |
| time/                   |             |
|    fps                  | 317         |
|    iterations           | 108         |
|    time_elapsed         | 2790        |
|    total_timesteps      | 884736      |
| train/                  |             |
|    approx_kl            | 0.006277732 |
|    clip_fraction        | 0.0516      |
|    clip_range           | 0.2         |
|    entropy_loss         | -1.08       |
|    explained_variance   | 0.736       |
|    learning_rate        | 0.0003      |
|    loss                 | 0.0186      |
|    n_updates            | 535         |
|    policy_gradient_loss | -0.00427    |
|    value_loss           | 0.122       |
-----------------------------------------
------------------------------------------
| rollout/                |              |
|    ep_len_mean          | 242          |
|    ep_rew_mean          | 80.8         |
| time/                   |              |
|    fps                  | 317          |
|    iterations           | 109          |
|    time_elapsed         | 2813         |
|    total_timesteps      | 892928       |
| train/                  |              |
|    approx_kl            | 0.0061198655 |
|    clip_fraction        | 0.06         |
|    clip_range           | 0.2          |
|    entropy_loss         | -1.28        |
|    explained_variance   | 0.788        |
|    learning_rate        | 0.0003       |
|    loss                 | 0.033        |
|    n_updates            | 540          |
|    policy_gradient_loss | -0.00464     |
|    value_loss           | 0.124        |
------------------------------------------
[Checkpoint] Saved at 900000 steps > C:\Users\Admin\Desktop\disciple\realnewdisciples-main\Big_map\campaign_checkpoints\small-green-dragon-classic-3m-20260914-103034\campaign_ppo_step_900000.zip
Eval num_timesteps=900000, det_reward=13.57 +/- 115.40
Episode length: det=530.50 +/- 1196.13
Victory rate: det=0.00%
-------------------------------------------------
| eval/                           |             |
|    deterministic_mean_ep_length | 530         |
|    deterministic_mean_reward    | 13.6        |
|    deterministic_victory_rate   | 0           |
|    mean_ep_length               | 530         |
|    mean_reward                  | 13.6        |
|    victory_rate                 | 0           |
| time/                           |             |
|    total_timesteps              | 900000      |
| train/                          |             |
|    approx_kl                    | 0.005884012 |
|    clip_fraction                | 0.0644      |
|    clip_range                   | 0.2         |
|    entropy_loss                 | -1.05       |
|    explained_variance           | 0.571       |
|    learning_rate                | 0.0003      |
|    loss                         | 0.0438      |
|    n_updates                    | 545         |
|    policy_gradient_loss         | -0.00333    |
|    value_loss                   | 0.184       |
-------------------------------------------------
---------------------------------
| rollout/           |          |
|    ep_len_mean     | 241      |
|    ep_rew_mean     | 80       |
| time/              |          |
|    fps             | 313      |
|    iterations      | 110      |
|    time_elapsed    | 2871     |
|    total_timesteps | 901120   |
---------------------------------
------------------------------------------
| rollout/                |              |
|    ep_len_mean          | 216          |
|    ep_rew_mean          | 81.7         |
| time/                   |              |
|    fps                  | 314          |
|    iterations           | 111          |
|    time_elapsed         | 2894         |
|    total_timesteps      | 909312       |
| train/                  |              |
|    approx_kl            | 0.0064112474 |
|    clip_fraction        | 0.0542       |
|    clip_range           | 0.2          |
|    entropy_loss         | -1.08        |
|    explained_variance   | 0.726        |
|    learning_rate        | 0.0003       |
|    loss                 | 0.0341       |
|    n_updates            | 550          |
|    policy_gradient_loss | -0.00376     |
|    value_loss           | 0.15         |
------------------------------------------
------------------------------------------
| rollout/                |              |
|    ep_len_mean          | 211          |
|    ep_rew_mean          | 72.5         |
| time/                   |              |
|    fps                  | 314          |
|    iterations           | 112          |
|    time_elapsed         | 2917         |
|    total_timesteps      | 917504       |
| train/                  |              |
|    approx_kl            | 0.0059677083 |
|    clip_fraction        | 0.0509       |
|    clip_range           | 0.2          |
|    entropy_loss         | -1.06        |
|    explained_variance   | 0.721        |
|    learning_rate        | 0.0003       |
|    loss                 | 0.0259       |
|    n_updates            | 555          |
|    policy_gradient_loss | -0.00614     |
|    value_loss           | 0.116        |
------------------------------------------
-----------------------------------------
| rollout/                |             |
|    ep_len_mean          | 206         |
|    ep_rew_mean          | 71.9        |
| time/                   |             |
|    fps                  | 314         |
|    iterations           | 113         |
|    time_elapsed         | 2940        |
|    total_timesteps      | 925696      |
| train/                  |             |
|    approx_kl            | 0.007651857 |
|    clip_fraction        | 0.0561      |
|    clip_range           | 0.2         |
|    entropy_loss         | -1.04       |
|    explained_variance   | 0.698       |
|    learning_rate        | 0.0003      |
|    loss                 | 0.0423      |
|    n_updates            | 560         |
|    policy_gradient_loss | -0.00539    |
|    value_loss           | 0.132       |
-----------------------------------------
------------------------------------------
| rollout/                |              |
|    ep_len_mean          | 218          |
|    ep_rew_mean          | 72.4         |
| time/                   |              |
|    fps                  | 315          |
|    iterations           | 114          |
|    time_elapsed         | 2963         |
|    total_timesteps      | 933888       |
| train/                  |              |
|    approx_kl            | 0.0064486037 |
|    clip_fraction        | 0.0602       |
|    clip_range           | 0.2          |
|    entropy_loss         | -1.04        |
|    explained_variance   | 0.739        |
|    learning_rate        | 0.0003       |
|    loss                 | 0.02         |
|    n_updates            | 565          |
|    policy_gradient_loss | -0.00594     |
|    value_loss           | 0.122        |
------------------------------------------
-----------------------------------------
| rollout/                |             |
|    ep_len_mean          | 225         |
|    ep_rew_mean          | 72.3        |
| time/                   |             |
|    fps                  | 315         |
|    iterations           | 115         |
|    time_elapsed         | 2988        |
|    total_timesteps      | 942080      |
| train/                  |             |
|    approx_kl            | 0.006296795 |
|    clip_fraction        | 0.0646      |
|    clip_range           | 0.2         |
|    entropy_loss         | -1.12       |
|    explained_variance   | 0.798       |
|    learning_rate        | 0.0003      |
|    loss                 | 0.0271      |
|    n_updates            | 570         |
|    policy_gradient_loss | -0.0045     |
|    value_loss           | 0.123       |
-----------------------------------------
-----------------------------------------
| rollout/                |             |
|    ep_len_mean          | 265         |
|    ep_rew_mean          | 74.7        |
| time/                   |             |
|    fps                  | 315         |
|    iterations           | 116         |
|    time_elapsed         | 3011        |
|    total_timesteps      | 950272      |
| train/                  |             |
|    approx_kl            | 0.008767627 |
|    clip_fraction        | 0.059       |
|    clip_range           | 0.2         |
|    entropy_loss         | -1.26       |
|    explained_variance   | 0.879       |
|    learning_rate        | 0.0003      |
|    loss                 | 0.00822     |
|    n_updates            | 575         |
|    policy_gradient_loss | -0.00566    |
|    value_loss           | 0.0946      |
-----------------------------------------
-----------------------------------------
| rollout/                |             |
|    ep_len_mean          | 254         |
|    ep_rew_mean          | 74          |
| time/                   |             |
|    fps                  | 315         |
|    iterations           | 117         |
|    time_elapsed         | 3034        |
|    total_timesteps      | 958464      |
| train/                  |             |
|    approx_kl            | 0.008046814 |
|    clip_fraction        | 0.0631      |
|    clip_range           | 0.2         |
|    entropy_loss         | -1.16       |
|    explained_variance   | 0.852       |
|    learning_rate        | 0.0003      |
|    loss                 | 0.00967     |
|    n_updates            | 580         |
|    policy_gradient_loss | -0.00468    |
|    value_loss           | 0.129       |
-----------------------------------------
------------------------------------------
| rollout/                |              |
|    ep_len_mean          | 236          |
|    ep_rew_mean          | 78.1         |
| time/                   |              |
|    fps                  | 316          |
|    iterations           | 118          |
|    time_elapsed         | 3057         |
|    total_timesteps      | 966656       |
| train/                  |              |
|    approx_kl            | 0.0054634805 |
|    clip_fraction        | 0.0501       |
|    clip_range           | 0.2          |
|    entropy_loss         | -0.998       |
|    explained_variance   | 0.661        |
|    learning_rate        | 0.0003       |
|    loss                 | 0.0563       |
|    n_updates            | 585          |
|    policy_gradient_loss | -0.00426     |
|    value_loss           | 0.172        |
------------------------------------------
-----------------------------------------
| rollout/                |             |
|    ep_len_mean          | 213         |
|    ep_rew_mean          | 84.5        |
| time/                   |             |
|    fps                  | 316         |
|    iterations           | 119         |
|    time_elapsed         | 3079        |
|    total_timesteps      | 974848      |
| train/                  |             |
|    approx_kl            | 0.005164436 |
|    clip_fraction        | 0.0477      |
|    clip_range           | 0.2         |
|    entropy_loss         | -0.92       |
|    explained_variance   | 0.667       |
|    learning_rate        | 0.0003      |
|    loss                 | 0.0552      |
|    n_updates            | 590         |
|    policy_gradient_loss | -0.00531    |
|    value_loss           | 0.15        |
-----------------------------------------
------------------------------------------
| rollout/                |              |
|    ep_len_mean          | 214          |
|    ep_rew_mean          | 89.7         |
| time/                   |              |
|    fps                  | 316          |
|    iterations           | 120          |
|    time_elapsed         | 3102         |
|    total_timesteps      | 983040       |
| train/                  |              |
|    approx_kl            | 0.0061414763 |
|    clip_fraction        | 0.0541       |
|    clip_range           | 0.2          |
|    entropy_loss         | -0.894       |
|    explained_variance   | 0.642        |
|    learning_rate        | 0.0003       |
|    loss                 | 0.0472       |
|    n_updates            | 595          |
|    policy_gradient_loss | -0.0053      |
|    value_loss           | 0.161        |
------------------------------------------
------------------------------------------
| rollout/                |              |
|    ep_len_mean          | 217          |
|    ep_rew_mean          | 91.2         |
| time/                   |              |
|    fps                  | 317          |
|    iterations           | 121          |
|    time_elapsed         | 3125         |
|    total_timesteps      | 991232       |
| train/                  |              |
|    approx_kl            | 0.0063905893 |
|    clip_fraction        | 0.0606       |
|    clip_range           | 0.2          |
|    entropy_loss         | -1.04        |
|    explained_variance   | 0.772        |
|    learning_rate        | 0.0003       |
|    loss                 | 0.018        |
|    n_updates            | 600          |
|    policy_gradient_loss | -0.00643     |
|    value_loss           | 0.151        |
------------------------------------------
-----------------------------------------
| rollout/                |             |
|    ep_len_mean          | 262         |
|    ep_rew_mean          | 88.2        |
| time/                   |             |
|    fps                  | 317         |
|    iterations           | 122         |
|    time_elapsed         | 3148        |
|    total_timesteps      | 999424      |
| train/                  |             |
|    approx_kl            | 0.006103224 |
|    clip_fraction        | 0.041       |
|    clip_range           | 0.2         |
|    entropy_loss         | -1.15       |
|    explained_variance   | 0.844       |
|    learning_rate        | 0.0003      |
|    loss                 | 0.0242      |
|    n_updates            | 605         |
|    policy_gradient_loss | -0.00392    |
|    value_loss           | 0.112       |
-----------------------------------------
-----------------------------------------
| rollout/                |             |
|    ep_len_mean          | 286         |
|    ep_rew_mean          | 82.5        |
| time/                   |             |
|    fps                  | 317         |
|    iterations           | 123         |
|    time_elapsed         | 3171        |
|    total_timesteps      | 1007616     |
| train/                  |             |
|    approx_kl            | 0.007851916 |
|    clip_fraction        | 0.0649      |
|    clip_range           | 0.2         |
|    entropy_loss         | -1.22       |
|    explained_variance   | 0.885       |
|    learning_rate        | 0.0003      |
|    loss                 | 0.043       |
|    n_updates            | 610         |
|    policy_gradient_loss | -0.00589    |
|    value_loss           | 0.101       |
-----------------------------------------
------------------------------------------
| rollout/                |              |
|    ep_len_mean          | 286          |
|    ep_rew_mean          | 79.5         |
| time/                   |              |
|    fps                  | 318          |
|    iterations           | 124          |
|    time_elapsed         | 3194         |
|    total_timesteps      | 1015808      |
| train/                  |              |
|    approx_kl            | 0.0060182745 |
|    clip_fraction        | 0.059        |
|    clip_range           | 0.2          |
|    entropy_loss         | -0.95        |
|    explained_variance   | 0.773        |
|    learning_rate        | 0.0003       |
|    loss                 | 0.0303       |
|    n_updates            | 615          |
|    policy_gradient_loss | -0.00469     |
|    value_loss           | 0.144        |
------------------------------------------
-----------------------------------------
| rollout/                |             |
|    ep_len_mean          | 253         |
|    ep_rew_mean          | 93.7        |
| time/                   |             |
|    fps                  | 318         |
|    iterations           | 125         |
|    time_elapsed         | 3216        |
|    total_timesteps      | 1024000     |
| train/                  |             |
|    approx_kl            | 0.006382971 |
|    clip_fraction        | 0.0596      |
|    clip_range           | 0.2         |
|    entropy_loss         | -0.964      |
|    explained_variance   | 0.773       |
|    learning_rate        | 0.0003      |
|    loss                 | 0.0263      |
|    n_updates            | 620         |
|    policy_gradient_loss | -0.00312    |
|    value_loss           | 0.119       |
-----------------------------------------
-----------------------------------------
| rollout/                |             |
|    ep_len_mean          | 237         |
|    ep_rew_mean          | 99.1        |
| time/                   |             |
|    fps                  | 318         |
|    iterations           | 126         |
|    time_elapsed         | 3239        |
|    total_timesteps      | 1032192     |
| train/                  |             |
|    approx_kl            | 0.005353119 |
|    clip_fraction        | 0.055       |
|    clip_range           | 0.2         |
|    entropy_loss         | -0.925      |
|    explained_variance   | 0.707       |
|    learning_rate        | 0.0003      |
|    loss                 | 0.048       |
|    n_updates            | 625         |
|    policy_gradient_loss | -0.0043     |
|    value_loss           | 0.181       |
-----------------------------------------
------------------------------------------
| rollout/                |              |
|    ep_len_mean          | 225          |
|    ep_rew_mean          | 106          |
| time/                   |              |
|    fps                  | 318          |
|    iterations           | 127          |
|    time_elapsed         | 3262         |
|    total_timesteps      | 1040384      |
| train/                  |              |
|    approx_kl            | 0.0067574936 |
|    clip_fraction        | 0.064        |
|    clip_range           | 0.2          |
|    entropy_loss         | -0.948       |
|    explained_variance   | 0.722        |
|    learning_rate        | 0.0003       |
|    loss                 | 0.0573       |
|    n_updates            | 630          |
|    policy_gradient_loss | -0.00367     |
|    value_loss           | 0.194        |
------------------------------------------
-----------------------------------------
| rollout/                |             |
|    ep_len_mean          | 223         |
|    ep_rew_mean          | 109         |
| time/                   |             |
|    fps                  | 319         |
|    iterations           | 128         |
|    time_elapsed         | 3284        |
|    total_timesteps      | 1048576     |
| train/                  |             |
|    approx_kl            | 0.004867714 |
|    clip_fraction        | 0.0467      |
|    clip_range           | 0.2         |
|    entropy_loss         | -0.891      |
|    explained_variance   | 0.563       |
|    learning_rate        | 0.0003      |
|    loss                 | 0.0806      |
|    n_updates            | 635         |
|    policy_gradient_loss | -0.00347    |
|    value_loss           | 0.231       |
-----------------------------------------
------------------------------------------
| rollout/                |              |
|    ep_len_mean          | 214          |
|    ep_rew_mean          | 104          |
| time/                   |              |
|    fps                  | 319          |
|    iterations           | 129          |
|    time_elapsed         | 3306         |
|    total_timesteps      | 1056768      |
| train/                  |              |
|    approx_kl            | 0.0050286194 |
|    clip_fraction        | 0.0467       |
|    clip_range           | 0.2          |
|    entropy_loss         | -0.848       |
|    explained_variance   | 0.504        |
|    learning_rate        | 0.0003       |
|    loss                 | 0.0658       |
|    n_updates            | 640          |
|    policy_gradient_loss | -0.0042      |
|    value_loss           | 0.192        |
------------------------------------------
-----------------------------------------
| rollout/                |             |
|    ep_len_mean          | 214         |
|    ep_rew_mean          | 104         |
| time/                   |             |
|    fps                  | 319         |
|    iterations           | 130         |
|    time_elapsed         | 3329        |
|    total_timesteps      | 1064960     |
| train/                  |             |
|    approx_kl            | 0.004914117 |
|    clip_fraction        | 0.0398      |
|    clip_range           | 0.2         |
|    entropy_loss         | -0.844      |
|    explained_variance   | 0.486       |
|    learning_rate        | 0.0003      |
|    loss                 | 0.0891      |
|    n_updates            | 645         |
|    policy_gradient_loss | -0.00548    |
|    value_loss           | 0.211       |
-----------------------------------------
------------------------------------------
| rollout/                |              |
|    ep_len_mean          | 213          |
|    ep_rew_mean          | 109          |
| time/                   |              |
|    fps                  | 320          |
|    iterations           | 131          |
|    time_elapsed         | 3351         |
|    total_timesteps      | 1073152      |
| train/                  |              |
|    approx_kl            | 0.0050338027 |
|    clip_fraction        | 0.0444       |
|    clip_range           | 0.2          |
|    entropy_loss         | -0.861       |
|    explained_variance   | 0.526        |
|    learning_rate        | 0.0003       |
|    loss                 | 0.0674       |
|    n_updates            | 650          |
|    policy_gradient_loss | -0.00398     |
|    value_loss           | 0.222        |
------------------------------------------
-----------------------------------------
| rollout/                |             |
|    ep_len_mean          | 209         |
|    ep_rew_mean          | 106         |
| time/                   |             |
|    fps                  | 320         |
|    iterations           | 132         |
|    time_elapsed         | 3374        |
|    total_timesteps      | 1081344     |
| train/                  |             |
|    approx_kl            | 0.004256283 |
|    clip_fraction        | 0.0443      |
|    clip_range           | 0.2         |
|    entropy_loss         | -0.809      |
|    explained_variance   | 0.506       |
|    learning_rate        | 0.0003      |
|    loss                 | 0.0832      |
|    n_updates            | 655         |
|    policy_gradient_loss | -0.00393    |
|    value_loss           | 0.242       |
-----------------------------------------
-----------------------------------------
| rollout/                |             |
|    ep_len_mean          | 220         |
|    ep_rew_mean          | 109         |
| time/                   |             |
|    fps                  | 320         |
|    iterations           | 133         |
|    time_elapsed         | 3397        |
|    total_timesteps      | 1089536     |
| train/                  |             |
|    approx_kl            | 0.007647779 |
|    clip_fraction        | 0.0582      |
|    clip_range           | 0.2         |
|    entropy_loss         | -0.89       |
|    explained_variance   | 0.721       |
|    learning_rate        | 0.0003      |
|    loss                 | 0.08        |
|    n_updates            | 660         |
|    policy_gradient_loss | -0.00475    |
|    value_loss           | 0.173       |
-----------------------------------------
------------------------------------------
| rollout/                |              |
|    ep_len_mean          | 265          |
|    ep_rew_mean          | 101          |
| time/                   |              |
|    fps                  | 320          |
|    iterations           | 134          |
|    time_elapsed         | 3421         |
|    total_timesteps      | 1097728      |
| train/                  |              |
|    approx_kl            | 0.0054811784 |
|    clip_fraction        | 0.0539       |
|    clip_range           | 0.2          |
|    entropy_loss         | -1.19        |
|    explained_variance   | 0.846        |
|    learning_rate        | 0.0003       |
|    loss                 | 0.0315       |
|    n_updates            | 665          |
|    policy_gradient_loss | -0.00463     |
|    value_loss           | 0.153        |
------------------------------------------
------------------------------------------
| rollout/                |              |
|    ep_len_mean          | 318          |
|    ep_rew_mean          | 99.5         |
| time/                   |              |
|    fps                  | 321          |
|    iterations           | 135          |
|    time_elapsed         | 3444         |
|    total_timesteps      | 1105920      |
| train/                  |              |
|    approx_kl            | 0.0069778124 |
|    clip_fraction        | 0.0573       |
|    clip_range           | 0.2          |
|    entropy_loss         | -1.25        |
|    explained_variance   | 0.886        |
|    learning_rate        | 0.0003       |
|    loss                 | 0.0046       |
|    n_updates            | 670          |
|    policy_gradient_loss | -0.00579     |
|    value_loss           | 0.0981       |
------------------------------------------
-----------------------------------------
| rollout/                |             |
|    ep_len_mean          | 324         |
|    ep_rew_mean          | 105         |
| time/                   |             |
|    fps                  | 321         |
|    iterations           | 136         |
|    time_elapsed         | 3466        |
|    total_timesteps      | 1114112     |
| train/                  |             |
|    approx_kl            | 0.007109057 |
|    clip_fraction        | 0.0541      |
|    clip_range           | 0.2         |
|    entropy_loss         | -1.05       |
|    explained_variance   | 0.83        |
|    learning_rate        | 0.0003      |
|    loss                 | 0.0306      |
|    n_updates            | 675         |
|    policy_gradient_loss | -0.00392    |
|    value_loss           | 0.164       |
-----------------------------------------
-----------------------------------------
| rollout/                |             |
|    ep_len_mean          | 328         |
|    ep_rew_mean          | 106         |
| time/                   |             |
|    fps                  | 321         |
|    iterations           | 137         |
|    time_elapsed         | 3490        |
|    total_timesteps      | 1122304     |
| train/                  |             |
|    approx_kl            | 0.004536385 |
|    clip_fraction        | 0.0373      |
|    clip_range           | 0.2         |
|    entropy_loss         | -1.03       |
|    explained_variance   | 0.806       |
|    learning_rate        | 0.0003      |
|    loss                 | 0.0554      |
|    n_updates            | 680         |
|    policy_gradient_loss | -0.00281    |
|    value_loss           | 0.162       |
-----------------------------------------
------------------------------------------
| rollout/                |              |
|    ep_len_mean          | 365          |
|    ep_rew_mean          | 100          |
| time/                   |              |
|    fps                  | 321          |
|    iterations           | 138          |
|    time_elapsed         | 3514         |
|    total_timesteps      | 1130496      |
| train/                  |              |
|    approx_kl            | 0.0064054397 |
|    clip_fraction        | 0.0509       |
|    clip_range           | 0.2          |
|    entropy_loss         | -1.44        |
|    explained_variance   | 0.947        |
|    learning_rate        | 0.0003       |
|    loss                 | -0.0105      |
|    n_updates            | 685          |
|    policy_gradient_loss | -0.00448     |
|    value_loss           | 0.0453       |
------------------------------------------
-----------------------------------------
| rollout/                |             |
|    ep_len_mean          | 412         |
|    ep_rew_mean          | 98.6        |
| time/                   |             |
|    fps                  | 321         |
|    iterations           | 139         |
|    time_elapsed         | 3538        |
|    total_timesteps      | 1138688     |
| train/                  |             |
|    approx_kl            | 0.006579236 |
|    clip_fraction        | 0.0551      |
|    clip_range           | 0.2         |
|    entropy_loss         | -1.26       |
|    explained_variance   | 0.915       |
|    learning_rate        | 0.0003      |
|    loss                 | 0.0149      |
|    n_updates            | 690         |
|    policy_gradient_loss | -0.00406    |
|    value_loss           | 0.107       |
-----------------------------------------
------------------------------------------
| rollout/                |              |
|    ep_len_mean          | 408          |
|    ep_rew_mean          | 95.7         |
| time/                   |              |
|    fps                  | 321          |
|    iterations           | 140          |
|    time_elapsed         | 3562         |
|    total_timesteps      | 1146880      |
| train/                  |              |
|    approx_kl            | 0.0058107637 |
|    clip_fraction        | 0.0398       |
|    clip_range           | 0.2          |
|    entropy_loss         | -1.09        |
|    explained_variance   | 0.88         |
|    learning_rate        | 0.0003       |
|    loss                 | 0.0646       |
|    n_updates            | 695          |
|    policy_gradient_loss | -0.00354     |
|    value_loss           | 0.164        |
------------------------------------------
-----------------------------------------
| rollout/                |             |
|    ep_len_mean          | 402         |
|    ep_rew_mean          | 95.5        |
| time/                   |             |
|    fps                  | 322         |
|    iterations           | 141         |
|    time_elapsed         | 3585        |
|    total_timesteps      | 1155072     |
| train/                  |             |
|    approx_kl            | 0.008044951 |
|    clip_fraction        | 0.0594      |
|    clip_range           | 0.2         |
|    entropy_loss         | -1.28       |
|    explained_variance   | 0.913       |
|    learning_rate        | 0.0003      |
|    loss                 | 0.03        |
|    n_updates            | 700         |
|    policy_gradient_loss | -0.00582    |
|    value_loss           | 0.106       |
-----------------------------------------
-----------------------------------------
| rollout/                |             |
|    ep_len_mean          | 399         |
|    ep_rew_mean          | 93.7        |
| time/                   |             |
|    fps                  | 322         |
|    iterations           | 142         |
|    time_elapsed         | 3609        |
|    total_timesteps      | 1163264     |
| train/                  |             |
|    approx_kl            | 0.007803956 |
|    clip_fraction        | 0.0679      |
|    clip_range           | 0.2         |
|    entropy_loss         | -1.14       |
|    explained_variance   | 0.861       |
|    learning_rate        | 0.0003      |
|    loss                 | 0.0608      |
|    n_updates            | 705         |
|    policy_gradient_loss | -0.00535    |
|    value_loss           | 0.193       |
-----------------------------------------
-----------------------------------------
| rollout/                |             |
|    ep_len_mean          | 367         |
|    ep_rew_mean          | 99          |
| time/                   |             |
|    fps                  | 322         |
|    iterations           | 143         |
|    time_elapsed         | 3632        |
|    total_timesteps      | 1171456     |
| train/                  |             |
|    approx_kl            | 0.005226941 |
|    clip_fraction        | 0.042       |
|    clip_range           | 0.2         |
|    entropy_loss         | -1.11       |
|    explained_variance   | 0.879       |
|    learning_rate        | 0.0003      |
|    loss                 | 0.0459      |
|    n_updates            | 710         |
|    policy_gradient_loss | -0.00392    |
|    value_loss           | 0.134       |
-----------------------------------------
-----------------------------------------
| rollout/                |             |
|    ep_len_mean          | 403         |
|    ep_rew_mean          | 98.2        |
| time/                   |             |
|    fps                  | 322         |
|    iterations           | 144         |
|    time_elapsed         | 3656        |
|    total_timesteps      | 1179648     |
| train/                  |             |
|    approx_kl            | 0.004538175 |
|    clip_fraction        | 0.039       |
|    clip_range           | 0.2         |
|    entropy_loss         | -1.28       |
|    explained_variance   | 0.918       |
|    learning_rate        | 0.0003      |
|    loss                 | 0.0194      |
|    n_updates            | 715         |
|    policy_gradient_loss | -0.00456    |
|    value_loss           | 0.104       |
-----------------------------------------
-----------------------------------------
| rollout/                |             |
|    ep_len_mean          | 365         |
|    ep_rew_mean          | 96.2        |
| time/                   |             |
|    fps                  | 322         |
|    iterations           | 145         |
|    time_elapsed         | 3678        |
|    total_timesteps      | 1187840     |
| train/                  |             |
|    approx_kl            | 0.008080581 |
|    clip_fraction        | 0.0544      |
|    clip_range           | 0.2         |
|    entropy_loss         | -1.09       |
|    explained_variance   | 0.915       |
|    learning_rate        | 0.0003      |
|    loss                 | 0.0415      |
|    n_updates            | 720         |
|    policy_gradient_loss | -0.00404    |
|    value_loss           | 0.122       |
-----------------------------------------
----------------------------------------
| rollout/                |            |
|    ep_len_mean          | 298        |
|    ep_rew_mean          | 89.2       |
| time/                   |            |
|    fps                  | 323        |
|    iterations           | 146        |
|    time_elapsed         | 3701       |
|    total_timesteps      | 1196032    |
| train/                  |            |
|    approx_kl            | 0.00503507 |
|    clip_fraction        | 0.0457     |
|    clip_range           | 0.2        |
|    entropy_loss         | -0.9       |
|    explained_variance   | 0.721      |
|    learning_rate        | 0.0003     |
|    loss                 | 0.0734     |
|    n_updates            | 725        |
|    policy_gradient_loss | -0.00525   |
|    value_loss           | 0.199      |
----------------------------------------
[Checkpoint] Saved at 1200000 steps > C:\Users\Admin\Desktop\disciple\realnewdisciples-main\Big_map\campaign_checkpoints\small-green-dragon-classic-3m-20260914-103034\campaign_ppo_step_1200000.zip
Eval num_timesteps=1200000, det_reward=149.89 +/- 51.11
Episode length: det=229.70 +/- 91.52
Victory rate: det=65.00%
-------------------------------------------------
| eval/                           |             |
|    deterministic_mean_ep_length | 230         |
|    deterministic_mean_reward    | 150         |
|    deterministic_victory_rate   | 0.65        |
|    mean_ep_length               | 230         |
|    mean_reward                  | 150         |
|    victory_rate                 | 0.65        |
| time/                           |             |
|    total_timesteps              | 1200000     |
| train/                          |             |
|    approx_kl                    | 0.005987094 |
|    clip_fraction                | 0.0574      |
|    clip_range                   | 0.2         |
|    entropy_loss                 | -0.835      |
|    explained_variance           | 0.624       |
|    learning_rate                | 0.0003      |
|    loss                         | 0.0619      |
|    n_updates                    | 730         |
|    policy_gradient_loss         | -0.00363    |
|    value_loss                   | 0.193       |
-------------------------------------------------
New best model by deterministic victory rate!
---------------------------------
| rollout/           |          |
|    ep_len_mean     | 215      |
|    ep_rew_mean     | 109      |
| time/              |          |
|    fps             | 322      |
|    iterations      | 147      |
|    time_elapsed    | 3738     |
|    total_timesteps | 1204224  |
---------------------------------
------------------------------------------
| rollout/                |              |
|    ep_len_mean          | 220          |
|    ep_rew_mean          | 106          |
| time/                   |              |
|    fps                  | 322          |
|    iterations           | 148          |
|    time_elapsed         | 3761         |
|    total_timesteps      | 1212416      |
| train/                  |              |
|    approx_kl            | 0.0047024367 |
|    clip_fraction        | 0.0448       |
|    clip_range           | 0.2          |
|    entropy_loss         | -0.845       |
|    explained_variance   | 0.631        |
|    learning_rate        | 0.0003       |
|    loss                 | 0.074        |
|    n_updates            | 735          |
|    policy_gradient_loss | -0.00424     |
|    value_loss           | 0.215        |
------------------------------------------
------------------------------------------
| rollout/                |              |
|    ep_len_mean          | 243          |
|    ep_rew_mean          | 112          |
| time/                   |              |
|    fps                  | 322          |
|    iterations           | 149          |
|    time_elapsed         | 3786         |
|    total_timesteps      | 1220608      |
| train/                  |              |
|    approx_kl            | 0.0060566384 |
|    clip_fraction        | 0.0491       |
|    clip_range           | 0.2          |
|    entropy_loss         | -0.979       |
|    explained_variance   | 0.682        |
|    learning_rate        | 0.0003       |
|    loss                 | 0.0856       |
|    n_updates            | 740          |
|    policy_gradient_loss | -0.00441     |
|    value_loss           | 0.222        |
------------------------------------------
----------------------------------------
| rollout/                |            |
|    ep_len_mean          | 243        |
|    ep_rew_mean          | 107        |
| time/                   |            |
|    fps                  | 322        |
|    iterations           | 150        |
|    time_elapsed         | 3810       |
|    total_timesteps      | 1228800    |
| train/                  |            |
|    approx_kl            | 0.00635307 |
|    clip_fraction        | 0.064      |
|    clip_range           | 0.2        |
|    entropy_loss         | -1.04      |
|    explained_variance   | 0.771      |
|    learning_rate        | 0.0003     |
|    loss                 | 0.0427     |
|    n_updates            | 745        |
|    policy_gradient_loss | -0.00437   |
|    value_loss           | 0.175      |
----------------------------------------
-----------------------------------------
| rollout/                |             |
|    ep_len_mean          | 271         |
|    ep_rew_mean          | 103         |
| time/                   |             |
|    fps                  | 322         |
|    iterations           | 151         |
|    time_elapsed         | 3832        |
|    total_timesteps      | 1236992     |
| train/                  |             |
|    approx_kl            | 0.007704801 |
|    clip_fraction        | 0.0629      |
|    clip_range           | 0.2         |
|    entropy_loss         | -1.12       |
|    explained_variance   | 0.843       |
|    learning_rate        | 0.0003      |
|    loss                 | 0.0396      |
|    n_updates            | 750         |
|    policy_gradient_loss | -0.00374    |
|    value_loss           | 0.155       |
-----------------------------------------
-----------------------------------------
| rollout/                |             |
|    ep_len_mean          | 250         |
|    ep_rew_mean          | 102         |
| time/                   |             |
|    fps                  | 322         |
|    iterations           | 152         |
|    time_elapsed         | 3857        |
|    total_timesteps      | 1245184     |
| train/                  |             |
|    approx_kl            | 0.007637211 |
|    clip_fraction        | 0.0589      |
|    clip_range           | 0.2         |
|    entropy_loss         | -0.887      |
|    explained_variance   | 0.718       |
|    learning_rate        | 0.0003      |
|    loss                 | 0.0416      |
|    n_updates            | 755         |
|    policy_gradient_loss | -0.00483    |
|    value_loss           | 0.155       |
-----------------------------------------
------------------------------------------
| rollout/                |              |
|    ep_len_mean          | 287          |
|    ep_rew_mean          | 94.4         |
| time/                   |              |
|    fps                  | 322          |
|    iterations           | 153          |
|    time_elapsed         | 3881         |
|    total_timesteps      | 1253376      |
| train/                  |              |
|    approx_kl            | 0.0064367913 |
|    clip_fraction        | 0.062        |
|    clip_range           | 0.2          |
|    entropy_loss         | -1.12        |
|    explained_variance   | 0.864        |
|    learning_rate        | 0.0003       |
|    loss                 | 0.0342       |
|    n_updates            | 760          |
|    policy_gradient_loss | -0.00471     |
|    value_loss           | 0.157        |
------------------------------------------
-----------------------------------------
| rollout/                |             |
|    ep_len_mean          | 276         |
|    ep_rew_mean          | 93.1        |
| time/                   |             |
|    fps                  | 323         |
|    iterations           | 154         |
|    time_elapsed         | 3904        |
|    total_timesteps      | 1261568     |
| train/                  |             |
|    approx_kl            | 0.007462331 |
|    clip_fraction        | 0.0867      |
|    clip_range           | 0.2         |
|    entropy_loss         | -1.25       |
|    explained_variance   | 0.896       |
|    learning_rate        | 0.0003      |
|    loss                 | 0.0465      |
|    n_updates            | 765         |
|    policy_gradient_loss | -0.00459    |
|    value_loss           | 0.122       |
-----------------------------------------
-----------------------------------------
| rollout/                |             |
|    ep_len_mean          | 280         |
|    ep_rew_mean          | 93.1        |
| time/                   |             |
|    fps                  | 323         |
|    iterations           | 155         |
|    time_elapsed         | 3929        |
|    total_timesteps      | 1269760     |
| train/                  |             |
|    approx_kl            | 0.006179394 |
|    clip_fraction        | 0.0581      |
|    clip_range           | 0.2         |
|    entropy_loss         | -0.938      |
|    explained_variance   | 0.76        |
|    learning_rate        | 0.0003      |
|    loss                 | 0.0526      |
|    n_updates            | 770         |
|    policy_gradient_loss | -0.00396    |
|    value_loss           | 0.181       |
-----------------------------------------
------------------------------------------
| rollout/                |              |
|    ep_len_mean          | 277          |
|    ep_rew_mean          | 103          |
| time/                   |              |
|    fps                  | 323          |
|    iterations           | 156          |
|    time_elapsed         | 3952         |
|    total_timesteps      | 1277952      |
| train/                  |              |
|    approx_kl            | 0.0053999904 |
|    clip_fraction        | 0.0614       |
|    clip_range           | 0.2          |
|    entropy_loss         | -1.16        |
|    explained_variance   | 0.862        |
|    learning_rate        | 0.0003       |
|    loss                 | 0.0454       |
|    n_updates            | 775          |
|    policy_gradient_loss | -0.00466     |
|    value_loss           | 0.162        |
------------------------------------------
------------------------------------------
| rollout/                |              |
|    ep_len_mean          | 249          |
|    ep_rew_mean          | 106          |
| time/                   |              |
|    fps                  | 323          |
|    iterations           | 157          |
|    time_elapsed         | 3975         |
|    total_timesteps      | 1286144      |
| train/                  |              |
|    approx_kl            | 0.0057821963 |
|    clip_fraction        | 0.0544       |
|    clip_range           | 0.2          |
|    entropy_loss         | -0.848       |
|    explained_variance   | 0.698        |
|    learning_rate        | 0.0003       |
|    loss                 | 0.0583       |
|    n_updates            | 780          |
|    policy_gradient_loss | -0.00454     |
|    value_loss           | 0.184        |
------------------------------------------
------------------------------------------
| rollout/                |              |
|    ep_len_mean          | 221          |
|    ep_rew_mean          | 111          |
| time/                   |              |
|    fps                  | 323          |
|    iterations           | 158          |
|    time_elapsed         | 3998         |
|    total_timesteps      | 1294336      |
| train/                  |              |
|    approx_kl            | 0.0050768913 |
|    clip_fraction        | 0.0517       |
|    clip_range           | 0.2          |
|    entropy_loss         | -0.939       |
|    explained_variance   | 0.78         |
|    learning_rate        | 0.0003       |
|    loss                 | 0.0876       |
|    n_updates            | 785          |
|    policy_gradient_loss | -0.0032      |
|    value_loss           | 0.21         |
------------------------------------------
-----------------------------------------
| rollout/                |             |
|    ep_len_mean          | 220         |
|    ep_rew_mean          | 115         |
| time/                   |             |
|    fps                  | 323         |
|    iterations           | 159         |
|    time_elapsed         | 4021        |
|    total_timesteps      | 1302528     |
| train/                  |             |
|    approx_kl            | 0.004922427 |
|    clip_fraction        | 0.0525      |
|    clip_range           | 0.2         |
|    entropy_loss         | -0.873      |
|    explained_variance   | 0.765       |
|    learning_rate        | 0.0003      |
|    loss                 | 0.0822      |
|    n_updates            | 790         |
|    policy_gradient_loss | -0.00451    |
|    value_loss           | 0.216       |
-----------------------------------------
-----------------------------------------
| rollout/                |             |
|    ep_len_mean          | 263         |
|    ep_rew_mean          | 122         |
| time/                   |             |
|    fps                  | 324         |
|    iterations           | 160         |
|    time_elapsed         | 4044        |
|    total_timesteps      | 1310720     |
| train/                  |             |
|    approx_kl            | 0.006567372 |
|    clip_fraction        | 0.055       |
|    clip_range           | 0.2         |
|    entropy_loss         | -0.958      |
|    explained_variance   | 0.876       |
|    learning_rate        | 0.0003      |
|    loss                 | 0.0547      |
|    n_updates            | 795         |
|    policy_gradient_loss | -0.0041     |
|    value_loss           | 0.18        |
-----------------------------------------
-----------------------------------------
| rollout/                |             |
|    ep_len_mean          | 262         |
|    ep_rew_mean          | 127         |
| time/                   |             |
|    fps                  | 324         |
|    iterations           | 161         |
|    time_elapsed         | 4067        |
|    total_timesteps      | 1318912     |
| train/                  |             |
|    approx_kl            | 0.004481361 |
|    clip_fraction        | 0.0438      |
|    clip_range           | 0.2         |
|    entropy_loss         | -0.802      |
|    explained_variance   | 0.765       |
|    learning_rate        | 0.0003      |
|    loss                 | 0.088       |
|    n_updates            | 800         |
|    policy_gradient_loss | -0.00249    |
|    value_loss           | 0.238       |
-----------------------------------------
------------------------------------------
| rollout/                |              |
|    ep_len_mean          | 279          |
|    ep_rew_mean          | 127          |
| time/                   |              |
|    fps                  | 324          |
|    iterations           | 162          |
|    time_elapsed         | 4090         |
|    total_timesteps      | 1327104      |
| train/                  |              |
|    approx_kl            | 0.0050423807 |
|    clip_fraction        | 0.0526       |
|    clip_range           | 0.2          |
|    entropy_loss         | -0.838       |
|    explained_variance   | 0.765        |
|    learning_rate        | 0.0003       |
|    loss                 | 0.0795       |
|    n_updates            | 805          |
|    policy_gradient_loss | -0.00314     |
|    value_loss           | 0.208        |
------------------------------------------
-----------------------------------------
| rollout/                |             |
|    ep_len_mean          | 238         |
|    ep_rew_mean          | 127         |
| time/                   |             |
|    fps                  | 324         |
|    iterations           | 163         |
|    time_elapsed         | 4114        |
|    total_timesteps      | 1335296     |
| train/                  |             |
|    approx_kl            | 0.005191445 |
|    clip_fraction        | 0.0539      |
|    clip_range           | 0.2         |
|    entropy_loss         | -0.888      |
|    explained_variance   | 0.799       |
|    learning_rate        | 0.0003      |
|    loss                 | 0.0785      |
|    n_updates            | 810         |
|    policy_gradient_loss | -0.00383    |
|    value_loss           | 0.201       |
-----------------------------------------
-----------------------------------------
| rollout/                |             |
|    ep_len_mean          | 269         |
|    ep_rew_mean          | 119         |
| time/                   |             |
|    fps                  | 324         |
|    iterations           | 164         |
|    time_elapsed         | 4137        |
|    total_timesteps      | 1343488     |
| train/                  |             |
|    approx_kl            | 0.008813363 |
|    clip_fraction        | 0.066       |
|    clip_range           | 0.2         |
|    entropy_loss         | -1          |
|    explained_variance   | 0.881       |
|    learning_rate        | 0.0003      |
|    loss                 | 0.0548      |
|    n_updates            | 815         |
|    policy_gradient_loss | -0.00384    |
|    value_loss           | 0.162       |
-----------------------------------------
------------------------------------------
| rollout/                |              |
|    ep_len_mean          | 250          |
|    ep_rew_mean          | 123          |
| time/                   |              |
|    fps                  | 324          |
|    iterations           | 165          |
|    time_elapsed         | 4160         |
|    total_timesteps      | 1351680      |
| train/                  |              |
|    approx_kl            | 0.0045330925 |
|    clip_fraction        | 0.0602       |
|    clip_range           | 0.2          |
|    entropy_loss         | -0.953       |
|    explained_variance   | 0.868        |
|    learning_rate        | 0.0003       |
|    loss                 | 0.066        |
|    n_updates            | 820          |
|    policy_gradient_loss | -0.00227     |
|    value_loss           | 0.197        |
------------------------------------------
-----------------------------------------
| rollout/                |             |
|    ep_len_mean          | 251         |
|    ep_rew_mean          | 121         |
| time/                   |             |
|    fps                  | 324         |
|    iterations           | 166         |
|    time_elapsed         | 4184        |
|    total_timesteps      | 1359872     |
| train/                  |             |
|    approx_kl            | 0.004395597 |
|    clip_fraction        | 0.0463      |
|    clip_range           | 0.2         |
|    entropy_loss         | -0.782      |
|    explained_variance   | 0.567       |
|    learning_rate        | 0.0003      |
|    loss                 | 0.109       |
|    n_updates            | 825         |
|    policy_gradient_loss | -0.00314    |
|    value_loss           | 0.264       |
-----------------------------------------
-----------------------------------------
| rollout/                |             |
|    ep_len_mean          | 247         |
|    ep_rew_mean          | 124         |
| time/                   |             |
|    fps                  | 325         |
|    iterations           | 167         |
|    time_elapsed         | 4207        |
|    total_timesteps      | 1368064     |
| train/                  |             |
|    approx_kl            | 0.005747789 |
|    clip_fraction        | 0.0627      |
|    clip_range           | 0.2         |
|    entropy_loss         | -1.03       |
|    explained_variance   | 0.868       |
|    learning_rate        | 0.0003      |
|    loss                 | 0.0397      |
|    n_updates            | 830         |
|    policy_gradient_loss | -0.00325    |
|    value_loss           | 0.183       |
-----------------------------------------
------------------------------------------
| rollout/                |              |
|    ep_len_mean          | 250          |
|    ep_rew_mean          | 128          |
| time/                   |              |
|    fps                  | 325          |
|    iterations           | 168          |
|    time_elapsed         | 4230         |
|    total_timesteps      | 1376256      |
| train/                  |              |
|    approx_kl            | 0.0051410273 |
|    clip_fraction        | 0.0442       |
|    clip_range           | 0.2          |
|    entropy_loss         | -0.896       |
|    explained_variance   | 0.884        |
|    learning_rate        | 0.0003       |
|    loss                 | 0.0379       |
|    n_updates            | 835          |
|    policy_gradient_loss | -0.00415     |
|    value_loss           | 0.169        |
------------------------------------------
-----------------------------------------
| rollout/                |             |
|    ep_len_mean          | 251         |
|    ep_rew_mean          | 136         |
| time/                   |             |
|    fps                  | 325         |
|    iterations           | 169         |
|    time_elapsed         | 4253        |
|    total_timesteps      | 1384448     |
| train/                  |             |
|    approx_kl            | 0.007390931 |
|    clip_fraction        | 0.0473      |
|    clip_range           | 0.2         |
|    entropy_loss         | -0.733      |
|    explained_variance   | 0.533       |
|    learning_rate        | 0.0003      |
|    loss                 | 0.107       |
|    n_updates            | 840         |
|    policy_gradient_loss | -0.00355    |
|    value_loss           | 0.246       |
-----------------------------------------
------------------------------------------
| rollout/                |              |
|    ep_len_mean          | 206          |
|    ep_rew_mean          | 136          |
| time/                   |              |
|    fps                  | 325          |
|    iterations           | 170          |
|    time_elapsed         | 4276         |
|    total_timesteps      | 1392640      |
| train/                  |              |
|    approx_kl            | 0.0045089386 |
|    clip_fraction        | 0.0402       |
|    clip_range           | 0.2          |
|    entropy_loss         | -0.699       |
|    explained_variance   | 0.551        |
|    learning_rate        | 0.0003       |
|    loss                 | 0.096        |
|    n_updates            | 845          |
|    policy_gradient_loss | -0.00358     |
|    value_loss           | 0.239        |
------------------------------------------
------------------------------------------
| rollout/                |              |
|    ep_len_mean          | 204          |
|    ep_rew_mean          | 128          |
| time/                   |              |
|    fps                  | 325          |
|    iterations           | 171          |
|    time_elapsed         | 4298         |
|    total_timesteps      | 1400832      |
| train/                  |              |
|    approx_kl            | 0.0051153866 |
|    clip_fraction        | 0.0537       |
|    clip_range           | 0.2          |
|    entropy_loss         | -0.712       |
|    explained_variance   | 0.541        |
|    learning_rate        | 0.0003       |
|    loss                 | 0.0658       |
|    n_updates            | 850          |
|    policy_gradient_loss | -0.00476     |
|    value_loss           | 0.226        |
------------------------------------------
------------------------------------------
| rollout/                |              |
|    ep_len_mean          | 213          |
|    ep_rew_mean          | 134          |
| time/                   |              |
|    fps                  | 326          |
|    iterations           | 172          |
|    time_elapsed         | 4321         |
|    total_timesteps      | 1409024      |
| train/                  |              |
|    approx_kl            | 0.0069893715 |
|    clip_fraction        | 0.0436       |
|    clip_range           | 0.2          |
|    entropy_loss         | -0.716       |
|    explained_variance   | 0.625        |
|    learning_rate        | 0.0003       |
|    loss                 | 0.121        |
|    n_updates            | 855          |
|    policy_gradient_loss | -0.00254     |
|    value_loss           | 0.24         |
------------------------------------------
------------------------------------------
| rollout/                |              |
|    ep_len_mean          | 223          |
|    ep_rew_mean          | 138          |
| time/                   |              |
|    fps                  | 326          |
|    iterations           | 173          |
|    time_elapsed         | 4345         |
|    total_timesteps      | 1417216      |
| train/                  |              |
|    approx_kl            | 0.0039990726 |
|    clip_fraction        | 0.0503       |
|    clip_range           | 0.2          |
|    entropy_loss         | -0.776       |
|    explained_variance   | 0.624        |
|    learning_rate        | 0.0003       |
|    loss                 | 0.0754       |
|    n_updates            | 860          |
|    policy_gradient_loss | -0.00205     |
|    value_loss           | 0.228        |
------------------------------------------
-----------------------------------------
| rollout/                |             |
|    ep_len_mean          | 231         |
|    ep_rew_mean          | 138         |
| time/                   |             |
|    fps                  | 326         |
|    iterations           | 174         |
|    time_elapsed         | 4368        |
|    total_timesteps      | 1425408     |
| train/                  |             |
|    approx_kl            | 0.005101967 |
|    clip_fraction        | 0.0433      |
|    clip_range           | 0.2         |
|    entropy_loss         | -0.854      |
|    explained_variance   | 0.726       |
|    learning_rate        | 0.0003      |
|    loss                 | 0.0941      |
|    n_updates            | 865         |
|    policy_gradient_loss | -0.00314    |
|    value_loss           | 0.232       |
-----------------------------------------
-----------------------------------------
| rollout/                |             |
|    ep_len_mean          | 223         |
|    ep_rew_mean          | 136         |
| time/                   |             |
|    fps                  | 326         |
|    iterations           | 175         |
|    time_elapsed         | 4390        |
|    total_timesteps      | 1433600     |
| train/                  |             |
|    approx_kl            | 0.005247411 |
|    clip_fraction        | 0.0505      |
|    clip_range           | 0.2         |
|    entropy_loss         | -0.779      |
|    explained_variance   | 0.701       |
|    learning_rate        | 0.0003      |
|    loss                 | 0.0736      |
|    n_updates            | 870         |
|    policy_gradient_loss | -0.00406    |
|    value_loss           | 0.202       |
-----------------------------------------
------------------------------------------
| rollout/                |              |
|    ep_len_mean          | 206          |
|    ep_rew_mean          | 136          |
| time/                   |              |
|    fps                  | 326          |
|    iterations           | 176          |
|    time_elapsed         | 4413         |
|    total_timesteps      | 1441792      |
| train/                  |              |
|    approx_kl            | 0.0067918743 |
|    clip_fraction        | 0.0611       |
|    clip_range           | 0.2          |
|    entropy_loss         | -0.715       |
|    explained_variance   | 0.581        |
|    learning_rate        | 0.0003       |
|    loss                 | 0.119        |
|    n_updates            | 875          |
|    policy_gradient_loss | -0.00333     |
|    value_loss           | 0.25         |
------------------------------------------
----------------------------------------
| rollout/                |            |
|    ep_len_mean          | 205        |
|    ep_rew_mean          | 133        |
| time/                   |            |
|    fps                  | 326        |
|    iterations           | 177        |
|    time_elapsed         | 4436       |
|    total_timesteps      | 1449984    |
| train/                  |            |
|    approx_kl            | 0.00557141 |
|    clip_fraction        | 0.0476     |
|    clip_range           | 0.2        |
|    entropy_loss         | -0.758     |
|    explained_variance   | 0.565      |
|    learning_rate        | 0.0003     |
|    loss                 | 0.0949     |
|    n_updates            | 880        |
|    policy_gradient_loss | -0.00581   |
|    value_loss           | 0.244      |
----------------------------------------
------------------------------------------
| rollout/                |              |
|    ep_len_mean          | 214          |
|    ep_rew_mean          | 124          |
| time/                   |              |
|    fps                  | 326          |
|    iterations           | 178          |
|    time_elapsed         | 4460         |
|    total_timesteps      | 1458176      |
| train/                  |              |
|    approx_kl            | 0.0055557056 |
|    clip_fraction        | 0.0465       |
|    clip_range           | 0.2          |
|    entropy_loss         | -0.777       |
|    explained_variance   | 0.684        |
|    learning_rate        | 0.0003       |
|    loss                 | 0.0805       |
|    n_updates            | 885          |
|    policy_gradient_loss | -0.00316     |
|    value_loss           | 0.201        |
------------------------------------------
------------------------------------------
| rollout/                |              |
|    ep_len_mean          | 233          |
|    ep_rew_mean          | 133          |
| time/                   |              |
|    fps                  | 327          |
|    iterations           | 179          |
|    time_elapsed         | 4483         |
|    total_timesteps      | 1466368      |
| train/                  |              |
|    approx_kl            | 0.0051744794 |
|    clip_fraction        | 0.0543       |
|    clip_range           | 0.2          |
|    entropy_loss         | -0.827       |
|    explained_variance   | 0.665        |
|    learning_rate        | 0.0003       |
|    loss                 | 0.0711       |
|    n_updates            | 890          |
|    policy_gradient_loss | -0.0037      |
|    value_loss           | 0.239        |
------------------------------------------
----------------------------------------
| rollout/                |            |
|    ep_len_mean          | 231        |
|    ep_rew_mean          | 137        |
| time/                   |            |
|    fps                  | 327        |
|    iterations           | 180        |
|    time_elapsed         | 4506       |
|    total_timesteps      | 1474560    |
| train/                  |            |
|    approx_kl            | 0.00562955 |
|    clip_fraction        | 0.0456     |
|    clip_range           | 0.2        |
|    entropy_loss         | -0.89      |
|    explained_variance   | 0.797      |
|    learning_rate        | 0.0003     |
|    loss                 | 0.0788     |
|    n_updates            | 895        |
|    policy_gradient_loss | -0.00382   |
|    value_loss           | 0.196      |
----------------------------------------
-----------------------------------------
| rollout/                |             |
|    ep_len_mean          | 234         |
|    ep_rew_mean          | 144         |
| time/                   |             |
|    fps                  | 327         |
|    iterations           | 181         |
|    time_elapsed         | 4530        |
|    total_timesteps      | 1482752     |
| train/                  |             |
|    approx_kl            | 0.004933046 |
|    clip_fraction        | 0.0476      |
|    clip_range           | 0.2         |
|    entropy_loss         | -0.922      |
|    explained_variance   | 0.785       |
|    learning_rate        | 0.0003      |
|    loss                 | 0.0663      |
|    n_updates            | 900         |
|    policy_gradient_loss | -0.00278    |
|    value_loss           | 0.175       |
-----------------------------------------
------------------------------------------
| rollout/                |              |
|    ep_len_mean          | 299          |
|    ep_rew_mean          | 144          |
| time/                   |              |
|    fps                  | 327          |
|    iterations           | 182          |
|    time_elapsed         | 4554         |
|    total_timesteps      | 1490944      |
| train/                  |              |
|    approx_kl            | 0.0062549617 |
|    clip_fraction        | 0.0542       |
|    clip_range           | 0.2          |
|    entropy_loss         | -0.985       |
|    explained_variance   | 0.87         |
|    learning_rate        | 0.0003       |
|    loss                 | 0.0588       |
|    n_updates            | 905          |
|    policy_gradient_loss | -0.00384     |
|    value_loss           | 0.17         |
------------------------------------------
----------------------------------------
| rollout/                |            |
|    ep_len_mean          | 276        |
|    ep_rew_mean          | 128        |
| time/                   |            |
|    fps                  | 327        |
|    iterations           | 183        |
|    time_elapsed         | 4578       |
|    total_timesteps      | 1499136    |
| train/                  |            |
|    approx_kl            | 0.00760883 |
|    clip_fraction        | 0.0668     |
|    clip_range           | 0.2        |
|    entropy_loss         | -1.19      |
|    explained_variance   | 0.888      |
|    learning_rate        | 0.0003     |
|    loss                 | 0.0287     |
|    n_updates            | 910        |
|    policy_gradient_loss | -0.00174   |
|    value_loss           | 0.118      |
----------------------------------------
[Checkpoint] Saved at 1500000 steps > C:\Users\Admin\Desktop\disciple\realnewdisciples-main\Big_map\campaign_checkpoints\small-green-dragon-classic-3m-20260914-103034\campaign_ppo_step_1500000.zip
Eval num_timesteps=1500000, det_reward=114.10 +/- 74.81
Episode length: det=157.40 +/- 31.66
Victory rate: det=45.00%
--------------------------------------------------
| eval/                           |              |
|    deterministic_mean_ep_length | 157          |
|    deterministic_mean_reward    | 114          |
|    deterministic_victory_rate   | 0.45         |
|    mean_ep_length               | 157          |
|    mean_reward                  | 114          |
|    victory_rate                 | 0.45         |
| time/                           |              |
|    total_timesteps              | 1500000      |
| train/                          |              |
|    approx_kl                    | 0.0081081875 |
|    clip_fraction                | 0.0559       |
|    clip_range                   | 0.2          |
|    entropy_loss                 | -1.04        |
|    explained_variance           | 0.888        |
|    learning_rate                | 0.0003       |
|    loss                         | 0.0505       |
|    n_updates                    | 915          |
|    policy_gradient_loss         | -0.00242     |
|    value_loss                   | 0.147        |
--------------------------------------------------
---------------------------------
| rollout/           |          |
|    ep_len_mean     | 350      |
|    ep_rew_mean     | 125      |
| time/              |          |
|    fps             | 326      |
|    iterations      | 184      |
|    time_elapsed    | 4612     |
|    total_timesteps | 1507328  |
---------------------------------
-----------------------------------------
| rollout/                |             |
|    ep_len_mean          | 387         |
|    ep_rew_mean          | 127         |
| time/                   |             |
|    fps                  | 326         |
|    iterations           | 185         |
|    time_elapsed         | 4637        |
|    total_timesteps      | 1515520     |
| train/                  |             |
|    approx_kl            | 0.007752698 |
|    clip_fraction        | 0.0768      |
|    clip_range           | 0.2         |
|    entropy_loss         | -1.36       |
|    explained_variance   | 0.924       |
|    learning_rate        | 0.0003      |
|    loss                 | -0.00815    |
|    n_updates            | 920         |
|    policy_gradient_loss | -0.00479    |
|    value_loss           | 0.08        |
-----------------------------------------
-----------------------------------------
| rollout/                |             |
|    ep_len_mean          | 409         |
|    ep_rew_mean          | 122         |
| time/                   |             |
|    fps                  | 326         |
|    iterations           | 186         |
|    time_elapsed         | 4661        |
|    total_timesteps      | 1523712     |
| train/                  |             |
|    approx_kl            | 0.007349358 |
|    clip_fraction        | 0.0613      |
|    clip_range           | 0.2         |
|    entropy_loss         | -1.3        |
|    explained_variance   | 0.92        |
|    learning_rate        | 0.0003      |
|    loss                 | 0.00788     |
|    n_updates            | 925         |
|    policy_gradient_loss | -0.00393    |
|    value_loss           | 0.0772      |
-----------------------------------------
------------------------------------------
| rollout/                |              |
|    ep_len_mean          | 415          |
|    ep_rew_mean          | 114          |
| time/                   |              |
|    fps                  | 327          |
|    iterations           | 187          |
|    time_elapsed         | 4684         |
|    total_timesteps      | 1531904      |
| train/                  |              |
|    approx_kl            | 0.0068064313 |
|    clip_fraction        | 0.0471       |
|    clip_range           | 0.2          |
|    entropy_loss         | -1.25        |
|    explained_variance   | 0.912        |
|    learning_rate        | 0.0003       |
|    loss                 | 0.0314       |
|    n_updates            | 930          |
|    policy_gradient_loss | -0.0046      |
|    value_loss           | 0.117        |
------------------------------------------
------------------------------------------
| rollout/                |              |
|    ep_len_mean          | 422          |
|    ep_rew_mean          | 123          |
| time/                   |              |
|    fps                  | 327          |
|    iterations           | 188          |
|    time_elapsed         | 4707         |
|    total_timesteps      | 1540096      |
| train/                  |              |
|    approx_kl            | 0.0050829565 |
|    clip_fraction        | 0.0611       |
|    clip_range           | 0.2          |
|    entropy_loss         | -1.08        |
|    explained_variance   | 0.894        |
|    learning_rate        | 0.0003       |
|    loss                 | 0.0737       |
|    n_updates            | 935          |
|    policy_gradient_loss | -0.00312     |
|    value_loss           | 0.165        |
------------------------------------------
-----------------------------------------
| rollout/                |             |
|    ep_len_mean          | 314         |
|    ep_rew_mean          | 124         |
| time/                   |             |
|    fps                  | 327         |
|    iterations           | 189         |
|    time_elapsed         | 4731        |
|    total_timesteps      | 1548288     |
| train/                  |             |
|    approx_kl            | 0.009723632 |
|    clip_fraction        | 0.0709      |
|    clip_range           | 0.2         |
|    entropy_loss         | -1          |
|    explained_variance   | 0.822       |
|    learning_rate        | 0.0003      |
|    loss                 | 0.0352      |
|    n_updates            | 940         |
|    policy_gradient_loss | -0.00401    |
|    value_loss           | 0.175       |
-----------------------------------------
-----------------------------------------
| rollout/                |             |
|    ep_len_mean          | 314         |
|    ep_rew_mean          | 131         |
| time/                   |             |
|    fps                  | 327         |
|    iterations           | 190         |
|    time_elapsed         | 4755        |
|    total_timesteps      | 1556480     |
| train/                  |             |
|    approx_kl            | 0.009667377 |
|    clip_fraction        | 0.0933      |
|    clip_range           | 0.2         |
|    entropy_loss         | -1.03       |
|    explained_variance   | 0.893       |
|    learning_rate        | 0.0003      |
|    loss                 | 0.0593      |
|    n_updates            | 945         |
|    policy_gradient_loss | -0.00437    |
|    value_loss           | 0.144       |
-----------------------------------------
-----------------------------------------
| rollout/                |             |
|    ep_len_mean          | 294         |
|    ep_rew_mean          | 142         |
| time/                   |             |
|    fps                  | 327         |
|    iterations           | 191         |
|    time_elapsed         | 4778        |
|    total_timesteps      | 1564672     |
| train/                  |             |
|    approx_kl            | 0.004871087 |
|    clip_fraction        | 0.0661      |
|    clip_range           | 0.2         |
|    entropy_loss         | -0.96       |
|    explained_variance   | 0.775       |
|    learning_rate        | 0.0003      |
|    loss                 | 0.067       |
|    n_updates            | 950         |
|    policy_gradient_loss | -0.00352    |
|    value_loss           | 0.18        |
-----------------------------------------
------------------------------------------
| rollout/                |              |
|    ep_len_mean          | 296          |
|    ep_rew_mean          | 142          |
| time/                   |              |
|    fps                  | 327          |
|    iterations           | 192          |
|    time_elapsed         | 4802         |
|    total_timesteps      | 1572864      |
| train/                  |              |
|    approx_kl            | 0.0052357195 |
|    clip_fraction        | 0.0494       |
|    clip_range           | 0.2          |
|    entropy_loss         | -0.868       |
|    explained_variance   | 0.775        |
|    learning_rate        | 0.0003       |
|    loss                 | 0.0918       |
|    n_updates            | 955          |
|    policy_gradient_loss | -0.00364     |
|    value_loss           | 0.209        |
------------------------------------------
------------------------------------------
| rollout/                |              |
|    ep_len_mean          | 255          |
|    ep_rew_mean          | 146          |
| time/                   |              |
|    fps                  | 327          |
|    iterations           | 193          |
|    time_elapsed         | 4825         |
|    total_timesteps      | 1581056      |
| train/                  |              |
|    approx_kl            | 0.0069336146 |
|    clip_fraction        | 0.0515       |
|    clip_range           | 0.2          |
|    entropy_loss         | -1.04        |
|    explained_variance   | 0.912        |
|    learning_rate        | 0.0003       |
|    loss                 | 0.0458       |
|    n_updates            | 960          |
|    policy_gradient_loss | -0.00389     |
|    value_loss           | 0.138        |
------------------------------------------
------------------------------------------
| rollout/                |              |
|    ep_len_mean          | 286          |
|    ep_rew_mean          | 142          |
| time/                   |              |
|    fps                  | 327          |
|    iterations           | 194          |
|    time_elapsed         | 4848         |
|    total_timesteps      | 1589248      |
| train/                  |              |
|    approx_kl            | 0.0064655147 |
|    clip_fraction        | 0.069        |
|    clip_range           | 0.2          |
|    entropy_loss         | -1.05        |
|    explained_variance   | 0.888        |
|    learning_rate        | 0.0003       |
|    loss                 | 0.0364       |
|    n_updates            | 965          |
|    policy_gradient_loss | -0.00399     |
|    value_loss           | 0.143        |
------------------------------------------
------------------------------------------
| rollout/                |              |
|    ep_len_mean          | 276          |
|    ep_rew_mean          | 138          |
| time/                   |              |
|    fps                  | 327          |
|    iterations           | 195          |
|    time_elapsed         | 4871         |
|    total_timesteps      | 1597440      |
| train/                  |              |
|    approx_kl            | 0.0054549547 |
|    clip_fraction        | 0.0559       |
|    clip_range           | 0.2          |
|    entropy_loss         | -0.725       |
|    explained_variance   | 0.726        |
|    learning_rate        | 0.0003       |
|    loss                 | 0.0563       |
|    n_updates            | 970          |
|    policy_gradient_loss | -0.00399     |
|    value_loss           | 0.195        |
------------------------------------------
------------------------------------------
| rollout/                |              |
|    ep_len_mean          | 213          |
|    ep_rew_mean          | 144          |
| time/                   |              |
|    fps                  | 328          |
|    iterations           | 196          |
|    time_elapsed         | 4894         |
|    total_timesteps      | 1605632      |
| train/                  |              |
|    approx_kl            | 0.0048606363 |
|    clip_fraction        | 0.0391       |
|    clip_range           | 0.2          |
|    entropy_loss         | -0.712       |
|    explained_variance   | 0.591        |
|    learning_rate        | 0.0003       |
|    loss                 | 0.0649       |
|    n_updates            | 975          |
|    policy_gradient_loss | -0.00375     |
|    value_loss           | 0.197        |
------------------------------------------
------------------------------------------
| rollout/                |              |
|    ep_len_mean          | 212          |
|    ep_rew_mean          | 140          |
| time/                   |              |
|    fps                  | 328          |
|    iterations           | 197          |
|    time_elapsed         | 4918         |
|    total_timesteps      | 1613824      |
| train/                  |              |
|    approx_kl            | 0.0047728843 |
|    clip_fraction        | 0.0415       |
|    clip_range           | 0.2          |
|    entropy_loss         | -0.702       |
|    explained_variance   | 0.528        |
|    learning_rate        | 0.0003       |
|    loss                 | 0.0934       |
|    n_updates            | 980          |
|    policy_gradient_loss | -0.00494     |
|    value_loss           | 0.252        |
------------------------------------------
-----------------------------------------
| rollout/                |             |
|    ep_len_mean          | 204         |
|    ep_rew_mean          | 147         |
| time/                   |             |
|    fps                  | 328         |
|    iterations           | 198         |
|    time_elapsed         | 4941        |
|    total_timesteps      | 1622016     |
| train/                  |             |
|    approx_kl            | 0.008366602 |
|    clip_fraction        | 0.0736      |
|    clip_range           | 0.2         |
|    entropy_loss         | -0.953      |
|    explained_variance   | 0.867       |
|    learning_rate        | 0.0003      |
|    loss                 | 0.0721      |
|    n_updates            | 985         |
|    policy_gradient_loss | -0.0033     |
|    value_loss           | 0.209       |
-----------------------------------------
-----------------------------------------
| rollout/                |             |
|    ep_len_mean          | 249         |
|    ep_rew_mean          | 147         |
| time/                   |             |
|    fps                  | 328         |
|    iterations           | 199         |
|    time_elapsed         | 4964        |
|    total_timesteps      | 1630208     |
| train/                  |             |
|    approx_kl            | 0.006227249 |
|    clip_fraction        | 0.051       |
|    clip_range           | 0.2         |
|    entropy_loss         | -0.919      |
|    explained_variance   | 0.926       |
|    learning_rate        | 0.0003      |
|    loss                 | 0.0381      |
|    n_updates            | 990         |
|    policy_gradient_loss | -0.00261    |
|    value_loss           | 0.156       |
-----------------------------------------
------------------------------------------
| rollout/                |              |
|    ep_len_mean          | 266          |
|    ep_rew_mean          | 148          |
| time/                   |              |
|    fps                  | 328          |
|    iterations           | 200          |
|    time_elapsed         | 4987         |
|    total_timesteps      | 1638400      |
| train/                  |              |
|    approx_kl            | 0.0050382605 |
|    clip_fraction        | 0.0461       |
|    clip_range           | 0.2          |
|    entropy_loss         | -0.768       |
|    explained_variance   | 0.776        |
|    learning_rate        | 0.0003       |
|    loss                 | 0.051        |
|    n_updates            | 995          |
|    policy_gradient_loss | -0.00421     |
|    value_loss           | 0.209        |
------------------------------------------
-----------------------------------------
| rollout/                |             |
|    ep_len_mean          | 292         |
|    ep_rew_mean          | 144         |
| time/                   |             |
|    fps                  | 328         |
|    iterations           | 201         |
|    time_elapsed         | 5011        |
|    total_timesteps      | 1646592     |
| train/                  |             |
|    approx_kl            | 0.006354891 |
|    clip_fraction        | 0.049       |
|    clip_range           | 0.2         |
|    entropy_loss         | -1.07       |
|    explained_variance   | 0.886       |
|    learning_rate        | 0.0003      |
|    loss                 | 0.057       |
|    n_updates            | 1000        |
|    policy_gradient_loss | -0.00356    |
|    value_loss           | 0.151       |
-----------------------------------------
-----------------------------------------
| rollout/                |             |
|    ep_len_mean          | 252         |
|    ep_rew_mean          | 147         |
| time/                   |             |
|    fps                  | 328         |
|    iterations           | 202         |
|    time_elapsed         | 5034        |
|    total_timesteps      | 1654784     |
| train/                  |             |
|    approx_kl            | 0.007289188 |
|    clip_fraction        | 0.0574      |
|    clip_range           | 0.2         |
|    entropy_loss         | -0.772      |
|    explained_variance   | 0.751       |
|    learning_rate        | 0.0003      |
|    loss                 | 0.0753      |
|    n_updates            | 1005        |
|    policy_gradient_loss | -0.00229    |
|    value_loss           | 0.214       |
-----------------------------------------
-----------------------------------------
| rollout/                |             |
|    ep_len_mean          | 280         |
|    ep_rew_mean          | 142         |
| time/                   |             |
|    fps                  | 328         |
|    iterations           | 203         |
|    time_elapsed         | 5058        |
|    total_timesteps      | 1662976     |
| train/                  |             |
|    approx_kl            | 0.007145291 |
|    clip_fraction        | 0.0693      |
|    clip_range           | 0.2         |
|    entropy_loss         | -0.98       |
|    explained_variance   | 0.893       |
|    learning_rate        | 0.0003      |
|    loss                 | 0.071       |
|    n_updates            | 1010        |
|    policy_gradient_loss | -0.0035     |
|    value_loss           | 0.163       |
-----------------------------------------
------------------------------------------
| rollout/                |              |
|    ep_len_mean          | 248          |
|    ep_rew_mean          | 150          |
| time/                   |              |
|    fps                  | 328          |
|    iterations           | 204          |
|    time_elapsed         | 5080         |
|    total_timesteps      | 1671168      |
| train/                  |              |
|    approx_kl            | 0.0058140308 |
|    clip_fraction        | 0.0463       |
|    clip_range           | 0.2          |
|    entropy_loss         | -0.92        |
|    explained_variance   | 0.867        |
|    learning_rate        | 0.0003       |
|    loss                 | 0.0727       |
|    n_updates            | 1015         |
|    policy_gradient_loss | -0.00429     |
|    value_loss           | 0.167        |
------------------------------------------
------------------------------------------
| rollout/                |              |
|    ep_len_mean          | 236          |
|    ep_rew_mean          | 138          |
| time/                   |              |
|    fps                  | 328          |
|    iterations           | 205          |
|    time_elapsed         | 5104         |
|    total_timesteps      | 1679360      |
| train/                  |              |
|    approx_kl            | 0.0044864938 |
|    clip_fraction        | 0.0446       |
|    clip_range           | 0.2          |
|    entropy_loss         | -0.681       |
|    explained_variance   | 0.627        |
|    learning_rate        | 0.0003       |
|    loss                 | 0.0686       |
|    n_updates            | 1020         |
|    policy_gradient_loss | -0.00333     |
|    value_loss           | 0.204        |
------------------------------------------
-----------------------------------------
| rollout/                |             |
|    ep_len_mean          | 217         |
|    ep_rew_mean          | 148         |
| time/                   |             |
|    fps                  | 329         |
|    iterations           | 206         |
|    time_elapsed         | 5127        |
|    total_timesteps      | 1687552     |
| train/                  |             |
|    approx_kl            | 0.005975825 |
|    clip_fraction        | 0.058       |
|    clip_range           | 0.2         |
|    entropy_loss         | -0.94       |
|    explained_variance   | 0.846       |
|    learning_rate        | 0.0003      |
|    loss                 | 0.0411      |
|    n_updates            | 1025        |
|    policy_gradient_loss | -0.00334    |
|    value_loss           | 0.171       |
-----------------------------------------
-----------------------------------------
| rollout/                |             |
|    ep_len_mean          | 225         |
|    ep_rew_mean          | 145         |
| time/                   |             |
|    fps                  | 329         |
|    iterations           | 207         |
|    time_elapsed         | 5150        |
|    total_timesteps      | 1695744     |
| train/                  |             |
|    approx_kl            | 0.005162197 |
|    clip_fraction        | 0.0555      |
|    clip_range           | 0.2         |
|    entropy_loss         | -0.78       |
|    explained_variance   | 0.686       |
|    learning_rate        | 0.0003      |
|    loss                 | 0.0686      |
|    n_updates            | 1030        |
|    policy_gradient_loss | -0.00387    |
|    value_loss           | 0.188       |
-----------------------------------------
------------------------------------------
| rollout/                |              |
|    ep_len_mean          | 243          |
|    ep_rew_mean          | 154          |
| time/                   |              |
|    fps                  | 329          |
|    iterations           | 208          |
|    time_elapsed         | 5174         |
|    total_timesteps      | 1703936      |
| train/                  |              |
|    approx_kl            | 0.0070854817 |
|    clip_fraction        | 0.074        |
|    clip_range           | 0.2          |
|    entropy_loss         | -1.02        |
|    explained_variance   | 0.848        |
|    learning_rate        | 0.0003       |
|    loss                 | 0.0751       |
|    n_updates            | 1035         |
|    policy_gradient_loss | -0.00433     |
|    value_loss           | 0.164        |
------------------------------------------
-----------------------------------------
| rollout/                |             |
|    ep_len_mean          | 275         |
|    ep_rew_mean          | 154         |
| time/                   |             |
|    fps                  | 329         |
|    iterations           | 209         |
|    time_elapsed         | 5198        |
|    total_timesteps      | 1712128     |
| train/                  |             |
|    approx_kl            | 0.007588689 |
|    clip_fraction        | 0.0526      |
|    clip_range           | 0.2         |
|    entropy_loss         | -0.9        |
|    explained_variance   | 0.892       |
|    learning_rate        | 0.0003      |
|    loss                 | 0.0529      |
|    n_updates            | 1040        |
|    policy_gradient_loss | -0.00352    |
|    value_loss           | 0.151       |
-----------------------------------------
------------------------------------------
| rollout/                |              |
|    ep_len_mean          | 275          |
|    ep_rew_mean          | 149          |
| time/                   |              |
|    fps                  | 329          |
|    iterations           | 210          |
|    time_elapsed         | 5221         |
|    total_timesteps      | 1720320      |
| train/                  |              |
|    approx_kl            | 0.0058809826 |
|    clip_fraction        | 0.0588       |
|    clip_range           | 0.2          |
|    entropy_loss         | -1.04        |
|    explained_variance   | 0.876        |
|    learning_rate        | 0.0003       |
|    loss                 | 0.045        |
|    n_updates            | 1045         |
|    policy_gradient_loss | -0.00468     |
|    value_loss           | 0.147        |
------------------------------------------
-----------------------------------------
| rollout/                |             |
|    ep_len_mean          | 242         |
|    ep_rew_mean          | 144         |
| time/                   |             |
|    fps                  | 329         |
|    iterations           | 211         |
|    time_elapsed         | 5245        |
|    total_timesteps      | 1728512     |
| train/                  |             |
|    approx_kl            | 0.004583587 |
|    clip_fraction        | 0.0448      |
|    clip_range           | 0.2         |
|    entropy_loss         | -0.852      |
|    explained_variance   | 0.847       |
|    learning_rate        | 0.0003      |
|    loss                 | 0.0786      |
|    n_updates            | 1050        |
|    policy_gradient_loss | -0.00203    |
|    value_loss           | 0.194       |
-----------------------------------------
-----------------------------------------
| rollout/                |             |
|    ep_len_mean          | 286         |
|    ep_rew_mean          | 143         |
| time/                   |             |
|    fps                  | 329         |
|    iterations           | 212         |
|    time_elapsed         | 5268        |
|    total_timesteps      | 1736704     |
| train/                  |             |
|    approx_kl            | 0.005268816 |
|    clip_fraction        | 0.0364      |
|    clip_range           | 0.2         |
|    entropy_loss         | -0.987      |
|    explained_variance   | 0.882       |
|    learning_rate        | 0.0003      |
|    loss                 | 0.0423      |
|    n_updates            | 1055        |
|    policy_gradient_loss | -0.00406    |
|    value_loss           | 0.183       |
-----------------------------------------
------------------------------------------
| rollout/                |              |
|    ep_len_mean          | 262          |
|    ep_rew_mean          | 151          |
| time/                   |              |
|    fps                  | 329          |
|    iterations           | 213          |
|    time_elapsed         | 5291         |
|    total_timesteps      | 1744896      |
| train/                  |              |
|    approx_kl            | 0.0054707536 |
|    clip_fraction        | 0.05         |
|    clip_range           | 0.2          |
|    entropy_loss         | -1.02        |
|    explained_variance   | 0.876        |
|    learning_rate        | 0.0003       |
|    loss                 | 0.0393       |
|    n_updates            | 1060         |
|    policy_gradient_loss | -0.00357     |
|    value_loss           | 0.142        |
------------------------------------------
-----------------------------------------
| rollout/                |             |
|    ep_len_mean          | 212         |
|    ep_rew_mean          | 154         |
| time/                   |             |
|    fps                  | 329         |
|    iterations           | 214         |
|    time_elapsed         | 5314        |
|    total_timesteps      | 1753088     |
| train/                  |             |
|    approx_kl            | 0.006915233 |
|    clip_fraction        | 0.0509      |
|    clip_range           | 0.2         |
|    entropy_loss         | -0.716      |
|    explained_variance   | 0.755       |
|    learning_rate        | 0.0003      |
|    loss                 | 0.0533      |
|    n_updates            | 1065        |
|    policy_gradient_loss | -0.00453    |
|    value_loss           | 0.166       |
-----------------------------------------
------------------------------------------
| rollout/                |              |
|    ep_len_mean          | 190          |
|    ep_rew_mean          | 161          |
| time/                   |              |
|    fps                  | 329          |
|    iterations           | 215          |
|    time_elapsed         | 5339         |
|    total_timesteps      | 1761280      |
| train/                  |              |
|    approx_kl            | 0.0047511044 |
|    clip_fraction        | 0.0412       |
|    clip_range           | 0.2          |
|    entropy_loss         | -0.746       |
|    explained_variance   | 0.786        |
|    learning_rate        | 0.0003       |
|    loss                 | 0.0732       |
|    n_updates            | 1070         |
|    policy_gradient_loss | -0.00347     |
|    value_loss           | 0.187        |
------------------------------------------
-----------------------------------------
| rollout/                |             |
|    ep_len_mean          | 223         |
|    ep_rew_mean          | 150         |
| time/                   |             |
|    fps                  | 329         |
|    iterations           | 216         |
|    time_elapsed         | 5362        |
|    total_timesteps      | 1769472     |
| train/                  |             |
|    approx_kl            | 0.006463379 |
|    clip_fraction        | 0.0654      |
|    clip_range           | 0.2         |
|    entropy_loss         | -1.03       |
|    explained_variance   | 0.914       |
|    learning_rate        | 0.0003      |
|    loss                 | 0.0288      |
|    n_updates            | 1075        |
|    policy_gradient_loss | -0.00353    |
|    value_loss           | 0.145       |
-----------------------------------------
-----------------------------------------
| rollout/                |             |
|    ep_len_mean          | 262         |
|    ep_rew_mean          | 140         |
| time/                   |             |
|    fps                  | 330         |
|    iterations           | 217         |
|    time_elapsed         | 5385        |
|    total_timesteps      | 1777664     |
| train/                  |             |
|    approx_kl            | 0.004685575 |
|    clip_fraction        | 0.0493      |
|    clip_range           | 0.2         |
|    entropy_loss         | -0.924      |
|    explained_variance   | 0.92        |
|    learning_rate        | 0.0003      |
|    loss                 | 0.0612      |
|    n_updates            | 1080        |
|    policy_gradient_loss | -0.00418    |
|    value_loss           | 0.181       |
-----------------------------------------
------------------------------------------
| rollout/                |              |
|    ep_len_mean          | 235          |
|    ep_rew_mean          | 143          |
| time/                   |              |
|    fps                  | 330          |
|    iterations           | 218          |
|    time_elapsed         | 5409         |
|    total_timesteps      | 1785856      |
| train/                  |              |
|    approx_kl            | 0.0058959024 |
|    clip_fraction        | 0.0475       |
|    clip_range           | 0.2          |
|    entropy_loss         | -0.869       |
|    explained_variance   | 0.901        |
|    learning_rate        | 0.0003       |
|    loss                 | 0.072        |
|    n_updates            | 1085         |
|    policy_gradient_loss | -0.00165     |
|    value_loss           | 0.191        |
------------------------------------------
----------------------------------------
| rollout/                |            |
|    ep_len_mean          | 235        |
|    ep_rew_mean          | 149        |
| time/                   |            |
|    fps                  | 330        |
|    iterations           | 219        |
|    time_elapsed         | 5432       |
|    total_timesteps      | 1794048    |
| train/                  |            |
|    approx_kl            | 0.00408745 |
|    clip_fraction        | 0.039      |
|    clip_range           | 0.2        |
|    entropy_loss         | -0.704     |
|    explained_variance   | 0.843      |
|    learning_rate        | 0.0003     |
|    loss                 | 0.104      |
|    n_updates            | 1090       |
|    policy_gradient_loss | -0.00387   |
|    value_loss           | 0.194      |
----------------------------------------
[Checkpoint] Saved at 1800000 steps > C:\Users\Admin\Desktop\disciple\realnewdisciples-main\Big_map\campaign_checkpoints\small-green-dragon-classic-3m-20260914-103034\campaign_ppo_step_1800000.zip
Eval num_timesteps=1800000, det_reward=199.49 +/- 1.89
Episode length: det=152.55 +/- 8.10
Victory rate: det=100.00%
-------------------------------------------------
| eval/                           |             |
|    deterministic_mean_ep_length | 153         |
|    deterministic_mean_reward    | 199         |
|    deterministic_victory_rate   | 1           |
|    mean_ep_length               | 153         |
|    mean_reward                  | 199         |
|    victory_rate                 | 1           |
| time/                           |             |
|    total_timesteps              | 1800000     |
| train/                          |             |
|    approx_kl                    | 0.006135676 |
|    clip_fraction                | 0.0574      |
|    clip_range                   | 0.2         |
|    entropy_loss                 | -0.881      |
|    explained_variance           | 0.909       |
|    learning_rate                | 0.0003      |
|    loss                         | 0.0645      |
|    n_updates                    | 1095        |
|    policy_gradient_loss         | -0.00257    |
|    value_loss                   | 0.185       |
-------------------------------------------------
New best model by deterministic victory rate!
---------------------------------
| rollout/           |          |
|    ep_len_mean     | 206      |
|    ep_rew_mean     | 162      |
| time/              |          |
|    fps             | 329      |
|    iterations      | 220      |
|    time_elapsed    | 5464     |
|    total_timesteps | 1802240  |
---------------------------------
------------------------------------------
| rollout/                |              |
|    ep_len_mean          | 206          |
|    ep_rew_mean          | 160          |
| time/                   |              |
|    fps                  | 329          |
|    iterations           | 221          |
|    time_elapsed         | 5487         |
|    total_timesteps      | 1810432      |
| train/                  |              |
|    approx_kl            | 0.0058964365 |
|    clip_fraction        | 0.0488       |
|    clip_range           | 0.2          |
|    entropy_loss         | -0.659       |
|    explained_variance   | 0.825        |
|    learning_rate        | 0.0003       |
|    loss                 | 0.0701       |
|    n_updates            | 1100         |
|    policy_gradient_loss | -0.00266     |
|    value_loss           | 0.193        |
------------------------------------------
-----------------------------------------
| rollout/                |             |
|    ep_len_mean          | 187         |
|    ep_rew_mean          | 159         |
| time/                   |             |
|    fps                  | 330         |
|    iterations           | 222         |
|    time_elapsed         | 5510        |
|    total_timesteps      | 1818624     |
| train/                  |             |
|    approx_kl            | 0.008447328 |
|    clip_fraction        | 0.0661      |
|    clip_range           | 0.2         |
|    entropy_loss         | -0.59       |
|    explained_variance   | 0.627       |
|    learning_rate        | 0.0003      |
|    loss                 | 0.0927      |
|    n_updates            | 1105        |
|    policy_gradient_loss | -0.00352    |
|    value_loss           | 0.212       |
-----------------------------------------
----------------------------------------
| rollout/                |            |
|    ep_len_mean          | 185        |
|    ep_rew_mean          | 160        |
| time/                   |            |
|    fps                  | 330        |
|    iterations           | 223        |
|    time_elapsed         | 5534       |
|    total_timesteps      | 1826816    |
| train/                  |            |
|    approx_kl            | 0.00556985 |
|    clip_fraction        | 0.0568     |
|    clip_range           | 0.2        |
|    entropy_loss         | -0.645     |
|    explained_variance   | 0.772      |
|    learning_rate        | 0.0003     |
|    loss                 | 0.0847     |
|    n_updates            | 1110       |
|    policy_gradient_loss | -0.00404   |
|    value_loss           | 0.203      |
----------------------------------------
------------------------------------------
| rollout/                |              |
|    ep_len_mean          | 179          |
|    ep_rew_mean          | 163          |
| time/                   |              |
|    fps                  | 330          |
|    iterations           | 224          |
|    time_elapsed         | 5558         |
|    total_timesteps      | 1835008      |
| train/                  |              |
|    approx_kl            | 0.0042842524 |
|    clip_fraction        | 0.0484       |
|    clip_range           | 0.2          |
|    entropy_loss         | -0.595       |
|    explained_variance   | 0.726        |
|    learning_rate        | 0.0003       |
|    loss                 | 0.0646       |
|    n_updates            | 1115         |
|    policy_gradient_loss | -0.00256     |
|    value_loss           | 0.224        |
------------------------------------------
------------------------------------------
| rollout/                |              |
|    ep_len_mean          | 177          |
|    ep_rew_mean          | 166          |
| time/                   |              |
|    fps                  | 330          |
|    iterations           | 225          |
|    time_elapsed         | 5582         |
|    total_timesteps      | 1843200      |
| train/                  |              |
|    approx_kl            | 0.0051309248 |
|    clip_fraction        | 0.0495       |
|    clip_range           | 0.2          |
|    entropy_loss         | -0.636       |
|    explained_variance   | 0.801        |
|    learning_rate        | 0.0003       |
|    loss                 | 0.0655       |
|    n_updates            | 1120         |
|    policy_gradient_loss | -0.00378     |
|    value_loss           | 0.182        |
------------------------------------------
-----------------------------------------
| rollout/                |             |
|    ep_len_mean          | 248         |
|    ep_rew_mean          | 159         |
| time/                   |             |
|    fps                  | 330         |
|    iterations           | 226         |
|    time_elapsed         | 5607        |
|    total_timesteps      | 1851392     |
| train/                  |             |
|    approx_kl            | 0.008079809 |
|    clip_fraction        | 0.0728      |
|    clip_range           | 0.2         |
|    entropy_loss         | -1.23       |
|    explained_variance   | 0.94        |
|    learning_rate        | 0.0003      |
|    loss                 | 0.038       |
|    n_updates            | 1125        |
|    policy_gradient_loss | -0.00369    |
|    value_loss           | 0.121       |
-----------------------------------------
-----------------------------------------
| rollout/                |             |
|    ep_len_mean          | 290         |
|    ep_rew_mean          | 156         |
| time/                   |             |
|    fps                  | 330         |
|    iterations           | 227         |
|    time_elapsed         | 5632        |
|    total_timesteps      | 1859584     |
| train/                  |             |
|    approx_kl            | 0.006886819 |
|    clip_fraction        | 0.0571      |
|    clip_range           | 0.2         |
|    entropy_loss         | -1.08       |
|    explained_variance   | 0.894       |
|    learning_rate        | 0.0003      |
|    loss                 | 0.0725      |
|    n_updates            | 1130        |
|    policy_gradient_loss | -0.00512    |
|    value_loss           | 0.191       |
-----------------------------------------
-----------------------------------------
| rollout/                |             |
|    ep_len_mean          | 307         |
|    ep_rew_mean          | 149         |
| time/                   |             |
|    fps                  | 330         |
|    iterations           | 228         |
|    time_elapsed         | 5656        |
|    total_timesteps      | 1867776     |
| train/                  |             |
|    approx_kl            | 0.005790404 |
|    clip_fraction        | 0.064       |
|    clip_range           | 0.2         |
|    entropy_loss         | -1.06       |
|    explained_variance   | 0.92        |
|    learning_rate        | 0.0003      |
|    loss                 | 0.0627      |
|    n_updates            | 1135        |
|    policy_gradient_loss | -0.00483    |
|    value_loss           | 0.146       |
-----------------------------------------
-----------------------------------------
| rollout/                |             |
|    ep_len_mean          | 292         |
|    ep_rew_mean          | 154         |
| time/                   |             |
|    fps                  | 330         |
|    iterations           | 229         |
|    time_elapsed         | 5680        |
|    total_timesteps      | 1875968     |
| train/                  |             |
|    approx_kl            | 0.006316848 |
|    clip_fraction        | 0.065       |
|    clip_range           | 0.2         |
|    entropy_loss         | -0.85       |
|    explained_variance   | 0.875       |
|    learning_rate        | 0.0003      |
|    loss                 | 0.0503      |
|    n_updates            | 1140        |
|    policy_gradient_loss | -0.00284    |
|    value_loss           | 0.159       |
-----------------------------------------
-----------------------------------------
| rollout/                |             |
|    ep_len_mean          | 250         |
|    ep_rew_mean          | 151         |
| time/                   |             |
|    fps                  | 330         |
|    iterations           | 230         |
|    time_elapsed         | 5704        |
|    total_timesteps      | 1884160     |
| train/                  |             |
|    approx_kl            | 0.007065491 |
|    clip_fraction        | 0.0512      |
|    clip_range           | 0.2         |
|    entropy_loss         | -0.999      |
|    explained_variance   | 0.923       |
|    learning_rate        | 0.0003      |
|    loss                 | 0.0376      |
|    n_updates            | 1145        |
|    policy_gradient_loss | -0.00476    |
|    value_loss           | 0.138       |
-----------------------------------------
-----------------------------------------
| rollout/                |             |
|    ep_len_mean          | 237         |
|    ep_rew_mean          | 156         |
| time/                   |             |
|    fps                  | 330         |
|    iterations           | 231         |
|    time_elapsed         | 5728        |
|    total_timesteps      | 1892352     |
| train/                  |             |
|    approx_kl            | 0.005372883 |
|    clip_fraction        | 0.0628      |
|    clip_range           | 0.2         |
|    entropy_loss         | -0.755      |
|    explained_variance   | 0.813       |
|    learning_rate        | 0.0003      |
|    loss                 | 0.11        |
|    n_updates            | 1150        |
|    policy_gradient_loss | -0.0066     |
|    value_loss           | 0.234       |
-----------------------------------------
------------------------------------------
| rollout/                |              |
|    ep_len_mean          | 190          |
|    ep_rew_mean          | 160          |
| time/                   |              |
|    fps                  | 330          |
|    iterations           | 232          |
|    time_elapsed         | 5751         |
|    total_timesteps      | 1900544      |
| train/                  |              |
|    approx_kl            | 0.0059860484 |
|    clip_fraction        | 0.05         |
|    clip_range           | 0.2          |
|    entropy_loss         | -0.779       |
|    explained_variance   | 0.872        |
|    learning_rate        | 0.0003       |
|    loss                 | 0.0839       |
|    n_updates            | 1155         |
|    policy_gradient_loss | -0.00387     |
|    value_loss           | 0.211        |
------------------------------------------
-----------------------------------------
| rollout/                |             |
|    ep_len_mean          | 199         |
|    ep_rew_mean          | 160         |
| time/                   |             |
|    fps                  | 330         |
|    iterations           | 233         |
|    time_elapsed         | 5775        |
|    total_timesteps      | 1908736     |
| train/                  |             |
|    approx_kl            | 0.007338923 |
|    clip_fraction        | 0.0471      |
|    clip_range           | 0.2         |
|    entropy_loss         | -0.615      |
|    explained_variance   | 0.646       |
|    learning_rate        | 0.0003      |
|    loss                 | 0.0974      |
|    n_updates            | 1160        |
|    policy_gradient_loss | -0.00109    |
|    value_loss           | 0.219       |
-----------------------------------------
------------------------------------------
| rollout/                |              |
|    ep_len_mean          | 196          |
|    ep_rew_mean          | 162          |
| time/                   |              |
|    fps                  | 330          |
|    iterations           | 234          |
|    time_elapsed         | 5799         |
|    total_timesteps      | 1916928      |
| train/                  |              |
|    approx_kl            | 0.0071607768 |
|    clip_fraction        | 0.0572       |
|    clip_range           | 0.2          |
|    entropy_loss         | -0.814       |
|    explained_variance   | 0.841        |
|    learning_rate        | 0.0003       |
|    loss                 | 0.0612       |
|    n_updates            | 1165         |
|    policy_gradient_loss | -0.00405     |
|    value_loss           | 0.181        |
------------------------------------------
-----------------------------------------
| rollout/                |             |
|    ep_len_mean          | 226         |
|    ep_rew_mean          | 169         |
| time/                   |             |
|    fps                  | 330         |
|    iterations           | 235         |
|    time_elapsed         | 5823        |
|    total_timesteps      | 1925120     |
| train/                  |             |
|    approx_kl            | 0.006734986 |
|    clip_fraction        | 0.0626      |
|    clip_range           | 0.2         |
|    entropy_loss         | -0.805      |
|    explained_variance   | 0.859       |
|    learning_rate        | 0.0003      |
|    loss                 | 0.0605      |
|    n_updates            | 1170        |
|    policy_gradient_loss | -0.00571    |
|    value_loss           | 0.203       |
-----------------------------------------
------------------------------------------
| rollout/                |              |
|    ep_len_mean          | 219          |
|    ep_rew_mean          | 167          |
| time/                   |              |
|    fps                  | 330          |
|    iterations           | 236          |
|    time_elapsed         | 5846         |
|    total_timesteps      | 1933312      |
| train/                  |              |
|    approx_kl            | 0.0068277325 |
|    clip_fraction        | 0.0686       |
|    clip_range           | 0.2          |
|    entropy_loss         | -0.758       |
|    explained_variance   | 0.864        |
|    learning_rate        | 0.0003       |
|    loss                 | 0.0518       |
|    n_updates            | 1175         |
|    policy_gradient_loss | -0.00381     |
|    value_loss           | 0.2          |
------------------------------------------
-----------------------------------------
| rollout/                |             |
|    ep_len_mean          | 219         |
|    ep_rew_mean          | 169         |
| time/                   |             |
|    fps                  | 330         |
|    iterations           | 237         |
|    time_elapsed         | 5870        |
|    total_timesteps      | 1941504     |
| train/                  |             |
|    approx_kl            | 0.008077912 |
|    clip_fraction        | 0.0615      |
|    clip_range           | 0.2         |
|    entropy_loss         | -0.705      |
|    explained_variance   | 0.727       |
|    learning_rate        | 0.0003      |
|    loss                 | 0.0677      |
|    n_updates            | 1180        |
|    policy_gradient_loss | -0.00302    |
|    value_loss           | 0.179       |
-----------------------------------------
------------------------------------------
| rollout/                |              |
|    ep_len_mean          | 182          |
|    ep_rew_mean          | 170          |
| time/                   |              |
|    fps                  | 330          |
|    iterations           | 238          |
|    time_elapsed         | 5893         |
|    total_timesteps      | 1949696      |
| train/                  |              |
|    approx_kl            | 0.0046331408 |
|    clip_fraction        | 0.0561       |
|    clip_range           | 0.2          |
|    entropy_loss         | -0.599       |
|    explained_variance   | 0.691        |
|    learning_rate        | 0.0003       |
|    loss                 | 0.0717       |
|    n_updates            | 1185         |
|    policy_gradient_loss | -0.00255     |
|    value_loss           | 0.188        |
------------------------------------------
-----------------------------------------
| rollout/                |             |
|    ep_len_mean          | 180         |
|    ep_rew_mean          | 179         |
| time/                   |             |
|    fps                  | 330         |
|    iterations           | 239         |
|    time_elapsed         | 5916        |
|    total_timesteps      | 1957888     |
| train/                  |             |
|    approx_kl            | 0.005918985 |
|    clip_fraction        | 0.0593      |
|    clip_range           | 0.2         |
|    entropy_loss         | -0.571      |
|    explained_variance   | 0.691       |
|    learning_rate        | 0.0003      |
|    loss                 | 0.0725      |
|    n_updates            | 1190        |
|    policy_gradient_loss | -0.00389    |
|    value_loss           | 0.173       |
-----------------------------------------
-----------------------------------------
| rollout/                |             |
|    ep_len_mean          | 188         |
|    ep_rew_mean          | 177         |
| time/                   |             |
|    fps                  | 330         |
|    iterations           | 240         |
|    time_elapsed         | 5940        |
|    total_timesteps      | 1966080     |
| train/                  |             |
|    approx_kl            | 0.006058689 |
|    clip_fraction        | 0.0486      |
|    clip_range           | 0.2         |
|    entropy_loss         | -0.562      |
|    explained_variance   | 0.637       |
|    learning_rate        | 0.0003      |
|    loss                 | 0.0397      |
|    n_updates            | 1195        |
|    policy_gradient_loss | -0.00226    |
|    value_loss           | 0.132       |
-----------------------------------------
------------------------------------------
| rollout/                |              |
|    ep_len_mean          | 208          |
|    ep_rew_mean          | 174          |
| time/                   |              |
|    fps                  | 331          |
|    iterations           | 241          |
|    time_elapsed         | 5964         |
|    total_timesteps      | 1974272      |
| train/                  |              |
|    approx_kl            | 0.0068536066 |
|    clip_fraction        | 0.0699       |
|    clip_range           | 0.2          |
|    entropy_loss         | -0.667       |
|    explained_variance   | 0.799        |
|    learning_rate        | 0.0003       |
|    loss                 | 0.0691       |
|    n_updates            | 1200         |
|    policy_gradient_loss | -0.00526     |
|    value_loss           | 0.153        |
------------------------------------------
------------------------------------------
| rollout/                |              |
|    ep_len_mean          | 209          |
|    ep_rew_mean          | 169          |
| time/                   |              |
|    fps                  | 331          |
|    iterations           | 242          |
|    time_elapsed         | 5988         |
|    total_timesteps      | 1982464      |
| train/                  |              |
|    approx_kl            | 0.0077421144 |
|    clip_fraction        | 0.0516       |
|    clip_range           | 0.2          |
|    entropy_loss         | -0.743       |
|    explained_variance   | 0.837        |
|    learning_rate        | 0.0003       |
|    loss                 | 0.0412       |
|    n_updates            | 1205         |
|    policy_gradient_loss | -0.00438     |
|    value_loss           | 0.163        |
------------------------------------------
------------------------------------------
| rollout/                |              |
|    ep_len_mean          | 191          |
|    ep_rew_mean          | 174          |
| time/                   |              |
|    fps                  | 331          |
|    iterations           | 243          |
|    time_elapsed         | 6012         |
|    total_timesteps      | 1990656      |
| train/                  |              |
|    approx_kl            | 0.0050601973 |
|    clip_fraction        | 0.0441       |
|    clip_range           | 0.2          |
|    entropy_loss         | -0.607       |
|    explained_variance   | 0.784        |
|    learning_rate        | 0.0003       |
|    loss                 | 0.0517       |
|    n_updates            | 1210         |
|    policy_gradient_loss | 0.000874     |
|    value_loss           | 0.156        |
------------------------------------------
-----------------------------------------
| rollout/                |             |
|    ep_len_mean          | 173         |
|    ep_rew_mean          | 177         |
| time/                   |             |
|    fps                  | 330         |
|    iterations           | 244         |
|    time_elapsed         | 6039        |
|    total_timesteps      | 1998848     |
| train/                  |             |
|    approx_kl            | 0.006959522 |
|    clip_fraction        | 0.0568      |
|    clip_range           | 0.2         |
|    entropy_loss         | -0.598      |
|    explained_variance   | 0.684       |
|    learning_rate        | 0.0003      |
|    loss                 | 0.0603      |
|    n_updates            | 1215        |
|    policy_gradient_loss | -0.00394    |
|    value_loss           | 0.157       |
-----------------------------------------
------------------------------------------
| rollout/                |              |
|    ep_len_mean          | 174          |
|    ep_rew_mean          | 183          |
| time/                   |              |
|    fps                  | 330          |
|    iterations           | 245          |
|    time_elapsed         | 6063         |
|    total_timesteps      | 2007040      |
| train/                  |              |
|    approx_kl            | 0.0040246155 |
|    clip_fraction        | 0.0426       |
|    clip_range           | 0.2          |
|    entropy_loss         | -0.539       |
|    explained_variance   | 0.555        |
|    learning_rate        | 0.0003       |
|    loss                 | 0.0846       |
|    n_updates            | 1220         |
|    policy_gradient_loss | -0.00241     |
|    value_loss           | 0.147        |
------------------------------------------
------------------------------------------
| rollout/                |              |
|    ep_len_mean          | 193          |
|    ep_rew_mean          | 177          |
| time/                   |              |
|    fps                  | 331          |
|    iterations           | 246          |
|    time_elapsed         | 6087         |
|    total_timesteps      | 2015232      |
| train/                  |              |
|    approx_kl            | 0.0053238906 |
|    clip_fraction        | 0.0542       |
|    clip_range           | 0.2          |
|    entropy_loss         | -0.582       |
|    explained_variance   | 0.831        |
|    learning_rate        | 0.0003       |
|    loss                 | 0.0152       |
|    n_updates            | 1225         |
|    policy_gradient_loss | -0.0053      |
|    value_loss           | 0.0887       |
------------------------------------------
------------------------------------------
| rollout/                |              |
|    ep_len_mean          | 188          |
|    ep_rew_mean          | 179          |
| time/                   |              |
|    fps                  | 331          |
|    iterations           | 247          |
|    time_elapsed         | 6112         |
|    total_timesteps      | 2023424      |
| train/                  |              |
|    approx_kl            | 0.0068481006 |
|    clip_fraction        | 0.0562       |
|    clip_range           | 0.2          |
|    entropy_loss         | -0.715       |
|    explained_variance   | 0.859        |
|    learning_rate        | 0.0003       |
|    loss                 | 0.0466       |
|    n_updates            | 1230         |
|    policy_gradient_loss | -0.00329     |
|    value_loss           | 0.15         |
------------------------------------------
------------------------------------------
| rollout/                |              |
|    ep_len_mean          | 179          |
|    ep_rew_mean          | 186          |
| time/                   |              |
|    fps                  | 331          |
|    iterations           | 248          |
|    time_elapsed         | 6136         |
|    total_timesteps      | 2031616      |
| train/                  |              |
|    approx_kl            | 0.0077851308 |
|    clip_fraction        | 0.0609       |
|    clip_range           | 0.2          |
|    entropy_loss         | -0.569       |
|    explained_variance   | 0.678        |
|    learning_rate        | 0.0003       |
|    loss                 | 0.037        |
|    n_updates            | 1235         |
|    policy_gradient_loss | -0.00268     |
|    value_loss           | 0.124        |
------------------------------------------
------------------------------------------
| rollout/                |              |
|    ep_len_mean          | 182          |
|    ep_rew_mean          | 182          |
| time/                   |              |
|    fps                  | 331          |
|    iterations           | 249          |
|    time_elapsed         | 6160         |
|    total_timesteps      | 2039808      |
| train/                  |              |
|    approx_kl            | 0.0053199194 |
|    clip_fraction        | 0.038        |
|    clip_range           | 0.2          |
|    entropy_loss         | -0.548       |
|    explained_variance   | 0.856        |
|    learning_rate        | 0.0003       |
|    loss                 | 0.0237       |
|    n_updates            | 1240         |
|    policy_gradient_loss | -0.00263     |
|    value_loss           | 0.104        |
------------------------------------------
-----------------------------------------
| rollout/                |             |
|    ep_len_mean          | 178         |
|    ep_rew_mean          | 181         |
| time/                   |             |
|    fps                  | 331         |
|    iterations           | 250         |
|    time_elapsed         | 6184        |
|    total_timesteps      | 2048000     |
| train/                  |             |
|    approx_kl            | 0.009061344 |
|    clip_fraction        | 0.0737      |
|    clip_range           | 0.2         |
|    entropy_loss         | -0.612      |
|    explained_variance   | 0.84        |
|    learning_rate        | 0.0003      |
|    loss                 | 0.0597      |
|    n_updates            | 1245        |
|    policy_gradient_loss | -0.00201    |
|    value_loss           | 0.117       |
-----------------------------------------
------------------------------------------
| rollout/                |              |
|    ep_len_mean          | 171          |
|    ep_rew_mean          | 181          |
| time/                   |              |
|    fps                  | 331          |
|    iterations           | 251          |
|    time_elapsed         | 6209         |
|    total_timesteps      | 2056192      |
| train/                  |              |
|    approx_kl            | 0.0068567535 |
|    clip_fraction        | 0.0524       |
|    clip_range           | 0.2          |
|    entropy_loss         | -0.509       |
|    explained_variance   | 0.668        |
|    learning_rate        | 0.0003       |
|    loss                 | 0.0354       |
|    n_updates            | 1250         |
|    policy_gradient_loss | -0.00193     |
|    value_loss           | 0.114        |
------------------------------------------
-----------------------------------------
| rollout/                |             |
|    ep_len_mean          | 168         |
|    ep_rew_mean          | 188         |
| time/                   |             |
|    fps                  | 330         |
|    iterations           | 252         |
|    time_elapsed         | 6237        |
|    total_timesteps      | 2064384     |
| train/                  |             |
|    approx_kl            | 0.005087289 |
|    clip_fraction        | 0.053       |
|    clip_range           | 0.2         |
|    entropy_loss         | -0.554      |
|    explained_variance   | 0.825       |
|    learning_rate        | 0.0003      |
|    loss                 | 0.0343      |
|    n_updates            | 1255        |
|    policy_gradient_loss | -0.00376    |
|    value_loss           | 0.103       |
-----------------------------------------
----------------------------------------
| rollout/                |            |
|    ep_len_mean          | 171        |
|    ep_rew_mean          | 190        |
| time/                   |            |
|    fps                  | 330        |
|    iterations           | 253        |
|    time_elapsed         | 6262       |
|    total_timesteps      | 2072576    |
| train/                  |            |
|    approx_kl            | 0.00437015 |
|    clip_fraction        | 0.0442     |
|    clip_range           | 0.2        |
|    entropy_loss         | -0.492     |
|    explained_variance   | 0.748      |
|    learning_rate        | 0.0003     |
|    loss                 | 0.0162     |
|    n_updates            | 1260       |
|    policy_gradient_loss | -0.00235   |
|    value_loss           | 0.0549     |
----------------------------------------
------------------------------------------
| rollout/                |              |
|    ep_len_mean          | 176          |
|    ep_rew_mean          | 182          |
| time/                   |              |
|    fps                  | 330          |
|    iterations           | 254          |
|    time_elapsed         | 6287         |
|    total_timesteps      | 2080768      |
| train/                  |              |
|    approx_kl            | 0.0054866485 |
|    clip_fraction        | 0.0413       |
|    clip_range           | 0.2          |
|    entropy_loss         | -0.521       |
|    explained_variance   | 0.82         |
|    learning_rate        | 0.0003       |
|    loss                 | 0.0359       |
|    n_updates            | 1265         |
|    policy_gradient_loss | -0.00272     |
|    value_loss           | 0.0908       |
------------------------------------------
---------------------------------------
| rollout/                |           |
|    ep_len_mean          | 195       |
|    ep_rew_mean          | 174       |
| time/                   |           |
|    fps                  | 330       |
|    iterations           | 255       |
|    time_elapsed         | 6312      |
|    total_timesteps      | 2088960   |
| train/                  |           |
|    approx_kl            | 0.0047618 |
|    clip_fraction        | 0.0448    |
|    clip_range           | 0.2       |
|    entropy_loss         | -0.608    |
|    explained_variance   | 0.889     |
|    learning_rate        | 0.0003    |
|    loss                 | 0.0425    |
|    n_updates            | 1270      |
|    policy_gradient_loss | -0.000322 |
|    value_loss           | 0.122     |
---------------------------------------
------------------------------------------
| rollout/                |              |
|    ep_len_mean          | 226          |
|    ep_rew_mean          | 175          |
| time/                   |              |
|    fps                  | 330          |
|    iterations           | 256          |
|    time_elapsed         | 6338         |
|    total_timesteps      | 2097152      |
| train/                  |              |
|    approx_kl            | 0.0077644107 |
|    clip_fraction        | 0.0612       |
|    clip_range           | 0.2          |
|    entropy_loss         | -0.667       |
|    explained_variance   | 0.83         |
|    learning_rate        | 0.0003       |
|    loss                 | 0.0666       |
|    n_updates            | 1275         |
|    policy_gradient_loss | -0.00224     |
|    value_loss           | 0.195        |
------------------------------------------
[Checkpoint] Saved at 2100000 steps > C:\Users\Admin\Desktop\disciple\realnewdisciples-main\Big_map\campaign_checkpoints\small-green-dragon-classic-3m-20260914-103034\campaign_ppo_step_2100000.zip
Eval num_timesteps=2100000, det_reward=197.74 +/- 9.22
Episode length: det=154.70 +/- 7.81
Victory rate: det=100.00%
--------------------------------------------------
| eval/                           |              |
|    deterministic_mean_ep_length | 155          |
|    deterministic_mean_reward    | 198          |
|    deterministic_victory_rate   | 1            |
|    mean_ep_length               | 155          |
|    mean_reward                  | 198          |
|    victory_rate                 | 1            |
| time/                           |              |
|    total_timesteps              | 2100000      |
| train/                          |              |
|    approx_kl                    | 0.0072071496 |
|    clip_fraction                | 0.0859       |
|    clip_range                   | 0.2          |
|    entropy_loss                 | -1.1         |
|    explained_variance           | 0.948        |
|    learning_rate                | 0.0003       |
|    loss                         | 0.0187       |
|    n_updates                    | 1280         |
|    policy_gradient_loss         | -0.00461     |
|    value_loss                   | 0.0802       |
--------------------------------------------------
---------------------------------
| rollout/           |          |
|    ep_len_mean     | 229      |
|    ep_rew_mean     | 183      |
| time/              |          |
|    fps             | 330      |
|    iterations      | 257      |
|    time_elapsed    | 6372     |
|    total_timesteps | 2105344  |
---------------------------------
-----------------------------------------
| rollout/                |             |
|    ep_len_mean          | 256         |
|    ep_rew_mean          | 189         |
| time/                   |             |
|    fps                  | 330         |
|    iterations           | 258         |
|    time_elapsed         | 6396        |
|    total_timesteps      | 2113536     |
| train/                  |             |
|    approx_kl            | 0.006106866 |
|    clip_fraction        | 0.0628      |
|    clip_range           | 0.2         |
|    entropy_loss         | -0.756      |
|    explained_variance   | 0.966       |
|    learning_rate        | 0.0003      |
|    loss                 | 0.00991     |
|    n_updates            | 1285        |
|    policy_gradient_loss | -0.00579    |
|    value_loss           | 0.0573      |
-----------------------------------------
-----------------------------------------
| rollout/                |             |
|    ep_len_mean          | 225         |
|    ep_rew_mean          | 188         |
| time/                   |             |
|    fps                  | 330         |
|    iterations           | 259         |
|    time_elapsed         | 6421        |
|    total_timesteps      | 2121728     |
| train/                  |             |
|    approx_kl            | 0.005422552 |
|    clip_fraction        | 0.0558      |
|    clip_range           | 0.2         |
|    entropy_loss         | -0.648      |
|    explained_variance   | 0.96        |
|    learning_rate        | 0.0003      |
|    loss                 | 0.00636     |
|    n_updates            | 1290        |
|    policy_gradient_loss | -0.00473    |
|    value_loss           | 0.06        |
-----------------------------------------
-----------------------------------------
| rollout/                |             |
|    ep_len_mean          | 182         |
|    ep_rew_mean          | 184         |
| time/                   |             |
|    fps                  | 330         |
|    iterations           | 260         |
|    time_elapsed         | 6446        |
|    total_timesteps      | 2129920     |
| train/                  |             |
|    approx_kl            | 0.006811915 |
|    clip_fraction        | 0.0466      |
|    clip_range           | 0.2         |
|    entropy_loss         | -0.514      |
|    explained_variance   | 0.858       |
|    learning_rate        | 0.0003      |
|    loss                 | 0.00865     |
|    n_updates            | 1295        |
|    policy_gradient_loss | -0.00515    |
|    value_loss           | 0.07        |
-----------------------------------------
------------------------------------------
| rollout/                |              |
|    ep_len_mean          | 172          |
|    ep_rew_mean          | 189          |
| time/                   |              |
|    fps                  | 330          |
|    iterations           | 261          |
|    time_elapsed         | 6470         |
|    total_timesteps      | 2138112      |
| train/                  |              |
|    approx_kl            | 0.0068461467 |
|    clip_fraction        | 0.0619       |
|    clip_range           | 0.2          |
|    entropy_loss         | -0.65        |
|    explained_variance   | 0.878        |
|    learning_rate        | 0.0003       |
|    loss                 | 0.0135       |
|    n_updates            | 1300         |
|    policy_gradient_loss | -0.00433     |
|    value_loss           | 0.0982       |
------------------------------------------
-----------------------------------------
| rollout/                |             |
|    ep_len_mean          | 162         |
|    ep_rew_mean          | 196         |
| time/                   |             |
|    fps                  | 330         |
|    iterations           | 262         |
|    time_elapsed         | 6495        |
|    total_timesteps      | 2146304     |
| train/                  |             |
|    approx_kl            | 0.005200636 |
|    clip_fraction        | 0.0541      |
|    clip_range           | 0.2         |
|    entropy_loss         | -0.49       |
|    explained_variance   | 0.605       |
|    learning_rate        | 0.0003      |
|    loss                 | -0.00207    |
|    n_updates            | 1305        |
|    policy_gradient_loss | -0.00293    |
|    value_loss           | 0.0312      |
-----------------------------------------
------------------------------------------
| rollout/                |              |
|    ep_len_mean          | 160          |
|    ep_rew_mean          | 192          |
| time/                   |              |
|    fps                  | 330          |
|    iterations           | 263          |
|    time_elapsed         | 6520         |
|    total_timesteps      | 2154496      |
| train/                  |              |
|    approx_kl            | 0.0069630854 |
|    clip_fraction        | 0.0657       |
|    clip_range           | 0.2          |
|    entropy_loss         | -0.519       |
|    explained_variance   | 0.885        |
|    learning_rate        | 0.0003       |
|    loss                 | -0.00392     |
|    n_updates            | 1310         |
|    policy_gradient_loss | -0.00681     |
|    value_loss           | 0.0204       |
------------------------------------------
-----------------------------------------
| rollout/                |             |
|    ep_len_mean          | 166         |
|    ep_rew_mean          | 188         |
| time/                   |             |
|    fps                  | 330         |
|    iterations           | 264         |
|    time_elapsed         | 6545        |
|    total_timesteps      | 2162688     |
| train/                  |             |
|    approx_kl            | 0.018069115 |
|    clip_fraction        | 0.0666      |
|    clip_range           | 0.2         |
|    entropy_loss         | -0.724      |
|    explained_variance   | 0.969       |
|    learning_rate        | 0.0003      |
|    loss                 | 0.0354      |
|    n_updates            | 1315        |
|    policy_gradient_loss | -0.00353    |
|    value_loss           | 0.0668      |
-----------------------------------------
----------------------------------------
| rollout/                |            |
|    ep_len_mean          | 215        |
|    ep_rew_mean          | 178        |
| time/                   |            |
|    fps                  | 330        |
|    iterations           | 265        |
|    time_elapsed         | 6569       |
|    total_timesteps      | 2170880    |
| train/                  |            |
|    approx_kl            | 0.00629852 |
|    clip_fraction        | 0.0593     |
|    clip_range           | 0.2        |
|    entropy_loss         | -0.817     |
|    explained_variance   | 0.972      |
|    learning_rate        | 0.0003     |
|    loss                 | 0.0129     |
|    n_updates            | 1320       |
|    policy_gradient_loss | -0.00673   |
|    value_loss           | 0.0559     |
----------------------------------------
------------------------------------------
| rollout/                |              |
|    ep_len_mean          | 211          |
|    ep_rew_mean          | 181          |
| time/                   |              |
|    fps                  | 330          |
|    iterations           | 266          |
|    time_elapsed         | 6594         |
|    total_timesteps      | 2179072      |
| train/                  |              |
|    approx_kl            | 0.0061223228 |
|    clip_fraction        | 0.0479       |
|    clip_range           | 0.2          |
|    entropy_loss         | -0.624       |
|    explained_variance   | 0.951        |
|    learning_rate        | 0.0003       |
|    loss                 | 0.0291       |
|    n_updates            | 1325         |
|    policy_gradient_loss | -0.00154     |
|    value_loss           | 0.0776       |
------------------------------------------
------------------------------------------
| rollout/                |              |
|    ep_len_mean          | 161          |
|    ep_rew_mean          | 191          |
| time/                   |              |
|    fps                  | 330          |
|    iterations           | 267          |
|    time_elapsed         | 6619         |
|    total_timesteps      | 2187264      |
| train/                  |              |
|    approx_kl            | 0.0054453043 |
|    clip_fraction        | 0.0384       |
|    clip_range           | 0.2          |
|    entropy_loss         | -0.474       |
|    explained_variance   | 0.791        |
|    learning_rate        | 0.0003       |
|    loss                 | 0.0025       |
|    n_updates            | 1330         |
|    policy_gradient_loss | -0.00344     |
|    value_loss           | 0.0224       |
------------------------------------------
------------------------------------------
| rollout/                |              |
|    ep_len_mean          | 160          |
|    ep_rew_mean          | 189          |
| time/                   |              |
|    fps                  | 330          |
|    iterations           | 268          |
|    time_elapsed         | 6644         |
|    total_timesteps      | 2195456      |
| train/                  |              |
|    approx_kl            | 0.0066655893 |
|    clip_fraction        | 0.055        |
|    clip_range           | 0.2          |
|    entropy_loss         | -0.523       |
|    explained_variance   | 0.757        |
|    learning_rate        | 0.0003       |
|    loss                 | 0.0256       |
|    n_updates            | 1335         |
|    policy_gradient_loss | -0.00363     |
|    value_loss           | 0.0816       |
------------------------------------------
----------------------------------------
| rollout/                |            |
|    ep_len_mean          | 194        |
|    ep_rew_mean          | 189        |
| time/                   |            |
|    fps                  | 330        |
|    iterations           | 269        |
|    time_elapsed         | 6669       |
|    total_timesteps      | 2203648    |
| train/                  |            |
|    approx_kl            | 0.00723703 |
|    clip_fraction        | 0.0431     |
|    clip_range           | 0.2        |
|    entropy_loss         | -0.807     |
|    explained_variance   | 0.969      |
|    learning_rate        | 0.0003     |
|    loss                 | -0.0029    |
|    n_updates            | 1340       |
|    policy_gradient_loss | -0.00352   |
|    value_loss           | 0.0535     |
----------------------------------------
-----------------------------------------
| rollout/                |             |
|    ep_len_mean          | 209         |
|    ep_rew_mean          | 187         |
| time/                   |             |
|    fps                  | 330         |
|    iterations           | 270         |
|    time_elapsed         | 6693        |
|    total_timesteps      | 2211840     |
| train/                  |             |
|    approx_kl            | 0.006932327 |
|    clip_fraction        | 0.0579      |
|    clip_range           | 0.2         |
|    entropy_loss         | -0.632      |
|    explained_variance   | 0.922       |
|    learning_rate        | 0.0003      |
|    loss                 | 0.00843     |
|    n_updates            | 1345        |
|    policy_gradient_loss | -0.00528    |
|    value_loss           | 0.0693      |
-----------------------------------------
-----------------------------------------
| rollout/                |             |
|    ep_len_mean          | 174         |
|    ep_rew_mean          | 181         |
| time/                   |             |
|    fps                  | 330         |
|    iterations           | 271         |
|    time_elapsed         | 6718        |
|    total_timesteps      | 2220032     |
| train/                  |             |
|    approx_kl            | 0.007103947 |
|    clip_fraction        | 0.0599      |
|    clip_range           | 0.2         |
|    entropy_loss         | -0.673      |
|    explained_variance   | 0.961       |
|    learning_rate        | 0.0003      |
|    loss                 | 0.0243      |
|    n_updates            | 1350        |
|    policy_gradient_loss | -0.00271    |
|    value_loss           | 0.0601      |
-----------------------------------------
------------------------------------------
| rollout/                |              |
|    ep_len_mean          | 173          |
|    ep_rew_mean          | 182          |
| time/                   |              |
|    fps                  | 330          |
|    iterations           | 272          |
|    time_elapsed         | 6745         |
|    total_timesteps      | 2228224      |
| train/                  |              |
|    approx_kl            | 0.0068745925 |
|    clip_fraction        | 0.06         |
|    clip_range           | 0.2          |
|    entropy_loss         | -0.721       |
|    explained_variance   | 0.926        |
|    learning_rate        | 0.0003       |
|    loss                 | 0.0714       |
|    n_updates            | 1355         |
|    policy_gradient_loss | -0.00535     |
|    value_loss           | 0.14         |
------------------------------------------
------------------------------------------
| rollout/                |              |
|    ep_len_mean          | 200          |
|    ep_rew_mean          | 180          |
| time/                   |              |
|    fps                  | 330          |
|    iterations           | 273          |
|    time_elapsed         | 6769         |
|    total_timesteps      | 2236416      |
| train/                  |              |
|    approx_kl            | 0.0062483135 |
|    clip_fraction        | 0.0479       |
|    clip_range           | 0.2          |
|    entropy_loss         | -1.01        |
|    explained_variance   | 0.975        |
|    learning_rate        | 0.0003       |
|    loss                 | 0.0223       |
|    n_updates            | 1360         |
|    policy_gradient_loss | -0.00352     |
|    value_loss           | 0.0571       |
------------------------------------------
-----------------------------------------
| rollout/                |             |
|    ep_len_mean          | 242         |
|    ep_rew_mean          | 184         |
| time/                   |             |
|    fps                  | 330         |
|    iterations           | 274         |
|    time_elapsed         | 6794        |
|    total_timesteps      | 2244608     |
| train/                  |             |
|    approx_kl            | 0.008661282 |
|    clip_fraction        | 0.0656      |
|    clip_range           | 0.2         |
|    entropy_loss         | -0.792      |
|    explained_variance   | 0.974       |
|    learning_rate        | 0.0003      |
|    loss                 | 0.00048     |
|    n_updates            | 1365        |
|    policy_gradient_loss | -0.00266    |
|    value_loss           | 0.0448      |
-----------------------------------------
------------------------------------------
| rollout/                |              |
|    ep_len_mean          | 157          |
|    ep_rew_mean          | 193          |
| time/                   |              |
|    fps                  | 330          |
|    iterations           | 275          |
|    time_elapsed         | 6818         |
|    total_timesteps      | 2252800      |
| train/                  |              |
|    approx_kl            | 0.0066769803 |
|    clip_fraction        | 0.0396       |
|    clip_range           | 0.2          |
|    entropy_loss         | -0.494       |
|    explained_variance   | 0.828        |
|    learning_rate        | 0.0003       |
|    loss                 | -0.00173     |
|    n_updates            | 1370         |
|    policy_gradient_loss | -0.00581     |
|    value_loss           | 0.0551       |
------------------------------------------
------------------------------------------
| rollout/                |              |
|    ep_len_mean          | 156          |
|    ep_rew_mean          | 192          |
| time/                   |              |
|    fps                  | 330          |
|    iterations           | 276          |
|    time_elapsed         | 6843         |
|    total_timesteps      | 2260992      |
| train/                  |              |
|    approx_kl            | 0.0042331847 |
|    clip_fraction        | 0.0345       |
|    clip_range           | 0.2          |
|    entropy_loss         | -0.463       |
|    explained_variance   | 0.726        |
|    learning_rate        | 0.0003       |
|    loss                 | 0.00554      |
|    n_updates            | 1375         |
|    policy_gradient_loss | -0.000235    |
|    value_loss           | 0.0372       |
------------------------------------------
-----------------------------------------
| rollout/                |             |
|    ep_len_mean          | 157         |
|    ep_rew_mean          | 191         |
| time/                   |             |
|    fps                  | 330         |
|    iterations           | 277         |
|    time_elapsed         | 6867        |
|    total_timesteps      | 2269184     |
| train/                  |             |
|    approx_kl            | 0.005230647 |
|    clip_fraction        | 0.0386      |
|    clip_range           | 0.2         |
|    entropy_loss         | -0.454      |
|    explained_variance   | 0.647       |
|    learning_rate        | 0.0003      |
|    loss                 | 0.0374      |
|    n_updates            | 1380        |
|    policy_gradient_loss | -0.00268    |
|    value_loss           | 0.0802      |
-----------------------------------------
------------------------------------------
| rollout/                |              |
|    ep_len_mean          | 158          |
|    ep_rew_mean          | 193          |
| time/                   |              |
|    fps                  | 330          |
|    iterations           | 278          |
|    time_elapsed         | 6891         |
|    total_timesteps      | 2277376      |
| train/                  |              |
|    approx_kl            | 0.0041889586 |
|    clip_fraction        | 0.0446       |
|    clip_range           | 0.2          |
|    entropy_loss         | -0.447       |
|    explained_variance   | 0.65         |
|    learning_rate        | 0.0003       |
|    loss                 | 0.00595      |
|    n_updates            | 1385         |
|    policy_gradient_loss | -0.00215     |
|    value_loss           | 0.0616       |
------------------------------------------
-----------------------------------------
| rollout/                |             |
|    ep_len_mean          | 158         |
|    ep_rew_mean          | 194         |
| time/                   |             |
|    fps                  | 330         |
|    iterations           | 279         |
|    time_elapsed         | 6915        |
|    total_timesteps      | 2285568     |
| train/                  |             |
|    approx_kl            | 0.006935947 |
|    clip_fraction        | 0.056       |
|    clip_range           | 0.2         |
|    entropy_loss         | -0.465      |
|    explained_variance   | 0.752       |
|    learning_rate        | 0.0003      |
|    loss                 | 0.00357     |
|    n_updates            | 1390        |
|    policy_gradient_loss | -0.00233    |
|    value_loss           | 0.0482      |
-----------------------------------------
-----------------------------------------
| rollout/                |             |
|    ep_len_mean          | 162         |
|    ep_rew_mean          | 196         |
| time/                   |             |
|    fps                  | 330         |
|    iterations           | 280         |
|    time_elapsed         | 6940        |
|    total_timesteps      | 2293760     |
| train/                  |             |
|    approx_kl            | 0.004878048 |
|    clip_fraction        | 0.0492      |
|    clip_range           | 0.2         |
|    entropy_loss         | -0.458      |
|    explained_variance   | 0.742       |
|    learning_rate        | 0.0003      |
|    loss                 | 0.00268     |
|    n_updates            | 1395        |
|    policy_gradient_loss | -0.00277    |
|    value_loss           | 0.0325      |
-----------------------------------------
------------------------------------------
| rollout/                |              |
|    ep_len_mean          | 161          |
|    ep_rew_mean          | 195          |
| time/                   |              |
|    fps                  | 330          |
|    iterations           | 281          |
|    time_elapsed         | 6964         |
|    total_timesteps      | 2301952      |
| train/                  |              |
|    approx_kl            | 0.0046014283 |
|    clip_fraction        | 0.0494       |
|    clip_range           | 0.2          |
|    entropy_loss         | -0.451       |
|    explained_variance   | 0.816        |
|    learning_rate        | 0.0003       |
|    loss                 | -0.00611     |
|    n_updates            | 1400         |
|    policy_gradient_loss | -0.0026      |
|    value_loss           | 0.0273       |
------------------------------------------
-----------------------------------------
| rollout/                |             |
|    ep_len_mean          | 173         |
|    ep_rew_mean          | 193         |
| time/                   |             |
|    fps                  | 330         |
|    iterations           | 282         |
|    time_elapsed         | 6989        |
|    total_timesteps      | 2310144     |
| train/                  |             |
|    approx_kl            | 0.005679914 |
|    clip_fraction        | 0.0522      |
|    clip_range           | 0.2         |
|    entropy_loss         | -0.456      |
|    explained_variance   | 0.783       |
|    learning_rate        | 0.0003      |
|    loss                 | 0.00758     |
|    n_updates            | 1405        |
|    policy_gradient_loss | -0.00434    |
|    value_loss           | 0.0325      |
-----------------------------------------
-----------------------------------------
| rollout/                |             |
|    ep_len_mean          | 209         |
|    ep_rew_mean          | 194         |
| time/                   |             |
|    fps                  | 330         |
|    iterations           | 283         |
|    time_elapsed         | 7014        |
|    total_timesteps      | 2318336     |
| train/                  |             |
|    approx_kl            | 0.008544383 |
|    clip_fraction        | 0.0722      |
|    clip_range           | 0.2         |
|    entropy_loss         | -1.04       |
|    explained_variance   | 0.977       |
|    learning_rate        | 0.0003      |
|    loss                 | 0.000595    |
|    n_updates            | 1410        |
|    policy_gradient_loss | -0.00749    |
|    value_loss           | 0.0285      |
-----------------------------------------
-----------------------------------------
| rollout/                |             |
|    ep_len_mean          | 237         |
|    ep_rew_mean          | 193         |
| time/                   |             |
|    fps                  | 330         |
|    iterations           | 284         |
|    time_elapsed         | 7039        |
|    total_timesteps      | 2326528     |
| train/                  |             |
|    approx_kl            | 0.007816721 |
|    clip_fraction        | 0.0721      |
|    clip_range           | 0.2         |
|    entropy_loss         | -0.782      |
|    explained_variance   | 0.973       |
|    learning_rate        | 0.0003      |
|    loss                 | 0.00383     |
|    n_updates            | 1415        |
|    policy_gradient_loss | -0.00501    |
|    value_loss           | 0.0372      |
-----------------------------------------
-----------------------------------------
| rollout/                |             |
|    ep_len_mean          | 196         |
|    ep_rew_mean          | 195         |
| time/                   |             |
|    fps                  | 330         |
|    iterations           | 285         |
|    time_elapsed         | 7063        |
|    total_timesteps      | 2334720     |
| train/                  |             |
|    approx_kl            | 0.026446905 |
|    clip_fraction        | 0.075       |
|    clip_range           | 0.2         |
|    entropy_loss         | -0.752      |
|    explained_variance   | 0.977       |
|    learning_rate        | 0.0003      |
|    loss                 | 0.7         |
|    n_updates            | 1420        |
|    policy_gradient_loss | 0.0077      |
|    value_loss           | 0.0382      |
-----------------------------------------
-----------------------------------------
| rollout/                |             |
|    ep_len_mean          | 168         |
|    ep_rew_mean          | 196         |
| time/                   |             |
|    fps                  | 330         |
|    iterations           | 286         |
|    time_elapsed         | 7087        |
|    total_timesteps      | 2342912     |
| train/                  |             |
|    approx_kl            | 0.005983411 |
|    clip_fraction        | 0.0469      |
|    clip_range           | 0.2         |
|    entropy_loss         | -0.606      |
|    explained_variance   | 0.971       |
|    learning_rate        | 0.0003      |
|    loss                 | -0.00614    |
|    n_updates            | 1425        |
|    policy_gradient_loss | -0.00321    |
|    value_loss           | 0.0284      |
-----------------------------------------
------------------------------------------
| rollout/                |              |
|    ep_len_mean          | 158          |
|    ep_rew_mean          | 192          |
| time/                   |              |
|    fps                  | 330          |
|    iterations           | 287          |
|    time_elapsed         | 7111         |
|    total_timesteps      | 2351104      |
| train/                  |              |
|    approx_kl            | 0.0072612306 |
|    clip_fraction        | 0.0468       |
|    clip_range           | 0.2          |
|    entropy_loss         | -0.465       |
|    explained_variance   | 0.849        |
|    learning_rate        | 0.0003       |
|    loss                 | 0.00703      |
|    n_updates            | 1430         |
|    policy_gradient_loss | 0.00208      |
|    value_loss           | 0.0409       |
------------------------------------------
------------------------------------------
| rollout/                |              |
|    ep_len_mean          | 170          |
|    ep_rew_mean          | 192          |
| time/                   |              |
|    fps                  | 330          |
|    iterations           | 288          |
|    time_elapsed         | 7135         |
|    total_timesteps      | 2359296      |
| train/                  |              |
|    approx_kl            | 0.0063447338 |
|    clip_fraction        | 0.0553       |
|    clip_range           | 0.2          |
|    entropy_loss         | -0.544       |
|    explained_variance   | 0.909        |
|    learning_rate        | 0.0003       |
|    loss                 | 0.0117       |
|    n_updates            | 1435         |
|    policy_gradient_loss | -0.00202     |
|    value_loss           | 0.0586       |
------------------------------------------
------------------------------------------
| rollout/                |              |
|    ep_len_mean          | 168          |
|    ep_rew_mean          | 192          |
| time/                   |              |
|    fps                  | 330          |
|    iterations           | 289          |
|    time_elapsed         | 7160         |
|    total_timesteps      | 2367488      |
| train/                  |              |
|    approx_kl            | 0.0060414243 |
|    clip_fraction        | 0.0505       |
|    clip_range           | 0.2          |
|    entropy_loss         | -0.535       |
|    explained_variance   | 0.929        |
|    learning_rate        | 0.0003       |
|    loss                 | -0.00492     |
|    n_updates            | 1440         |
|    policy_gradient_loss | -0.00382     |
|    value_loss           | 0.0317       |
------------------------------------------
-----------------------------------------
| rollout/                |             |
|    ep_len_mean          | 158         |
|    ep_rew_mean          | 192         |
| time/                   |             |
|    fps                  | 330         |
|    iterations           | 290         |
|    time_elapsed         | 7185        |
|    total_timesteps      | 2375680     |
| train/                  |             |
|    approx_kl            | 0.004029475 |
|    clip_fraction        | 0.0447      |
|    clip_range           | 0.2         |
|    entropy_loss         | -0.459      |
|    explained_variance   | 0.813       |
|    learning_rate        | 0.0003      |
|    loss                 | 0.00263     |
|    n_updates            | 1445        |
|    policy_gradient_loss | -0.00207    |
|    value_loss           | 0.0495      |
-----------------------------------------
------------------------------------------
| rollout/                |              |
|    ep_len_mean          | 157          |
|    ep_rew_mean          | 193          |
| time/                   |              |
|    fps                  | 330          |
|    iterations           | 291          |
|    time_elapsed         | 7210         |
|    total_timesteps      | 2383872      |
| train/                  |              |
|    approx_kl            | 0.0033632186 |
|    clip_fraction        | 0.0366       |
|    clip_range           | 0.2          |
|    entropy_loss         | -0.452       |
|    explained_variance   | 0.787        |
|    learning_rate        | 0.0003       |
|    loss                 | 0.0219       |
|    n_updates            | 1450         |
|    policy_gradient_loss | -0.00232     |
|    value_loss           | 0.0554       |
------------------------------------------
------------------------------------------
| rollout/                |              |
|    ep_len_mean          | 157          |
|    ep_rew_mean          | 191          |
| time/                   |              |
|    fps                  | 330          |
|    iterations           | 292          |
|    time_elapsed         | 7234         |
|    total_timesteps      | 2392064      |
| train/                  |              |
|    approx_kl            | 0.0059698224 |
|    clip_fraction        | 0.0415       |
|    clip_range           | 0.2          |
|    entropy_loss         | -0.477       |
|    explained_variance   | 0.905        |
|    learning_rate        | 0.0003       |
|    loss                 | 0.00953      |
|    n_updates            | 1455         |
|    policy_gradient_loss | -0.00486     |
|    value_loss           | 0.0333       |
------------------------------------------
[Checkpoint] Saved at 2400000 steps > C:\Users\Admin\Desktop\disciple\realnewdisciples-main\Big_map\campaign_checkpoints\small-green-dragon-classic-3m-20260914-103034\campaign_ppo_step_2400000.zip
Eval num_timesteps=2400000, det_reward=200.58 +/- 1.43
Episode length: det=146.35 +/- 3.54
Victory rate: det=100.00%
--------------------------------------------------
| eval/                           |              |
|    deterministic_mean_ep_length | 146          |
|    deterministic_mean_reward    | 201          |
|    deterministic_victory_rate   | 1            |
|    mean_ep_length               | 146          |
|    mean_reward                  | 201          |
|    victory_rate                 | 1            |
| time/                           |              |
|    total_timesteps              | 2400000      |
| train/                          |              |
|    approx_kl                    | 0.0057484536 |
|    clip_fraction                | 0.0501       |
|    clip_range                   | 0.2          |
|    entropy_loss                 | -0.47        |
|    explained_variance           | 0.851        |
|    learning_rate                | 0.0003       |
|    loss                         | 0.00784      |
|    n_updates                    | 1460         |
|    policy_gradient_loss         | -0.00201     |
|    value_loss                   | 0.0457       |
--------------------------------------------------
New best model by deterministic victory rate!
---------------------------------
| rollout/           |          |
|    ep_len_mean     | 154      |
|    ep_rew_mean     | 194      |
| time/              |          |
|    fps             | 330      |
|    iterations      | 293      |
|    time_elapsed    | 7266     |
|    total_timesteps | 2400256  |
---------------------------------
-----------------------------------------
| rollout/                |             |
|    ep_len_mean          | 156         |
|    ep_rew_mean          | 197         |
| time/                   |             |
|    fps                  | 330         |
|    iterations           | 294         |
|    time_elapsed         | 7289        |
|    total_timesteps      | 2408448     |
| train/                  |             |
|    approx_kl            | 0.005599508 |
|    clip_fraction        | 0.0387      |
|    clip_range           | 0.2         |
|    entropy_loss         | -0.439      |
|    explained_variance   | 0.781       |
|    learning_rate        | 0.0003      |
|    loss                 | 0.0136      |
|    n_updates            | 1465        |
|    policy_gradient_loss | -0.00142    |
|    value_loss           | 0.0314      |
-----------------------------------------
------------------------------------------
| rollout/                |              |
|    ep_len_mean          | 157          |
|    ep_rew_mean          | 196          |
| time/                   |              |
|    fps                  | 330          |
|    iterations           | 295          |
|    time_elapsed         | 7313         |
|    total_timesteps      | 2416640      |
| train/                  |              |
|    approx_kl            | 0.0067363847 |
|    clip_fraction        | 0.0414       |
|    clip_range           | 0.2          |
|    entropy_loss         | -0.437       |
|    explained_variance   | 0.84         |
|    learning_rate        | 0.0003       |
|    loss                 | -0.00109     |
|    n_updates            | 1470         |
|    policy_gradient_loss | -0.00358     |
|    value_loss           | 0.0305       |
------------------------------------------
------------------------------------------
| rollout/                |              |
|    ep_len_mean          | 155          |
|    ep_rew_mean          | 196          |
| time/                   |              |
|    fps                  | 330          |
|    iterations           | 296          |
|    time_elapsed         | 7337         |
|    total_timesteps      | 2424832      |
| train/                  |              |
|    approx_kl            | 0.0051742517 |
|    clip_fraction        | 0.0455       |
|    clip_range           | 0.2          |
|    entropy_loss         | -0.434       |
|    explained_variance   | 0.823        |
|    learning_rate        | 0.0003       |
|    loss                 | 0.00559      |
|    n_updates            | 1475         |
|    policy_gradient_loss | -0.00296     |
|    value_loss           | 0.0231       |
------------------------------------------
-----------------------------------------
| rollout/                |             |
|    ep_len_mean          | 192         |
|    ep_rew_mean          | 187         |
| time/                   |             |
|    fps                  | 330         |
|    iterations           | 297         |
|    time_elapsed         | 7361        |
|    total_timesteps      | 2433024     |
| train/                  |             |
|    approx_kl            | 0.007920025 |
|    clip_fraction        | 0.0675      |
|    clip_range           | 0.2         |
|    entropy_loss         | -0.756      |
|    explained_variance   | 0.988       |
|    learning_rate        | 0.0003      |
|    loss                 | -0.014      |
|    n_updates            | 1480        |
|    policy_gradient_loss | -0.00364    |
|    value_loss           | 0.0169      |
-----------------------------------------
------------------------------------------
| rollout/                |              |
|    ep_len_mean          | 193          |
|    ep_rew_mean          | 187          |
| time/                   |              |
|    fps                  | 330          |
|    iterations           | 298          |
|    time_elapsed         | 7385         |
|    total_timesteps      | 2441216      |
| train/                  |              |
|    approx_kl            | 0.0072321333 |
|    clip_fraction        | 0.06         |
|    clip_range           | 0.2          |
|    entropy_loss         | -0.764       |
|    explained_variance   | 0.97         |
|    learning_rate        | 0.0003       |
|    loss                 | 0.0183       |
|    n_updates            | 1485         |
|    policy_gradient_loss | 0.00523      |
|    value_loss           | 0.0587       |
------------------------------------------
-----------------------------------------
| rollout/                |             |
|    ep_len_mean          | 162         |
|    ep_rew_mean          | 192         |
| time/                   |             |
|    fps                  | 330         |
|    iterations           | 299         |
|    time_elapsed         | 7408        |
|    total_timesteps      | 2449408     |
| train/                  |             |
|    approx_kl            | 0.009947278 |
|    clip_fraction        | 0.0386      |
|    clip_range           | 0.2         |
|    entropy_loss         | -0.42       |
|    explained_variance   | 0.809       |
|    learning_rate        | 0.0003      |
|    loss                 | 0.00155     |
|    n_updates            | 1490        |
|    policy_gradient_loss | -0.00397    |
|    value_loss           | 0.0313      |
-----------------------------------------
-----------------------------------------
| rollout/                |             |
|    ep_len_mean          | 162         |
|    ep_rew_mean          | 191         |
| time/                   |             |
|    fps                  | 330         |
|    iterations           | 300         |
|    time_elapsed         | 7432        |
|    total_timesteps      | 2457600     |
| train/                  |             |
|    approx_kl            | 0.005712037 |
|    clip_fraction        | 0.0501      |
|    clip_range           | 0.2         |
|    entropy_loss         | -0.534      |
|    explained_variance   | 0.927       |
|    learning_rate        | 0.0003      |
|    loss                 | -0.00229    |
|    n_updates            | 1495        |
|    policy_gradient_loss | -0.00412    |
|    value_loss           | 0.0457      |
-----------------------------------------
------------------------------------------
| rollout/                |              |
|    ep_len_mean          | 157          |
|    ep_rew_mean          | 196          |
| time/                   |              |
|    fps                  | 330          |
|    iterations           | 301          |
|    time_elapsed         | 7456         |
|    total_timesteps      | 2465792      |
| train/                  |              |
|    approx_kl            | 0.0040520346 |
|    clip_fraction        | 0.0326       |
|    clip_range           | 0.2          |
|    entropy_loss         | -0.44        |
|    explained_variance   | 0.88         |
|    learning_rate        | 0.0003       |
|    loss                 | 0.00353      |
|    n_updates            | 1500         |
|    policy_gradient_loss | -0.00395     |
|    value_loss           | 0.0204       |
------------------------------------------
-----------------------------------------
| rollout/                |             |
|    ep_len_mean          | 156         |
|    ep_rew_mean          | 188         |
| time/                   |             |
|    fps                  | 330         |
|    iterations           | 302         |
|    time_elapsed         | 7480        |
|    total_timesteps      | 2473984     |
| train/                  |             |
|    approx_kl            | 0.008544678 |
|    clip_fraction        | 0.0599      |
|    clip_range           | 0.2         |
|    entropy_loss         | -0.444      |
|    explained_variance   | 0.828       |
|    learning_rate        | 0.0003      |
|    loss                 | 0.0195      |
|    n_updates            | 1505        |
|    policy_gradient_loss | -0.0029     |
|    value_loss           | 0.0411      |
-----------------------------------------
-----------------------------------------
| rollout/                |             |
|    ep_len_mean          | 153         |
|    ep_rew_mean          | 190         |
| time/                   |             |
|    fps                  | 330         |
|    iterations           | 303         |
|    time_elapsed         | 7504        |
|    total_timesteps      | 2482176     |
| train/                  |             |
|    approx_kl            | 0.006073971 |
|    clip_fraction        | 0.0418      |
|    clip_range           | 0.2         |
|    entropy_loss         | -0.436      |
|    explained_variance   | 0.781       |
|    learning_rate        | 0.0003      |
|    loss                 | 0.00521     |
|    n_updates            | 1510        |
|    policy_gradient_loss | -0.00277    |
|    value_loss           | 0.0878      |
-----------------------------------------
-----------------------------------------
| rollout/                |             |
|    ep_len_mean          | 154         |
|    ep_rew_mean          | 192         |
| time/                   |             |
|    fps                  | 330         |
|    iterations           | 304         |
|    time_elapsed         | 7528        |
|    total_timesteps      | 2490368     |
| train/                  |             |
|    approx_kl            | 0.005887525 |
|    clip_fraction        | 0.0571      |
|    clip_range           | 0.2         |
|    entropy_loss         | -0.499      |
|    explained_variance   | 0.947       |
|    learning_rate        | 0.0003      |
|    loss                 | -0.00231    |
|    n_updates            | 1515        |
|    policy_gradient_loss | -0.00305    |
|    value_loss           | 0.0352      |
-----------------------------------------
------------------------------------------
| rollout/                |              |
|    ep_len_mean          | 181          |
|    ep_rew_mean          | 192          |
| time/                   |              |
|    fps                  | 330          |
|    iterations           | 305          |
|    time_elapsed         | 7552         |
|    total_timesteps      | 2498560      |
| train/                  |              |
|    approx_kl            | 0.0061123837 |
|    clip_fraction        | 0.0682       |
|    clip_range           | 0.2          |
|    entropy_loss         | -0.769       |
|    explained_variance   | 0.976        |
|    learning_rate        | 0.0003       |
|    loss                 | 0.0023       |
|    n_updates            | 1520         |
|    policy_gradient_loss | -0.00409     |
|    value_loss           | 0.05         |
------------------------------------------
------------------------------------------
| rollout/                |              |
|    ep_len_mean          | 157          |
|    ep_rew_mean          | 198          |
| time/                   |              |
|    fps                  | 330          |
|    iterations           | 306          |
|    time_elapsed         | 7575         |
|    total_timesteps      | 2506752      |
| train/                  |              |
|    approx_kl            | 0.0072897356 |
|    clip_fraction        | 0.0396       |
|    clip_range           | 0.2          |
|    entropy_loss         | -0.448       |
|    explained_variance   | 0.898        |
|    learning_rate        | 0.0003       |
|    loss                 | 0.0156       |
|    n_updates            | 1525         |
|    policy_gradient_loss | -0.00337     |
|    value_loss           | 0.0354       |
------------------------------------------
-----------------------------------------
| rollout/                |             |
|    ep_len_mean          | 153         |
|    ep_rew_mean          | 187         |
| time/                   |             |
|    fps                  | 330         |
|    iterations           | 307         |
|    time_elapsed         | 7600        |
|    total_timesteps      | 2514944     |
| train/                  |             |
|    approx_kl            | 0.009088331 |
|    clip_fraction        | 0.0362      |
|    clip_range           | 0.2         |
|    entropy_loss         | -0.417      |
|    explained_variance   | 0.883       |
|    learning_rate        | 0.0003      |
|    loss                 | 0.00391     |
|    n_updates            | 1530        |
|    policy_gradient_loss | -0.000453   |
|    value_loss           | 0.0123      |
-----------------------------------------
-----------------------------------------
| rollout/                |             |
|    ep_len_mean          | 156         |
|    ep_rew_mean          | 184         |
| time/                   |             |
|    fps                  | 330         |
|    iterations           | 308         |
|    time_elapsed         | 7628        |
|    total_timesteps      | 2523136     |
| train/                  |             |
|    approx_kl            | 0.045909498 |
|    clip_fraction        | 0.0633      |
|    clip_range           | 0.2         |
|    entropy_loss         | -0.627      |
|    explained_variance   | 0.86        |
|    learning_rate        | 0.0003      |
|    loss                 | 0.0123      |
|    n_updates            | 1535        |
|    policy_gradient_loss | -0.00972    |
|    value_loss           | 0.107       |
-----------------------------------------
-----------------------------------------
| rollout/                |             |
|    ep_len_mean          | 224         |
|    ep_rew_mean          | 182         |
| time/                   |             |
|    fps                  | 330         |
|    iterations           | 309         |
|    time_elapsed         | 7654        |
|    total_timesteps      | 2531328     |
| train/                  |             |
|    approx_kl            | 0.013072398 |
|    clip_fraction        | 0.099       |
|    clip_range           | 0.2         |
|    entropy_loss         | -1.06       |
|    explained_variance   | 0.98        |
|    learning_rate        | 0.0003      |
|    loss                 | -0.00204    |
|    n_updates            | 1540        |
|    policy_gradient_loss | -0.00338    |
|    value_loss           | 0.0288      |
-----------------------------------------
------------------------------------------
| rollout/                |              |
|    ep_len_mean          | 224          |
|    ep_rew_mean          | 191          |
| time/                   |              |
|    fps                  | 330          |
|    iterations           | 310          |
|    time_elapsed         | 7679         |
|    total_timesteps      | 2539520      |
| train/                  |              |
|    approx_kl            | 0.0067396704 |
|    clip_fraction        | 0.0572       |
|    clip_range           | 0.2          |
|    entropy_loss         | -0.675       |
|    explained_variance   | 0.978        |
|    learning_rate        | 0.0003       |
|    loss                 | -0.00174     |
|    n_updates            | 1545         |
|    policy_gradient_loss | -0.00469     |
|    value_loss           | 0.0327       |
------------------------------------------
-----------------------------------------
| rollout/                |             |
|    ep_len_mean          | 157         |
|    ep_rew_mean          | 194         |
| time/                   |             |
|    fps                  | 330         |
|    iterations           | 311         |
|    time_elapsed         | 7704        |
|    total_timesteps      | 2547712     |
| train/                  |             |
|    approx_kl            | 0.007869856 |
|    clip_fraction        | 0.0504      |
|    clip_range           | 0.2         |
|    entropy_loss         | -0.401      |
|    explained_variance   | 0.822       |
|    learning_rate        | 0.0003      |
|    loss                 | 0.00274     |
|    n_updates            | 1550        |
|    policy_gradient_loss | -0.00296    |
|    value_loss           | 0.0231      |
-----------------------------------------
------------------------------------------
| rollout/                |              |
|    ep_len_mean          | 155          |
|    ep_rew_mean          | 195          |
| time/                   |              |
|    fps                  | 330          |
|    iterations           | 312          |
|    time_elapsed         | 7728         |
|    total_timesteps      | 2555904      |
| train/                  |              |
|    approx_kl            | 0.0050354428 |
|    clip_fraction        | 0.0431       |
|    clip_range           | 0.2          |
|    entropy_loss         | -0.406       |
|    explained_variance   | 0.829        |
|    learning_rate        | 0.0003       |
|    loss                 | 0.00389      |
|    n_updates            | 1555         |
|    policy_gradient_loss | -0.00117     |
|    value_loss           | 0.0317       |
------------------------------------------
-----------------------------------------
| rollout/                |             |
|    ep_len_mean          | 155         |
|    ep_rew_mean          | 195         |
| time/                   |             |
|    fps                  | 330         |
|    iterations           | 313         |
|    time_elapsed         | 7752        |
|    total_timesteps      | 2564096     |
| train/                  |             |
|    approx_kl            | 0.005196522 |
|    clip_fraction        | 0.0417      |
|    clip_range           | 0.2         |
|    entropy_loss         | -0.412      |
|    explained_variance   | 0.852       |
|    learning_rate        | 0.0003      |
|    loss                 | -0.0105     |
|    n_updates            | 1560        |
|    policy_gradient_loss | -0.00333    |
|    value_loss           | 0.0185      |
-----------------------------------------
-----------------------------------------
| rollout/                |             |
|    ep_len_mean          | 153         |
|    ep_rew_mean          | 188         |
| time/                   |             |
|    fps                  | 330         |
|    iterations           | 314         |
|    time_elapsed         | 7775        |
|    total_timesteps      | 2572288     |
| train/                  |             |
|    approx_kl            | 0.005981668 |
|    clip_fraction        | 0.0454      |
|    clip_range           | 0.2         |
|    entropy_loss         | -0.409      |
|    explained_variance   | 0.831       |
|    learning_rate        | 0.0003      |
|    loss                 | 0.0565      |
|    n_updates            | 1565        |
|    policy_gradient_loss | -0.00157    |
|    value_loss           | 0.045       |
-----------------------------------------
-----------------------------------------
| rollout/                |             |
|    ep_len_mean          | 154         |
|    ep_rew_mean          | 191         |
| time/                   |             |
|    fps                  | 330         |
|    iterations           | 315         |
|    time_elapsed         | 7799        |
|    total_timesteps      | 2580480     |
| train/                  |             |
|    approx_kl            | 0.034212746 |
|    clip_fraction        | 0.05        |
|    clip_range           | 0.2         |
|    entropy_loss         | -0.417      |
|    explained_variance   | 0.626       |
|    learning_rate        | 0.0003      |
|    loss                 | 0.0375      |
|    n_updates            | 1570        |
|    policy_gradient_loss | -0.00616    |
|    value_loss           | 0.0991      |
-----------------------------------------
-----------------------------------------
| rollout/                |             |
|    ep_len_mean          | 159         |
|    ep_rew_mean          | 198         |
| time/                   |             |
|    fps                  | 330         |
|    iterations           | 316         |
|    time_elapsed         | 7823        |
|    total_timesteps      | 2588672     |
| train/                  |             |
|    approx_kl            | 0.007893041 |
|    clip_fraction        | 0.045       |
|    clip_range           | 0.2         |
|    entropy_loss         | -0.379      |
|    explained_variance   | 0.84        |
|    learning_rate        | 0.0003      |
|    loss                 | -0.0028     |
|    n_updates            | 1575        |
|    policy_gradient_loss | -0.00151    |
|    value_loss           | 0.0166      |
-----------------------------------------
----------------------------------------
| rollout/                |            |
|    ep_len_mean          | 159        |
|    ep_rew_mean          | 195        |
| time/                   |            |
|    fps                  | 330        |
|    iterations           | 317        |
|    time_elapsed         | 7847       |
|    total_timesteps      | 2596864    |
| train/                  |            |
|    approx_kl            | 0.01278168 |
|    clip_fraction        | 0.0499     |
|    clip_range           | 0.2        |
|    entropy_loss         | -0.374     |
|    explained_variance   | 0.78       |
|    learning_rate        | 0.0003     |
|    loss                 | -0.00593   |
|    n_updates            | 1580       |
|    policy_gradient_loss | -0.000424  |
|    value_loss           | 0.0372     |
----------------------------------------
-----------------------------------------
| rollout/                |             |
|    ep_len_mean          | 155         |
|    ep_rew_mean          | 194         |
| time/                   |             |
|    fps                  | 330         |
|    iterations           | 318         |
|    time_elapsed         | 7871        |
|    total_timesteps      | 2605056     |
| train/                  |             |
|    approx_kl            | 0.004318963 |
|    clip_fraction        | 0.0322      |
|    clip_range           | 0.2         |
|    entropy_loss         | -0.397      |
|    explained_variance   | 0.855       |
|    learning_rate        | 0.0003      |
|    loss                 | -0.00687    |
|    n_updates            | 1585        |
|    policy_gradient_loss | -0.00366    |
|    value_loss           | 0.0253      |
-----------------------------------------
------------------------------------------
| rollout/                |              |
|    ep_len_mean          | 153          |
|    ep_rew_mean          | 193          |
| time/                   |              |
|    fps                  | 330          |
|    iterations           | 319          |
|    time_elapsed         | 7895         |
|    total_timesteps      | 2613248      |
| train/                  |              |
|    approx_kl            | 0.0066823065 |
|    clip_fraction        | 0.0525       |
|    clip_range           | 0.2          |
|    entropy_loss         | -0.387       |
|    explained_variance   | 0.737        |
|    learning_rate        | 0.0003       |
|    loss                 | -0.00885     |
|    n_updates            | 1590         |
|    policy_gradient_loss | -0.00249     |
|    value_loss           | 0.0357       |
------------------------------------------
-----------------------------------------
| rollout/                |             |
|    ep_len_mean          | 196         |
|    ep_rew_mean          | 192         |
| time/                   |             |
|    fps                  | 330         |
|    iterations           | 320         |
|    time_elapsed         | 7920        |
|    total_timesteps      | 2621440     |
| train/                  |             |
|    approx_kl            | 0.051510278 |
|    clip_fraction        | 0.0632      |
|    clip_range           | 0.2         |
|    entropy_loss         | -0.414      |
|    explained_variance   | 0.696       |
|    learning_rate        | 0.0003      |
|    loss                 | 0.0139      |
|    n_updates            | 1595        |
|    policy_gradient_loss | -0.00539    |
|    value_loss           | 0.0614      |
-----------------------------------------
------------------------------------------
| rollout/                |              |
|    ep_len_mean          | 241          |
|    ep_rew_mean          | 188          |
| time/                   |              |
|    fps                  | 330          |
|    iterations           | 321          |
|    time_elapsed         | 7945         |
|    total_timesteps      | 2629632      |
| train/                  |              |
|    approx_kl            | 0.0074301343 |
|    clip_fraction        | 0.0576       |
|    clip_range           | 0.2          |
|    entropy_loss         | -0.725       |
|    explained_variance   | 0.927        |
|    learning_rate        | 0.0003       |
|    loss                 | 0.0278       |
|    n_updates            | 1600         |
|    policy_gradient_loss | -0.00057     |
|    value_loss           | 0.0949       |
------------------------------------------
------------------------------------------
| rollout/                |              |
|    ep_len_mean          | 267          |
|    ep_rew_mean          | 186          |
| time/                   |              |
|    fps                  | 331          |
|    iterations           | 322          |
|    time_elapsed         | 7969         |
|    total_timesteps      | 2637824      |
| train/                  |              |
|    approx_kl            | 0.0064706015 |
|    clip_fraction        | 0.0528       |
|    clip_range           | 0.2          |
|    entropy_loss         | -0.639       |
|    explained_variance   | 0.926        |
|    learning_rate        | 0.0003       |
|    loss                 | 0.038        |
|    n_updates            | 1605         |
|    policy_gradient_loss | -0.00207     |
|    value_loss           | 0.101        |
------------------------------------------
------------------------------------------
| rollout/                |              |
|    ep_len_mean          | 230          |
|    ep_rew_mean          | 188          |
| time/                   |              |
|    fps                  | 330          |
|    iterations           | 323          |
|    time_elapsed         | 7994         |
|    total_timesteps      | 2646016      |
| train/                  |              |
|    approx_kl            | 0.0064945295 |
|    clip_fraction        | 0.0443       |
|    clip_range           | 0.2          |
|    entropy_loss         | -0.491       |
|    explained_variance   | 0.911        |
|    learning_rate        | 0.0003       |
|    loss                 | 0.0364       |
|    n_updates            | 1610         |
|    policy_gradient_loss | -0.00391     |
|    value_loss           | 0.0863       |
------------------------------------------
-----------------------------------------
| rollout/                |             |
|    ep_len_mean          | 197         |
|    ep_rew_mean          | 185         |
| time/                   |             |
|    fps                  | 331         |
|    iterations           | 324         |
|    time_elapsed         | 8018        |
|    total_timesteps      | 2654208     |
| train/                  |             |
|    approx_kl            | 0.008934138 |
|    clip_fraction        | 0.0565      |
|    clip_range           | 0.2         |
|    entropy_loss         | -0.437      |
|    explained_variance   | 0.854       |
|    learning_rate        | 0.0003      |
|    loss                 | 0.0327      |
|    n_updates            | 1615        |
|    policy_gradient_loss | -0.00111    |
|    value_loss           | 0.106       |
-----------------------------------------
-----------------------------------------
| rollout/                |             |
|    ep_len_mean          | 190         |
|    ep_rew_mean          | 185         |
| time/                   |             |
|    fps                  | 331         |
|    iterations           | 325         |
|    time_elapsed         | 8042        |
|    total_timesteps      | 2662400     |
| train/                  |             |
|    approx_kl            | 0.009341162 |
|    clip_fraction        | 0.0731      |
|    clip_range           | 0.2         |
|    entropy_loss         | -0.639      |
|    explained_variance   | 0.91        |
|    learning_rate        | 0.0003      |
|    loss                 | 0.0388      |
|    n_updates            | 1620        |
|    policy_gradient_loss | -0.00416    |
|    value_loss           | 0.109       |
-----------------------------------------
-----------------------------------------
| rollout/                |             |
|    ep_len_mean          | 181         |
|    ep_rew_mean          | 190         |
| time/                   |             |
|    fps                  | 331         |
|    iterations           | 326         |
|    time_elapsed         | 8066        |
|    total_timesteps      | 2670592     |
| train/                  |             |
|    approx_kl            | 0.009075598 |
|    clip_fraction        | 0.059       |
|    clip_range           | 0.2         |
|    entropy_loss         | -0.465      |
|    explained_variance   | 0.749       |
|    learning_rate        | 0.0003      |
|    loss                 | 0.0316      |
|    n_updates            | 1625        |
|    policy_gradient_loss | -0.00414    |
|    value_loss           | 0.073       |
-----------------------------------------
-----------------------------------------
| rollout/                |             |
|    ep_len_mean          | 167         |
|    ep_rew_mean          | 193         |
| time/                   |             |
|    fps                  | 331         |
|    iterations           | 327         |
|    time_elapsed         | 8089        |
|    total_timesteps      | 2678784     |
| train/                  |             |
|    approx_kl            | 0.013704971 |
|    clip_fraction        | 0.0555      |
|    clip_range           | 0.2         |
|    entropy_loss         | -0.546      |
|    explained_variance   | 0.893       |
|    learning_rate        | 0.0003      |
|    loss                 | 0.00528     |
|    n_updates            | 1630        |
|    policy_gradient_loss | -0.0077     |
|    value_loss           | 0.0465      |
-----------------------------------------
------------------------------------------
| rollout/                |              |
|    ep_len_mean          | 156          |
|    ep_rew_mean          | 196          |
| time/                   |              |
|    fps                  | 331          |
|    iterations           | 328          |
|    time_elapsed         | 8112         |
|    total_timesteps      | 2686976      |
| train/                  |              |
|    approx_kl            | 0.0062656915 |
|    clip_fraction        | 0.0511       |
|    clip_range           | 0.2          |
|    entropy_loss         | -0.412       |
|    explained_variance   | 0.603        |
|    learning_rate        | 0.0003       |
|    loss                 | 0.0124       |
|    n_updates            | 1635         |
|    policy_gradient_loss | -0.00229     |
|    value_loss           | 0.0462       |
------------------------------------------
-----------------------------------------
| rollout/                |             |
|    ep_len_mean          | 156         |
|    ep_rew_mean          | 199         |
| time/                   |             |
|    fps                  | 331         |
|    iterations           | 329         |
|    time_elapsed         | 8135        |
|    total_timesteps      | 2695168     |
| train/                  |             |
|    approx_kl            | 0.003897966 |
|    clip_fraction        | 0.0325      |
|    clip_range           | 0.2         |
|    entropy_loss         | -0.398      |
|    explained_variance   | 0.736       |
|    learning_rate        | 0.0003      |
|    loss                 | 0.0083      |
|    n_updates            | 1640        |
|    policy_gradient_loss | -0.00126    |
|    value_loss           | 0.0444      |
-----------------------------------------
[Checkpoint] Saved at 2700000 steps > C:\Users\Admin\Desktop\disciple\realnewdisciples-main\Big_map\campaign_checkpoints\small-green-dragon-classic-3m-20260914-103034\campaign_ppo_step_2700000.zip
Eval num_timesteps=2700000, det_reward=204.72 +/- 1.98
Episode length: det=149.10 +/- 5.60
Victory rate: det=100.00%
------------------------------------------------
| eval/                           |            |
|    deterministic_mean_ep_length | 149        |
|    deterministic_mean_reward    | 205        |
|    deterministic_victory_rate   | 1          |
|    mean_ep_length               | 149        |
|    mean_reward                  | 205        |
|    victory_rate                 | 1          |
| time/                           |            |
|    total_timesteps              | 2700000    |
| train/                          |            |
|    approx_kl                    | 0.00499823 |
|    clip_fraction                | 0.0475     |
|    clip_range                   | 0.2        |
|    entropy_loss                 | -0.393     |
|    explained_variance           | 0.771      |
|    learning_rate                | 0.0003     |
|    loss                         | 0.000207   |
|    n_updates                    | 1645       |
|    policy_gradient_loss         | -0.0018    |
|    value_loss                   | 0.0108     |
------------------------------------------------
New best model by deterministic victory rate!
---------------------------------
| rollout/           |          |
|    ep_len_mean     | 158      |
|    ep_rew_mean     | 200      |
| time/              |          |
|    fps             | 330      |
|    iterations      | 330      |
|    time_elapsed    | 8169     |
|    total_timesteps | 2703360  |
---------------------------------
------------------------------------------
| rollout/                |              |
|    ep_len_mean          | 157          |
|    ep_rew_mean          | 200          |
| time/                   |              |
|    fps                  | 330          |
|    iterations           | 331          |
|    time_elapsed         | 8195         |
|    total_timesteps      | 2711552      |
| train/                  |              |
|    approx_kl            | 0.0051493067 |
|    clip_fraction        | 0.0479       |
|    clip_range           | 0.2          |
|    entropy_loss         | -0.393       |
|    explained_variance   | 0.84         |
|    learning_rate        | 0.0003       |
|    loss                 | 0.0135       |
|    n_updates            | 1650         |
|    policy_gradient_loss | -0.00359     |
|    value_loss           | 0.0328       |
------------------------------------------
----------------------------------------
| rollout/                |            |
|    ep_len_mean          | 154        |
|    ep_rew_mean          | 201        |
| time/                   |            |
|    fps                  | 330        |
|    iterations           | 332        |
|    time_elapsed         | 8220       |
|    total_timesteps      | 2719744    |
| train/                  |            |
|    approx_kl            | 0.01116808 |
|    clip_fraction        | 0.0708     |
|    clip_range           | 0.2        |
|    entropy_loss         | -0.68      |
|    explained_variance   | 0.983      |
|    learning_rate        | 0.0003     |
|    loss                 | -0.00107   |
|    n_updates            | 1655       |
|    policy_gradient_loss | -0.00637   |
|    value_loss           | 0.018      |
----------------------------------------
-----------------------------------------
| rollout/                |             |
|    ep_len_mean          | 202         |
|    ep_rew_mean          | 192         |
| time/                   |             |
|    fps                  | 330         |
|    iterations           | 333         |
|    time_elapsed         | 8244        |
|    total_timesteps      | 2727936     |
| train/                  |             |
|    approx_kl            | 0.008067194 |
|    clip_fraction        | 0.0726      |
|    clip_range           | 0.2         |
|    entropy_loss         | -0.767      |
|    explained_variance   | 0.988       |
|    learning_rate        | 0.0003      |
|    loss                 | -0.00496    |
|    n_updates            | 1660        |
|    policy_gradient_loss | -0.00529    |
|    value_loss           | 0.0179      |
-----------------------------------------
------------------------------------------
| rollout/                |              |
|    ep_len_mean          | 202          |
|    ep_rew_mean          | 192          |
| time/                   |              |
|    fps                  | 330          |
|    iterations           | 334          |
|    time_elapsed         | 8269         |
|    total_timesteps      | 2736128      |
| train/                  |              |
|    approx_kl            | 0.0077572865 |
|    clip_fraction        | 0.0574       |
|    clip_range           | 0.2          |
|    entropy_loss         | -0.577       |
|    explained_variance   | 0.992        |
|    learning_rate        | 0.0003       |
|    loss                 | 0.000246     |
|    n_updates            | 1665         |
|    policy_gradient_loss | -0.00519     |
|    value_loss           | 0.00783      |
------------------------------------------
------------------------------------------
| rollout/                |              |
|    ep_len_mean          | 156          |
|    ep_rew_mean          | 200          |
| time/                   |              |
|    fps                  | 330          |
|    iterations           | 335          |
|    time_elapsed         | 8293         |
|    total_timesteps      | 2744320      |
| train/                  |              |
|    approx_kl            | 0.0053492393 |
|    clip_fraction        | 0.0409       |
|    clip_range           | 0.2          |
|    entropy_loss         | -0.36        |
|    explained_variance   | 0.939        |
|    learning_rate        | 0.0003       |
|    loss                 | -0.00916     |
|    n_updates            | 1670         |
|    policy_gradient_loss | -0.00347     |
|    value_loss           | 0.00825      |
------------------------------------------
----------------------------------------
| rollout/                |            |
|    ep_len_mean          | 155        |
|    ep_rew_mean          | 196        |
| time/                   |            |
|    fps                  | 330        |
|    iterations           | 336        |
|    time_elapsed         | 8316       |
|    total_timesteps      | 2752512    |
| train/                  |            |
|    approx_kl            | 0.00558352 |
|    clip_fraction        | 0.047      |
|    clip_range           | 0.2        |
|    entropy_loss         | -0.352     |
|    explained_variance   | 0.873      |
|    learning_rate        | 0.0003     |
|    loss                 | 0.000784   |
|    n_updates            | 1675       |
|    policy_gradient_loss | -0.00163   |
|    value_loss           | 0.0191     |
----------------------------------------
-----------------------------------------
| rollout/                |             |
|    ep_len_mean          | 167         |
|    ep_rew_mean          | 197         |
| time/                   |             |
|    fps                  | 330         |
|    iterations           | 337         |
|    time_elapsed         | 8341        |
|    total_timesteps      | 2760704     |
| train/                  |             |
|    approx_kl            | 0.017531771 |
|    clip_fraction        | 0.0475      |
|    clip_range           | 0.2         |
|    entropy_loss         | -0.354      |
|    explained_variance   | 0.811       |
|    learning_rate        | 0.0003      |
|    loss                 | 0.00402     |
|    n_updates            | 1680        |
|    policy_gradient_loss | -0.00495    |
|    value_loss           | 0.0393      |
-----------------------------------------
-----------------------------------------
| rollout/                |             |
|    ep_len_mean          | 173         |
|    ep_rew_mean          | 199         |
| time/                   |             |
|    fps                  | 330         |
|    iterations           | 338         |
|    time_elapsed         | 8366        |
|    total_timesteps      | 2768896     |
| train/                  |             |
|    approx_kl            | 0.014257112 |
|    clip_fraction        | 0.0456      |
|    clip_range           | 0.2         |
|    entropy_loss         | -0.448      |
|    explained_variance   | 0.929       |
|    learning_rate        | 0.0003      |
|    loss                 | 0.00793     |
|    n_updates            | 1685        |
|    policy_gradient_loss | 0.000538    |
|    value_loss           | 0.0391      |
-----------------------------------------
------------------------------------------
| rollout/                |              |
|    ep_len_mean          | 155          |
|    ep_rew_mean          | 200          |
| time/                   |              |
|    fps                  | 330          |
|    iterations           | 339          |
|    time_elapsed         | 8391         |
|    total_timesteps      | 2777088      |
| train/                  |              |
|    approx_kl            | 0.0044375104 |
|    clip_fraction        | 0.031        |
|    clip_range           | 0.2          |
|    entropy_loss         | -0.356       |
|    explained_variance   | 0.892        |
|    learning_rate        | 0.0003       |
|    loss                 | -0.00129     |
|    n_updates            | 1690         |
|    policy_gradient_loss | -0.00292     |
|    value_loss           | 0.03         |
------------------------------------------
------------------------------------------
| rollout/                |              |
|    ep_len_mean          | 154          |
|    ep_rew_mean          | 198          |
| time/                   |              |
|    fps                  | 330          |
|    iterations           | 340          |
|    time_elapsed         | 8416         |
|    total_timesteps      | 2785280      |
| train/                  |              |
|    approx_kl            | 0.0054257307 |
|    clip_fraction        | 0.0418       |
|    clip_range           | 0.2          |
|    entropy_loss         | -0.344       |
|    explained_variance   | 0.894        |
|    learning_rate        | 0.0003       |
|    loss                 | -0.00751     |
|    n_updates            | 1695         |
|    policy_gradient_loss | -0.00328     |
|    value_loss           | 0.00935      |
------------------------------------------
-----------------------------------------
| rollout/                |             |
|    ep_len_mean          | 164         |
|    ep_rew_mean          | 197         |
| time/                   |             |
|    fps                  | 330         |
|    iterations           | 341         |
|    time_elapsed         | 8440        |
|    total_timesteps      | 2793472     |
| train/                  |             |
|    approx_kl            | 0.010669865 |
|    clip_fraction        | 0.0594      |
|    clip_range           | 0.2         |
|    entropy_loss         | -0.36       |
|    explained_variance   | 0.778       |
|    learning_rate        | 0.0003      |
|    loss                 | -0.00255    |
|    n_updates            | 1700        |
|    policy_gradient_loss | -0.00668    |
|    value_loss           | 0.0358      |
-----------------------------------------
-----------------------------------------
| rollout/                |             |
|    ep_len_mean          | 170         |
|    ep_rew_mean          | 198         |
| time/                   |             |
|    fps                  | 330         |
|    iterations           | 342         |
|    time_elapsed         | 8464        |
|    total_timesteps      | 2801664     |
| train/                  |             |
|    approx_kl            | 0.009917071 |
|    clip_fraction        | 0.0526      |
|    clip_range           | 0.2         |
|    entropy_loss         | -0.367      |
|    explained_variance   | 0.871       |
|    learning_rate        | 0.0003      |
|    loss                 | -0.00721    |
|    n_updates            | 1705        |
|    policy_gradient_loss | -0.00566    |
|    value_loss           | 0.0298      |
-----------------------------------------
-----------------------------------------
| rollout/                |             |
|    ep_len_mean          | 183         |
|    ep_rew_mean          | 199         |
| time/                   |             |
|    fps                  | 330         |
|    iterations           | 343         |
|    time_elapsed         | 8489        |
|    total_timesteps      | 2809856     |
| train/                  |             |
|    approx_kl            | 0.011593041 |
|    clip_fraction        | 0.0366      |
|    clip_range           | 0.2         |
|    entropy_loss         | -0.354      |
|    explained_variance   | 0.907       |
|    learning_rate        | 0.0003      |
|    loss                 | 0.0139      |
|    n_updates            | 1710        |
|    policy_gradient_loss | -0.00266    |
|    value_loss           | 0.029       |
-----------------------------------------
------------------------------------------
| rollout/                |              |
|    ep_len_mean          | 198          |
|    ep_rew_mean          | 198          |
| time/                   |              |
|    fps                  | 330          |
|    iterations           | 344          |
|    time_elapsed         | 8514         |
|    total_timesteps      | 2818048      |
| train/                  |              |
|    approx_kl            | 0.0070981267 |
|    clip_fraction        | 0.0652       |
|    clip_range           | 0.2          |
|    entropy_loss         | -0.487       |
|    explained_variance   | 0.944        |
|    learning_rate        | 0.0003       |
|    loss                 | 0.0084       |
|    n_updates            | 1715         |
|    policy_gradient_loss | -0.00243     |
|    value_loss           | 0.0378       |
------------------------------------------
-----------------------------------------
| rollout/                |             |
|    ep_len_mean          | 199         |
|    ep_rew_mean          | 196         |
| time/                   |             |
|    fps                  | 330         |
|    iterations           | 345         |
|    time_elapsed         | 8539        |
|    total_timesteps      | 2826240     |
| train/                  |             |
|    approx_kl            | 0.012061205 |
|    clip_fraction        | 0.0757      |
|    clip_range           | 0.2         |
|    entropy_loss         | -0.707      |
|    explained_variance   | 0.959       |
|    learning_rate        | 0.0003      |
|    loss                 | 0.0241      |
|    n_updates            | 1720        |
|    policy_gradient_loss | -0.00257    |
|    value_loss           | 0.0422      |
-----------------------------------------
------------------------------------------
| rollout/                |              |
|    ep_len_mean          | 155          |
|    ep_rew_mean          | 199          |
| time/                   |              |
|    fps                  | 331          |
|    iterations           | 346          |
|    time_elapsed         | 8563         |
|    total_timesteps      | 2834432      |
| train/                  |              |
|    approx_kl            | 0.0066351327 |
|    clip_fraction        | 0.0477       |
|    clip_range           | 0.2          |
|    entropy_loss         | -0.349       |
|    explained_variance   | 0.806        |
|    learning_rate        | 0.0003       |
|    loss                 | -0.000813    |
|    n_updates            | 1725         |
|    policy_gradient_loss | -0.0025      |
|    value_loss           | 0.0345       |
------------------------------------------
-----------------------------------------
| rollout/                |             |
|    ep_len_mean          | 155         |
|    ep_rew_mean          | 197         |
| time/                   |             |
|    fps                  | 331         |
|    iterations           | 347         |
|    time_elapsed         | 8586        |
|    total_timesteps      | 2842624     |
| train/                  |             |
|    approx_kl            | 0.004995841 |
|    clip_fraction        | 0.054       |
|    clip_range           | 0.2         |
|    entropy_loss         | -0.343      |
|    explained_variance   | 0.872       |
|    learning_rate        | 0.0003      |
|    loss                 | -0.00592    |
|    n_updates            | 1730        |
|    policy_gradient_loss | -0.00257    |
|    value_loss           | 0.00922     |
-----------------------------------------
----------------------------------------
| rollout/                |            |
|    ep_len_mean          | 165        |
|    ep_rew_mean          | 196        |
| time/                   |            |
|    fps                  | 331        |
|    iterations           | 348        |
|    time_elapsed         | 8609       |
|    total_timesteps      | 2850816    |
| train/                  |            |
|    approx_kl            | 0.03433726 |
|    clip_fraction        | 0.0475     |
|    clip_range           | 0.2        |
|    entropy_loss         | -0.347     |
|    explained_variance   | 0.629      |
|    learning_rate        | 0.0003     |
|    loss                 | 0.0139     |
|    n_updates            | 1735       |
|    policy_gradient_loss | -0.00678   |
|    value_loss           | 0.0594     |
----------------------------------------
------------------------------------------
| rollout/                |              |
|    ep_len_mean          | 167          |
|    ep_rew_mean          | 200          |
| time/                   |              |
|    fps                  | 331          |
|    iterations           | 349          |
|    time_elapsed         | 8633         |
|    total_timesteps      | 2859008      |
| train/                  |              |
|    approx_kl            | 0.0063019944 |
|    clip_fraction        | 0.0457       |
|    clip_range           | 0.2          |
|    entropy_loss         | -0.354       |
|    explained_variance   | 0.838        |
|    learning_rate        | 0.0003       |
|    loss                 | 0.00585      |
|    n_updates            | 1740         |
|    policy_gradient_loss | -0.00218     |
|    value_loss           | 0.0353       |
------------------------------------------
------------------------------------------
| rollout/                |              |
|    ep_len_mean          | 156          |
|    ep_rew_mean          | 200          |
| time/                   |              |
|    fps                  | 331          |
|    iterations           | 350          |
|    time_elapsed         | 8656         |
|    total_timesteps      | 2867200      |
| train/                  |              |
|    approx_kl            | 0.0049993247 |
|    clip_fraction        | 0.029        |
|    clip_range           | 0.2          |
|    entropy_loss         | -0.333       |
|    explained_variance   | 0.846        |
|    learning_rate        | 0.0003       |
|    loss                 | 0.00788      |
|    n_updates            | 1745         |
|    policy_gradient_loss | -0.00228     |
|    value_loss           | 0.0258       |
------------------------------------------
------------------------------------------
| rollout/                |              |
|    ep_len_mean          | 153          |
|    ep_rew_mean          | 200          |
| time/                   |              |
|    fps                  | 331          |
|    iterations           | 351          |
|    time_elapsed         | 8680         |
|    total_timesteps      | 2875392      |
| train/                  |              |
|    approx_kl            | 0.0036290032 |
|    clip_fraction        | 0.0273       |
|    clip_range           | 0.2          |
|    entropy_loss         | -0.331       |
|    explained_variance   | 0.8          |
|    learning_rate        | 0.0003       |
|    loss                 | 0.0268       |
|    n_updates            | 1750         |
|    policy_gradient_loss | 0.00616      |
|    value_loss           | 0.0386       |
------------------------------------------
-----------------------------------------
| rollout/                |             |
|    ep_len_mean          | 153         |
|    ep_rew_mean          | 202         |
| time/                   |             |
|    fps                  | 331         |
|    iterations           | 352         |
|    time_elapsed         | 8703        |
|    total_timesteps      | 2883584     |
| train/                  |             |
|    approx_kl            | 0.004997974 |
|    clip_fraction        | 0.0397      |
|    clip_range           | 0.2         |
|    entropy_loss         | -0.327      |
|    explained_variance   | 0.92        |
|    learning_rate        | 0.0003      |
|    loss                 | -0.00601    |
|    n_updates            | 1755        |
|    policy_gradient_loss | -0.00114    |
|    value_loss           | 0.00644     |
-----------------------------------------
----------------------------------------
| rollout/                |            |
|    ep_len_mean          | 185        |
|    ep_rew_mean          | 199        |
| time/                   |            |
|    fps                  | 331        |
|    iterations           | 353        |
|    time_elapsed         | 8727       |
|    total_timesteps      | 2891776    |
| train/                  |            |
|    approx_kl            | 0.06213958 |
|    clip_fraction        | 0.0375     |
|    clip_range           | 0.2        |
|    entropy_loss         | -0.332     |
|    explained_variance   | 0.828      |
|    learning_rate        | 0.0003     |
|    loss                 | -0.0128    |
|    n_updates            | 1760       |
|    policy_gradient_loss | -0.00363   |
|    value_loss           | 0.0235     |
----------------------------------------
-----------------------------------------
| rollout/                |             |
|    ep_len_mean          | 226         |
|    ep_rew_mean          | 195         |
| time/                   |             |
|    fps                  | 331         |
|    iterations           | 354         |
|    time_elapsed         | 8751        |
|    total_timesteps      | 2899968     |
| train/                  |             |
|    approx_kl            | 0.017869815 |
|    clip_fraction        | 0.0477      |
|    clip_range           | 0.2         |
|    entropy_loss         | -0.502      |
|    explained_variance   | 0.88        |
|    learning_rate        | 0.0003      |
|    loss                 | 0.0143      |
|    n_updates            | 1765        |
|    policy_gradient_loss | -0.00334    |
|    value_loss           | 0.0542      |
-----------------------------------------
-----------------------------------------
| rollout/                |             |
|    ep_len_mean          | 254         |
|    ep_rew_mean          | 192         |
| time/                   |             |
|    fps                  | 331         |
|    iterations           | 355         |
|    time_elapsed         | 8775        |
|    total_timesteps      | 2908160     |
| train/                  |             |
|    approx_kl            | 0.005226491 |
|    clip_fraction        | 0.0376      |
|    clip_range           | 0.2         |
|    entropy_loss         | -0.419      |
|    explained_variance   | 0.918       |
|    learning_rate        | 0.0003      |
|    loss                 | 0.00614     |
|    n_updates            | 1770        |
|    policy_gradient_loss | -0.00371    |
|    value_loss           | 0.0439      |
-----------------------------------------
-----------------------------------------
| rollout/                |             |
|    ep_len_mean          | 225         |
|    ep_rew_mean          | 195         |
| time/                   |             |
|    fps                  | 331         |
|    iterations           | 356         |
|    time_elapsed         | 8799        |
|    total_timesteps      | 2916352     |
| train/                  |             |
|    approx_kl            | 0.016301682 |
|    clip_fraction        | 0.0457      |
|    clip_range           | 0.2         |
|    entropy_loss         | -0.356      |
|    explained_variance   | 0.888       |
|    learning_rate        | 0.0003      |
|    loss                 | 0.00755     |
|    n_updates            | 1775        |
|    policy_gradient_loss | -0.00286    |
|    value_loss           | 0.0625      |
-----------------------------------------
------------------------------------------
| rollout/                |              |
|    ep_len_mean          | 228          |
|    ep_rew_mean          | 190          |
| time/                   |              |
|    fps                  | 331          |
|    iterations           | 357          |
|    time_elapsed         | 8823         |
|    total_timesteps      | 2924544      |
| train/                  |              |
|    approx_kl            | 0.0144236665 |
|    clip_fraction        | 0.049        |
|    clip_range           | 0.2          |
|    entropy_loss         | -0.352       |
|    explained_variance   | 0.896        |
|    learning_rate        | 0.0003       |
|    loss                 | 0.0262       |
|    n_updates            | 1780         |
|    policy_gradient_loss | -0.00295     |
|    value_loss           | 0.0615       |
------------------------------------------
-----------------------------------------
| rollout/                |             |
|    ep_len_mean          | 210         |
|    ep_rew_mean          | 194         |
| time/                   |             |
|    fps                  | 331         |
|    iterations           | 358         |
|    time_elapsed         | 8847        |
|    total_timesteps      | 2932736     |
| train/                  |             |
|    approx_kl            | 0.005538685 |
|    clip_fraction        | 0.0372      |
|    clip_range           | 0.2         |
|    entropy_loss         | -0.378      |
|    explained_variance   | 0.868       |
|    learning_rate        | 0.0003      |
|    loss                 | 0.0261      |
|    n_updates            | 1785        |
|    policy_gradient_loss | -0.00458    |
|    value_loss           | 0.0784      |
-----------------------------------------
-----------------------------------------
| rollout/                |             |
|    ep_len_mean          | 183         |
|    ep_rew_mean          | 200         |
| time/                   |             |
|    fps                  | 331         |
|    iterations           | 359         |
|    time_elapsed         | 8871        |
|    total_timesteps      | 2940928     |
| train/                  |             |
|    approx_kl            | 0.004542186 |
|    clip_fraction        | 0.0435      |
|    clip_range           | 0.2         |
|    entropy_loss         | -0.323      |
|    explained_variance   | 0.863       |
|    learning_rate        | 0.0003      |
|    loss                 | 0.0176      |
|    n_updates            | 1790        |
|    policy_gradient_loss | -0.00521    |
|    value_loss           | 0.0473      |
-----------------------------------------
-----------------------------------------
| rollout/                |             |
|    ep_len_mean          | 171         |
|    ep_rew_mean          | 198         |
| time/                   |             |
|    fps                  | 331         |
|    iterations           | 360         |
|    time_elapsed         | 8895        |
|    total_timesteps      | 2949120     |
| train/                  |             |
|    approx_kl            | 0.007611934 |
|    clip_fraction        | 0.0491      |
|    clip_range           | 0.2         |
|    entropy_loss         | -0.344      |
|    explained_variance   | 0.855       |
|    learning_rate        | 0.0003      |
|    loss                 | 0.00855     |
|    n_updates            | 1795        |
|    policy_gradient_loss | -0.00237    |
|    value_loss           | 0.0408      |
-----------------------------------------
-----------------------------------------
| rollout/                |             |
|    ep_len_mean          | 158         |
|    ep_rew_mean          | 199         |
| time/                   |             |
|    fps                  | 331         |
|    iterations           | 361         |
|    time_elapsed         | 8918        |
|    total_timesteps      | 2957312     |
| train/                  |             |
|    approx_kl            | 0.016664911 |
|    clip_fraction        | 0.0403      |
|    clip_range           | 0.2         |
|    entropy_loss         | -0.321      |
|    explained_variance   | 0.774       |
|    learning_rate        | 0.0003      |
|    loss                 | 0.0606      |
|    n_updates            | 1800        |
|    policy_gradient_loss | -0.00231    |
|    value_loss           | 0.0587      |
-----------------------------------------
------------------------------------------
| rollout/                |              |
|    ep_len_mean          | 153          |
|    ep_rew_mean          | 201          |
| time/                   |              |
|    fps                  | 331          |
|    iterations           | 362          |
|    time_elapsed         | 8942         |
|    total_timesteps      | 2965504      |
| train/                  |              |
|    approx_kl            | 0.0044823484 |
|    clip_fraction        | 0.039        |
|    clip_range           | 0.2          |
|    entropy_loss         | -0.331       |
|    explained_variance   | 0.798        |
|    learning_rate        | 0.0003       |
|    loss                 | 0.0018       |
|    n_updates            | 1805         |
|    policy_gradient_loss | -0.00235     |
|    value_loss           | 0.00885      |
------------------------------------------
-----------------------------------------
| rollout/                |             |
|    ep_len_mean          | 153         |
|    ep_rew_mean          | 200         |
| time/                   |             |
|    fps                  | 331         |
|    iterations           | 363         |
|    time_elapsed         | 8966        |
|    total_timesteps      | 2973696     |
| train/                  |             |
|    approx_kl            | 0.005419556 |
|    clip_fraction        | 0.036       |
|    clip_range           | 0.2         |
|    entropy_loss         | -0.326      |
|    explained_variance   | 0.758       |
|    learning_rate        | 0.0003      |
|    loss                 | -0.00723    |
|    n_updates            | 1810        |
|    policy_gradient_loss | -0.00268    |
|    value_loss           | 0.0241      |
-----------------------------------------
-----------------------------------------
| rollout/                |             |
|    ep_len_mean          | 191         |
|    ep_rew_mean          | 197         |
| time/                   |             |
|    fps                  | 331         |
|    iterations           | 364         |
|    time_elapsed         | 8990        |
|    total_timesteps      | 2981888     |
| train/                  |             |
|    approx_kl            | 0.050312452 |
|    clip_fraction        | 0.0524      |
|    clip_range           | 0.2         |
|    entropy_loss         | -0.336      |
|    explained_variance   | 0.771       |
|    learning_rate        | 0.0003      |
|    loss                 | 0.00446     |
|    n_updates            | 1815        |
|    policy_gradient_loss | -0.00175    |
|    value_loss           | 0.0193      |
-----------------------------------------
-----------------------------------------
| rollout/                |             |
|    ep_len_mean          | 226         |
|    ep_rew_mean          | 195         |
| time/                   |             |
|    fps                  | 331         |
|    iterations           | 365         |
|    time_elapsed         | 9015        |
|    total_timesteps      | 2990080     |
| train/                  |             |
|    approx_kl            | 0.009400463 |
|    clip_fraction        | 0.049       |
|    clip_range           | 0.2         |
|    entropy_loss         | -0.338      |
|    explained_variance   | 0.761       |
|    learning_rate        | 0.0003      |
|    loss                 | 0.0124      |
|    n_updates            | 1820        |
|    policy_gradient_loss | -0.00185    |
|    value_loss           | 0.0488      |
-----------------------------------------
-----------------------------------------
| rollout/                |             |
|    ep_len_mean          | 249         |
|    ep_rew_mean          | 192         |
| time/                   |             |
|    fps                  | 331         |
|    iterations           | 366         |
|    time_elapsed         | 9039        |
|    total_timesteps      | 2998272     |
| train/                  |             |
|    approx_kl            | 0.008153396 |
|    clip_fraction        | 0.0454      |
|    clip_range           | 0.2         |
|    entropy_loss         | -0.324      |
|    explained_variance   | 0.883       |
|    learning_rate        | 0.0003      |
|    loss                 | 0.0162      |
|    n_updates            | 1825        |
|    policy_gradient_loss | -0.00463    |
|    value_loss           | 0.0416      |
-----------------------------------------
[Checkpoint] Saved at 3000000 steps > C:\Users\Admin\Desktop\disciple\realnewdisciples-main\Big_map\campaign_checkpoints\small-green-dragon-classic-3m-20260914-103034\campaign_ppo_step_3000000.zip
Eval num_timesteps=3000000, det_reward=203.45 +/- 1.47
Episode length: det=162.10 +/- 24.98
Victory rate: det=100.00%
--------------------------------------------------
| eval/                           |              |
|    deterministic_mean_ep_length | 162          |
|    deterministic_mean_reward    | 203          |
|    deterministic_victory_rate   | 1            |
|    mean_ep_length               | 162          |
|    mean_reward                  | 203          |
|    victory_rate                 | 1            |
| time/                           |              |
|    total_timesteps              | 3000000      |
| train/                          |              |
|    approx_kl                    | 0.0056954287 |
|    clip_fraction                | 0.0474       |
|    clip_range                   | 0.2          |
|    entropy_loss                 | -0.359       |
|    explained_variance           | 0.904        |
|    learning_rate                | 0.0003       |
|    loss                         | 0.0204       |
|    n_updates                    | 1830         |
|    policy_gradient_loss         | -0.00634     |
|    value_loss                   | 0.0446       |
--------------------------------------------------
---------------------------------
| rollout/           |          |
|    ep_len_mean     | 208      |
|    ep_rew_mean     | 197      |
| time/              |          |
|    fps             | 331      |
|    iterations      | 367      |
|    time_elapsed    | 9074     |
|    total_timesteps | 3006464  |
---------------------------------
VecNormalize stats saved: C:\Users\Admin\Desktop\disciple\realnewdisciples-main\Big_map\campaign_models\small-green-dragon-classic-3m-20260914-103034/vecnormalize.pkl

Финальная модель сохранена: C:\Users\Admin\Desktop\disciple\realnewdisciples-main\Big_map\campaign_models\small-green-dragon-classic-3m-20260914-103034/final_model.zip

============================================================
ИТОГИ ОБУЧЕНИЯ:
  Побед: 7570
  Поражений: 6218
  Таймаутов: 41
  Побед бота столицы над врагами: 0
  Перестановок юнитов: 279917
  Терминальные поражения по противникам:
    enemy_31: 3206 — Отряд: зеленый дракон
    enemy_15: 462 — Отряд: 2 привидения спереди, вампир сзади
    enemy_29: 311 — Отряд: 3 скваера на передней линии
    enemy_74: 293 — Руины (43, 34): Лорд Тьмы, Лич
    enemy_34: 270 — Отряд Порта Полонис: Воин спереди, Колдун, Нигош (Носферату) и Привидение сзади
    enemy_61: 262 — Отряд: Зомби, Призрак
    enemy_25: 238 — Отряд: копейщик спереди и служка сзади
    enemy_21: 220 — Отряд: зомби спереди, привидение сзади
    enemy_23: 177 — Отряд: волк на передней линии
    enemy_7: 176 — Отряд: воин + привидение спереди, колдун + призрак + привидение сзади
    enemy_17: 172 — Отряд: воин спереди, 2 призрака и привидение сзади
    enemy_65: 125 — Отряд: Кентавр копейщик, Рейнджер
    enemy_27: 87 — Отряд: скваер в центре и 2 крестьянина на передней линии
    enemy_19: 43 — Отряд: зомби спереди, привидение сзади
    enemy_11: 41 — Отряд: оборотень спереди и тень сзади
    enemy_9: 38 — Отряд: тамплиер спереди, колдун и призрак сзади
    enemy_59: 23 — Отряд: Зомби
    enemy_35: 17 — Отряд Соругириллы: Унфегра (Королева личей), Виверна
    enemy_57: 12 — Отряд: Призрак, Привидение, Воин
    enemy_13: 12 — Отряд: 2 зомби спереди и привидение сзади
    enemy_63: 9 — Отряд: Разбойник
    enemy_3: 7 — Отряд: орк чемпион на передней линии
    enemy_75: 5 — Страж столицы Империи: Мизраэль
    enemy_68: 4 — Внутренний гарнизон Порта Полонис: Зомби, Воин
    enemy_43: 3 — Отряд: Призрак, Тамплиер
    enemy_70: 2 — Руины (15, 9): Орк, Гоблин, Гоблин
    enemy_47: 2 — Отряд: Призрак, Привидение, Привидение, Воин
    enemy_69: 1 — Внутренний гарнизон Соругириллы: Зомби, Воин
  Winrate: 54.7%
============================================================
  График призывов за эпизод: C:\Users\Admin\Desktop\disciple\realnewdisciples-main\Big_map\outputs\campaign_summoned_units_per_episode.png
  График призывов за всё обучение: C:\Users\Admin\Desktop\disciple\realnewdisciples-main\Big_map\outputs\campaign_summoned_units_cumulative.png
  График найма за эпизод: C:\Users\Admin\Desktop\disciple\realnewdisciples-main\Big_map\outputs\campaign_hired_units_per_episode.png
  График найма за всё обучение: C:\Users\Admin\Desktop\disciple\realnewdisciples-main\Big_map\outputs\campaign_hired_units_cumulative.png
  График перестановок юнитов за эпизод: C:\Users\Admin\Desktop\disciple\realnewdisciples-main\Big_map\outputs\campaign_unit_swaps_per_episode.png
  График боевых предметов: C:\Users\Admin\Desktop\disciple\realnewdisciples-main\Big_map\outputs\campaign_battle_item_activity.png
  График побед бота столицы за эпизод: C:\Users\Admin\Desktop\disciple\realnewdisciples-main\Big_map\outputs\campaign_scripted_bot_victories_per_episode.png
  График применения заклинаний: C:\Users\Admin\Desktop\disciple\realnewdisciples-main\Big_map\outputs\campaign_spell_cast_activity.png
