Проверка среды CampaignEnv...
Среда прошла проверку!
[INFO] Comet disabled, running without experiment tracking
Создание 4 параллельных сред (dummy)...
Инициализация MaskablePPO...
Using cpu device

============================================================
Запуск обучения Campaign Agent
Всего шагов: 3,000,000
Параллельных сред: 4
VecEnv: dummy
Seed: 42
Checkpoint каждые: 300,000 шагов
Evaluation каждые: 75,000 шагов
Eval deterministic эпизодов: 20
Eval stochastic эпизодов: 0
Eval лимит шагов на эпизод: 5000
Campaign map: super_last_stand
Campaign objective: waves
System resources at training start:
  Platform: Windows 11 (AMD64)
  Python: 3.14.6
  PyTorch: 2.12.1+cpu
  Training device: cpu
  CPU model: Intel64 Family 6 Model 158 Stepping 10, GenuineIntel
  CPU vendor: unknown
  Logical CPUs visible: 6
  Process CPU affinity: 6
  Sockets: unknown
  Cores per socket: unknown
  Threads per core: unknown
  CPU max MHz: unknown
  CPU min MHz: unknown
  L1d cache: unknown
  L1i cache: unknown
  L2 cache: unknown
  L3 cache: unknown
  Virtualization: unknown
  Hypervisor: unknown
  RAM total: unknown
  RAM available at start: unknown
  Disk total: 237.56 GiB
  Disk free at start: 49.89 GiB
  Torch intra-op threads: 1
  Torch inter-op threads: 1
  OMP_NUM_THREADS: 1
  MKL_NUM_THREADS: 1
  OPENBLAS_NUM_THREADS: 1
PPO n_steps: 2,048
PPO batch_size: 512
PPO n_epochs: 5
PPO learning_rate: 0.0003
PPO clip_range: 0.2
PPO ent_coef: 0.01
PPO gamma: 0.995
PPO gae_lambda: 0.95
PPO target_kl: disabled
PPO gradient batches per rollout: 80
VecCheckNan: enabled
Freeze action layout: enabled
Empire territory: enabled
Torch threads per process: 1
Diagnostics: enabled
Wall-clock training limit: disabled
Diagnostics dir: C:\Users\Admin\Desktop\disciple\realnewdisciples-main\Big_map\campaign_diagnostics\super-last-stand-paralysis-3m-20260912-190628
Run ID: super-last-stand-paralysis-3m-20260912-190628
============================================================

Logging to C:\Users\Admin\Desktop\disciple\realnewdisciples-main\Big_map\campaign_tb_logs\super-last-stand-paralysis-3m-20260912-190628\MaskablePPO_1
---------------------------------
| rollout/           |          |
|    ep_len_mean     | 184      |
|    ep_rew_mean     | 3.14     |
| time/              |          |
|    fps             | 334      |
|    iterations      | 1        |
|    time_elapsed    | 24       |
|    total_timesteps | 8192     |
---------------------------------
-----------------------------------------
| rollout/                |             |
|    ep_len_mean          | 199         |
|    ep_rew_mean          | 4.42        |
| time/                   |             |
|    fps                  | 305         |
|    iterations           | 2           |
|    time_elapsed         | 53          |
|    total_timesteps      | 16384       |
| train/                  |             |
|    approx_kl            | 0.010302482 |
|    clip_fraction        | 0.0907      |
|    clip_range           | 0.2         |
|    entropy_loss         | -2.29       |
|    explained_variance   | -0.0309     |
|    learning_rate        | 0.0003      |
|    loss                 | 0.00927     |
|    n_updates            | 5           |
|    policy_gradient_loss | -0.011      |
|    value_loss           | 0.0897      |
-----------------------------------------
-----------------------------------------
| rollout/                |             |
|    ep_len_mean          | 203         |
|    ep_rew_mean          | 7.59        |
| time/                   |             |
|    fps                  | 294         |
|    iterations           | 3           |
|    time_elapsed         | 83          |
|    total_timesteps      | 24576       |
| train/                  |             |
|    approx_kl            | 0.009257428 |
|    clip_fraction        | 0.0917      |
|    clip_range           | 0.2         |
|    entropy_loss         | -2.28       |
|    explained_variance   | 0.143       |
|    learning_rate        | 0.0003      |
|    loss                 | -0.00721    |
|    n_updates            | 10          |
|    policy_gradient_loss | -0.012      |
|    value_loss           | 0.055       |
-----------------------------------------
-----------------------------------------
| rollout/                |             |
|    ep_len_mean          | 230         |
|    ep_rew_mean          | 14.7        |
| time/                   |             |
|    fps                  | 288         |
|    iterations           | 4           |
|    time_elapsed         | 113         |
|    total_timesteps      | 32768       |
| train/                  |             |
|    approx_kl            | 0.011347087 |
|    clip_fraction        | 0.118       |
|    clip_range           | 0.2         |
|    entropy_loss         | -2.29       |
|    explained_variance   | 0.41        |
|    learning_rate        | 0.0003      |
|    loss                 | -0.0426     |
|    n_updates            | 15          |
|    policy_gradient_loss | -0.0161     |
|    value_loss           | 0.0469      |
-----------------------------------------
-----------------------------------------
| rollout/                |             |
|    ep_len_mean          | 242         |
|    ep_rew_mean          | 25.1        |
| time/                   |             |
|    fps                  | 286         |
|    iterations           | 5           |
|    time_elapsed         | 143         |
|    total_timesteps      | 40960       |
| train/                  |             |
|    approx_kl            | 0.010841762 |
|    clip_fraction        | 0.12        |
|    clip_range           | 0.2         |
|    entropy_loss         | -2.26       |
|    explained_variance   | 0.505       |
|    learning_rate        | 0.0003      |
|    loss                 | -0.0181     |
|    n_updates            | 20          |
|    policy_gradient_loss | -0.0151     |
|    value_loss           | 0.0591      |
-----------------------------------------
-----------------------------------------
| rollout/                |             |
|    ep_len_mean          | 246         |
|    ep_rew_mean          | 34          |
| time/                   |             |
|    fps                  | 285         |
|    iterations           | 6           |
|    time_elapsed         | 172         |
|    total_timesteps      | 49152       |
| train/                  |             |
|    approx_kl            | 0.009210683 |
|    clip_fraction        | 0.0805      |
|    clip_range           | 0.2         |
|    entropy_loss         | -2.27       |
|    explained_variance   | 0.535       |
|    learning_rate        | 0.0003      |
|    loss                 | -0.0114     |
|    n_updates            | 25          |
|    policy_gradient_loss | -0.0106     |
|    value_loss           | 0.0735      |
-----------------------------------------
-----------------------------------------
| rollout/                |             |
|    ep_len_mean          | 252         |
|    ep_rew_mean          | 42.5        |
| time/                   |             |
|    fps                  | 284         |
|    iterations           | 7           |
|    time_elapsed         | 201         |
|    total_timesteps      | 57344       |
| train/                  |             |
|    approx_kl            | 0.010720616 |
|    clip_fraction        | 0.0989      |
|    clip_range           | 0.2         |
|    entropy_loss         | -2.23       |
|    explained_variance   | 0.655       |
|    learning_rate        | 0.0003      |
|    loss                 | -0.00776    |
|    n_updates            | 30          |
|    policy_gradient_loss | -0.012      |
|    value_loss           | 0.0575      |
-----------------------------------------
-----------------------------------------
| rollout/                |             |
|    ep_len_mean          | 265         |
|    ep_rew_mean          | 50.1        |
| time/                   |             |
|    fps                  | 283         |
|    iterations           | 8           |
|    time_elapsed         | 231         |
|    total_timesteps      | 65536       |
| train/                  |             |
|    approx_kl            | 0.010136308 |
|    clip_fraction        | 0.0802      |
|    clip_range           | 0.2         |
|    entropy_loss         | -2.21       |
|    explained_variance   | 0.715       |
|    learning_rate        | 0.0003      |
|    loss                 | -0.0232     |
|    n_updates            | 35          |
|    policy_gradient_loss | -0.0106     |
|    value_loss           | 0.0443      |
-----------------------------------------
-----------------------------------------
| rollout/                |             |
|    ep_len_mean          | 274         |
|    ep_rew_mean          | 56.8        |
| time/                   |             |
|    fps                  | 282         |
|    iterations           | 9           |
|    time_elapsed         | 260         |
|    total_timesteps      | 73728       |
| train/                  |             |
|    approx_kl            | 0.008838592 |
|    clip_fraction        | 0.0852      |
|    clip_range           | 0.2         |
|    entropy_loss         | -2.18       |
|    explained_variance   | 0.781       |
|    learning_rate        | 0.0003      |
|    loss                 | -0.0215     |
|    n_updates            | 40          |
|    policy_gradient_loss | -0.0114     |
|    value_loss           | 0.046       |
-----------------------------------------
-----------------------------------------
| rollout/                |             |
|    ep_len_mean          | 258         |
|    ep_rew_mean          | 61.6        |
| time/                   |             |
|    fps                  | 282         |
|    iterations           | 10          |
|    time_elapsed         | 289         |
|    total_timesteps      | 81920       |
| train/                  |             |
|    approx_kl            | 0.009803809 |
|    clip_fraction        | 0.0789      |
|    clip_range           | 0.2         |
|    entropy_loss         | -2.18       |
|    explained_variance   | 0.811       |
|    learning_rate        | 0.0003      |
|    loss                 | -0.0204     |
|    n_updates            | 45          |
|    policy_gradient_loss | -0.0098     |
|    value_loss           | 0.0517      |
-----------------------------------------
----------------------------------------
| rollout/                |            |
|    ep_len_mean          | 238        |
|    ep_rew_mean          | 63.5       |
| time/                   |            |
|    fps                  | 282        |
|    iterations           | 11         |
|    time_elapsed         | 319        |
|    total_timesteps      | 90112      |
| train/                  |            |
|    approx_kl            | 0.01052261 |
|    clip_fraction        | 0.0874     |
|    clip_range           | 0.2        |
|    entropy_loss         | -2.16      |
|    explained_variance   | 0.809      |
|    learning_rate        | 0.0003     |
|    loss                 | -0.00537   |
|    n_updates            | 50         |
|    policy_gradient_loss | -0.0118    |
|    value_loss           | 0.0615     |
----------------------------------------
-----------------------------------------
| rollout/                |             |
|    ep_len_mean          | 236         |
|    ep_rew_mean          | 66.4        |
| time/                   |             |
|    fps                  | 281         |
|    iterations           | 12          |
|    time_elapsed         | 349         |
|    total_timesteps      | 98304       |
| train/                  |             |
|    approx_kl            | 0.009981959 |
|    clip_fraction        | 0.0768      |
|    clip_range           | 0.2         |
|    entropy_loss         | -2.11       |
|    explained_variance   | 0.837       |
|    learning_rate        | 0.0003      |
|    loss                 | -0.00412    |
|    n_updates            | 55          |
|    policy_gradient_loss | -0.0093     |
|    value_loss           | 0.0493      |
-----------------------------------------
-----------------------------------------
| rollout/                |             |
|    ep_len_mean          | 241         |
|    ep_rew_mean          | 67.8        |
| time/                   |             |
|    fps                  | 280         |
|    iterations           | 13          |
|    time_elapsed         | 379         |
|    total_timesteps      | 106496      |
| train/                  |             |
|    approx_kl            | 0.011706409 |
|    clip_fraction        | 0.0991      |
|    clip_range           | 0.2         |
|    entropy_loss         | -2.08       |
|    explained_variance   | 0.88        |
|    learning_rate        | 0.0003      |
|    loss                 | -0.0131     |
|    n_updates            | 60          |
|    policy_gradient_loss | -0.00976    |
|    value_loss           | 0.0408      |
-----------------------------------------
-----------------------------------------
| rollout/                |             |
|    ep_len_mean          | 243         |
|    ep_rew_mean          | 69.8        |
| time/                   |             |
|    fps                  | 280         |
|    iterations           | 14          |
|    time_elapsed         | 408         |
|    total_timesteps      | 114688      |
| train/                  |             |
|    approx_kl            | 0.009728939 |
|    clip_fraction        | 0.069       |
|    clip_range           | 0.2         |
|    entropy_loss         | -2.02       |
|    explained_variance   | 0.901       |
|    learning_rate        | 0.0003      |
|    loss                 | -0.0255     |
|    n_updates            | 65          |
|    policy_gradient_loss | -0.00817    |
|    value_loss           | 0.032       |
-----------------------------------------
-----------------------------------------
| rollout/                |             |
|    ep_len_mean          | 230         |
|    ep_rew_mean          | 70.4        |
| time/                   |             |
|    fps                  | 280         |
|    iterations           | 15          |
|    time_elapsed         | 438         |
|    total_timesteps      | 122880      |
| train/                  |             |
|    approx_kl            | 0.009133495 |
|    clip_fraction        | 0.061       |
|    clip_range           | 0.2         |
|    entropy_loss         | -1.98       |
|    explained_variance   | 0.907       |
|    learning_rate        | 0.0003      |
|    loss                 | -0.00674    |
|    n_updates            | 70          |
|    policy_gradient_loss | -0.00848    |
|    value_loss           | 0.0373      |
-----------------------------------------
-----------------------------------------
| rollout/                |             |
|    ep_len_mean          | 230         |
|    ep_rew_mean          | 73.3        |
| time/                   |             |
|    fps                  | 279         |
|    iterations           | 16          |
|    time_elapsed         | 468         |
|    total_timesteps      | 131072      |
| train/                  |             |
|    approx_kl            | 0.008884118 |
|    clip_fraction        | 0.0582      |
|    clip_range           | 0.2         |
|    entropy_loss         | -1.94       |
|    explained_variance   | 0.89        |
|    learning_rate        | 0.0003      |
|    loss                 | -0.00605    |
|    n_updates            | 75          |
|    policy_gradient_loss | -0.00694    |
|    value_loss           | 0.038       |
-----------------------------------------
-----------------------------------------
| rollout/                |             |
|    ep_len_mean          | 232         |
|    ep_rew_mean          | 78          |
| time/                   |             |
|    fps                  | 279         |
|    iterations           | 17          |
|    time_elapsed         | 498         |
|    total_timesteps      | 139264      |
| train/                  |             |
|    approx_kl            | 0.008134645 |
|    clip_fraction        | 0.0675      |
|    clip_range           | 0.2         |
|    entropy_loss         | -1.92       |
|    explained_variance   | 0.918       |
|    learning_rate        | 0.0003      |
|    loss                 | -0.0109     |
|    n_updates            | 80          |
|    policy_gradient_loss | -0.00853    |
|    value_loss           | 0.0322      |
-----------------------------------------
-----------------------------------------
| rollout/                |             |
|    ep_len_mean          | 231         |
|    ep_rew_mean          | 80.5        |
| time/                   |             |
|    fps                  | 279         |
|    iterations           | 18          |
|    time_elapsed         | 528         |
|    total_timesteps      | 147456      |
| train/                  |             |
|    approx_kl            | 0.010256242 |
|    clip_fraction        | 0.0793      |
|    clip_range           | 0.2         |
|    entropy_loss         | -1.88       |
|    explained_variance   | 0.939       |
|    learning_rate        | 0.0003      |
|    loss                 | -0.0253     |
|    n_updates            | 85          |
|    policy_gradient_loss | -0.00866    |
|    value_loss           | 0.0293      |
-----------------------------------------
-----------------------------------------
| rollout/                |             |
|    ep_len_mean          | 211         |
|    ep_rew_mean          | 79.4        |
| time/                   |             |
|    fps                  | 278         |
|    iterations           | 19          |
|    time_elapsed         | 558         |
|    total_timesteps      | 155648      |
| train/                  |             |
|    approx_kl            | 0.009239112 |
|    clip_fraction        | 0.085       |
|    clip_range           | 0.2         |
|    entropy_loss         | -1.82       |
|    explained_variance   | 0.935       |
|    learning_rate        | 0.0003      |
|    loss                 | -0.014      |
|    n_updates            | 90          |
|    policy_gradient_loss | -0.00909    |
|    value_loss           | 0.0307      |
-----------------------------------------
-----------------------------------------
| rollout/                |             |
|    ep_len_mean          | 206         |
|    ep_rew_mean          | 80          |
| time/                   |             |
|    fps                  | 278         |
|    iterations           | 20          |
|    time_elapsed         | 587         |
|    total_timesteps      | 163840      |
| train/                  |             |
|    approx_kl            | 0.008715729 |
|    clip_fraction        | 0.0634      |
|    clip_range           | 0.2         |
|    entropy_loss         | -1.77       |
|    explained_variance   | 0.922       |
|    learning_rate        | 0.0003      |
|    loss                 | -0.0114     |
|    n_updates            | 95          |
|    policy_gradient_loss | -0.00771    |
|    value_loss           | 0.0361      |
-----------------------------------------
-----------------------------------------
| rollout/                |             |
|    ep_len_mean          | 208         |
|    ep_rew_mean          | 81.5        |
| time/                   |             |
|    fps                  | 278         |
|    iterations           | 21          |
|    time_elapsed         | 617         |
|    total_timesteps      | 172032      |
| train/                  |             |
|    approx_kl            | 0.006592017 |
|    clip_fraction        | 0.0511      |
|    clip_range           | 0.2         |
|    entropy_loss         | -1.74       |
|    explained_variance   | 0.941       |
|    learning_rate        | 0.0003      |
|    loss                 | -0.0132     |
|    n_updates            | 100         |
|    policy_gradient_loss | -0.00556    |
|    value_loss           | 0.0297      |
-----------------------------------------
-----------------------------------------
| rollout/                |             |
|    ep_len_mean          | 210         |
|    ep_rew_mean          | 84          |
| time/                   |             |
|    fps                  | 278         |
|    iterations           | 22          |
|    time_elapsed         | 647         |
|    total_timesteps      | 180224      |
| train/                  |             |
|    approx_kl            | 0.008501263 |
|    clip_fraction        | 0.06        |
|    clip_range           | 0.2         |
|    entropy_loss         | -1.73       |
|    explained_variance   | 0.928       |
|    learning_rate        | 0.0003      |
|    loss                 | -0.0167     |
|    n_updates            | 105         |
|    policy_gradient_loss | -0.00763    |
|    value_loss           | 0.0338      |
-----------------------------------------
----------------------------------------
| rollout/                |            |
|    ep_len_mean          | 204        |
|    ep_rew_mean          | 86.3       |
| time/                   |            |
|    fps                  | 278        |
|    iterations           | 23         |
|    time_elapsed         | 677        |
|    total_timesteps      | 188416     |
| train/                  |            |
|    approx_kl            | 0.00825982 |
|    clip_fraction        | 0.061      |
|    clip_range           | 0.2        |
|    entropy_loss         | -1.7       |
|    explained_variance   | 0.935      |
|    learning_rate        | 0.0003     |
|    loss                 | -0.0158    |
|    n_updates            | 110        |
|    policy_gradient_loss | -0.00684   |
|    value_loss           | 0.0317     |
----------------------------------------
----------------------------------------
| rollout/                |            |
|    ep_len_mean          | 194        |
|    ep_rew_mean          | 83.7       |
| time/                   |            |
|    fps                  | 277        |
|    iterations           | 24         |
|    time_elapsed         | 707        |
|    total_timesteps      | 196608     |
| train/                  |            |
|    approx_kl            | 0.00660165 |
|    clip_fraction        | 0.0483     |
|    clip_range           | 0.2        |
|    entropy_loss         | -1.65      |
|    explained_variance   | 0.939      |
|    learning_rate        | 0.0003     |
|    loss                 | -0.0144    |
|    n_updates            | 115        |
|    policy_gradient_loss | -0.0054    |
|    value_loss           | 0.0307     |
----------------------------------------
-----------------------------------------
| rollout/                |             |
|    ep_len_mean          | 188         |
|    ep_rew_mean          | 84.8        |
| time/                   |             |
|    fps                  | 277         |
|    iterations           | 25          |
|    time_elapsed         | 737         |
|    total_timesteps      | 204800      |
| train/                  |             |
|    approx_kl            | 0.009195267 |
|    clip_fraction        | 0.076       |
|    clip_range           | 0.2         |
|    entropy_loss         | -1.64       |
|    explained_variance   | 0.895       |
|    learning_rate        | 0.0003      |
|    loss                 | -0.00847    |
|    n_updates            | 120         |
|    policy_gradient_loss | -0.00928    |
|    value_loss           | 0.0516      |
-----------------------------------------
-----------------------------------------
| rollout/                |             |
|    ep_len_mean          | 195         |
|    ep_rew_mean          | 86.3        |
| time/                   |             |
|    fps                  | 277         |
|    iterations           | 26          |
|    time_elapsed         | 767         |
|    total_timesteps      | 212992      |
| train/                  |             |
|    approx_kl            | 0.007946648 |
|    clip_fraction        | 0.0521      |
|    clip_range           | 0.2         |
|    entropy_loss         | -1.58       |
|    explained_variance   | 0.932       |
|    learning_rate        | 0.0003      |
|    loss                 | -0.00906    |
|    n_updates            | 125         |
|    policy_gradient_loss | -0.00745    |
|    value_loss           | 0.0337      |
-----------------------------------------
------------------------------------------
| rollout/                |              |
|    ep_len_mean          | 200          |
|    ep_rew_mean          | 88.3         |
| time/                   |              |
|    fps                  | 277          |
|    iterations           | 27           |
|    time_elapsed         | 797          |
|    total_timesteps      | 221184       |
| train/                  |              |
|    approx_kl            | 0.0079403035 |
|    clip_fraction        | 0.0657       |
|    clip_range           | 0.2          |
|    entropy_loss         | -1.6         |
|    explained_variance   | 0.944        |
|    learning_rate        | 0.0003       |
|    loss                 | -0.0155      |
|    n_updates            | 130          |
|    policy_gradient_loss | -0.00755     |
|    value_loss           | 0.0313       |
------------------------------------------
------------------------------------------
| rollout/                |              |
|    ep_len_mean          | 194          |
|    ep_rew_mean          | 89.2         |
| time/                   |              |
|    fps                  | 277          |
|    iterations           | 28           |
|    time_elapsed         | 827          |
|    total_timesteps      | 229376       |
| train/                  |              |
|    approx_kl            | 0.0059743277 |
|    clip_fraction        | 0.0404       |
|    clip_range           | 0.2          |
|    entropy_loss         | -1.6         |
|    explained_variance   | 0.945        |
|    learning_rate        | 0.0003       |
|    loss                 | -0.00923     |
|    n_updates            | 135          |
|    policy_gradient_loss | -0.00559     |
|    value_loss           | 0.0301       |
------------------------------------------
------------------------------------------
| rollout/                |              |
|    ep_len_mean          | 191          |
|    ep_rew_mean          | 90           |
| time/                   |              |
|    fps                  | 277          |
|    iterations           | 29           |
|    time_elapsed         | 857          |
|    total_timesteps      | 237568       |
| train/                  |              |
|    approx_kl            | 0.0063908063 |
|    clip_fraction        | 0.0455       |
|    clip_range           | 0.2          |
|    entropy_loss         | -1.55        |
|    explained_variance   | 0.944        |
|    learning_rate        | 0.0003       |
|    loss                 | -0.0072      |
|    n_updates            | 140          |
|    policy_gradient_loss | -0.00572     |
|    value_loss           | 0.0302       |
------------------------------------------
----------------------------------------
| rollout/                |            |
|    ep_len_mean          | 186        |
|    ep_rew_mean          | 91.3       |
| time/                   |            |
|    fps                  | 276        |
|    iterations           | 30         |
|    time_elapsed         | 887        |
|    total_timesteps      | 245760     |
| train/                  |            |
|    approx_kl            | 0.00761249 |
|    clip_fraction        | 0.0591     |
|    clip_range           | 0.2        |
|    entropy_loss         | -1.48      |
|    explained_variance   | 0.938      |
|    learning_rate        | 0.0003     |
|    loss                 | -0.00288   |
|    n_updates            | 145        |
|    policy_gradient_loss | -0.00731   |
|    value_loss           | 0.0356     |
----------------------------------------
------------------------------------------
| rollout/                |              |
|    ep_len_mean          | 186          |
|    ep_rew_mean          | 91.5         |
| time/                   |              |
|    fps                  | 276          |
|    iterations           | 31           |
|    time_elapsed         | 917          |
|    total_timesteps      | 253952       |
| train/                  |              |
|    approx_kl            | 0.0061769113 |
|    clip_fraction        | 0.0533       |
|    clip_range           | 0.2          |
|    entropy_loss         | -1.47        |
|    explained_variance   | 0.953        |
|    learning_rate        | 0.0003       |
|    loss                 | -0.00268     |
|    n_updates            | 150          |
|    policy_gradient_loss | -0.00634     |
|    value_loss           | 0.0308       |
------------------------------------------
-----------------------------------------
| rollout/                |             |
|    ep_len_mean          | 180         |
|    ep_rew_mean          | 92.6        |
| time/                   |             |
|    fps                  | 276         |
|    iterations           | 32          |
|    time_elapsed         | 947         |
|    total_timesteps      | 262144      |
| train/                  |             |
|    approx_kl            | 0.006336672 |
|    clip_fraction        | 0.0473      |
|    clip_range           | 0.2         |
|    entropy_loss         | -1.42       |
|    explained_variance   | 0.952       |
|    learning_rate        | 0.0003      |
|    loss                 | -0.0129     |
|    n_updates            | 155         |
|    policy_gradient_loss | -0.00616    |
|    value_loss           | 0.0307      |
-----------------------------------------
-----------------------------------------
| rollout/                |             |
|    ep_len_mean          | 188         |
|    ep_rew_mean          | 93.5        |
| time/                   |             |
|    fps                  | 276         |
|    iterations           | 33          |
|    time_elapsed         | 978         |
|    total_timesteps      | 270336      |
| train/                  |             |
|    approx_kl            | 0.006757798 |
|    clip_fraction        | 0.0508      |
|    clip_range           | 0.2         |
|    entropy_loss         | -1.41       |
|    explained_variance   | 0.959       |
|    learning_rate        | 0.0003      |
|    loss                 | -0.00772    |
|    n_updates            | 160         |
|    policy_gradient_loss | -0.00646    |
|    value_loss           | 0.0264      |
-----------------------------------------
------------------------------------------
| rollout/                |              |
|    ep_len_mean          | 193          |
|    ep_rew_mean          | 94.5         |
| time/                   |              |
|    fps                  | 276          |
|    iterations           | 34           |
|    time_elapsed         | 1008         |
|    total_timesteps      | 278528       |
| train/                  |              |
|    approx_kl            | 0.0065151886 |
|    clip_fraction        | 0.047        |
|    clip_range           | 0.2          |
|    entropy_loss         | -1.42        |
|    explained_variance   | 0.961        |
|    learning_rate        | 0.0003       |
|    loss                 | -0.0109      |
|    n_updates            | 165          |
|    policy_gradient_loss | -0.00535     |
|    value_loss           | 0.0264       |
------------------------------------------
------------------------------------------
| rollout/                |              |
|    ep_len_mean          | 187          |
|    ep_rew_mean          | 94.7         |
| time/                   |              |
|    fps                  | 276          |
|    iterations           | 35           |
|    time_elapsed         | 1038         |
|    total_timesteps      | 286720       |
| train/                  |              |
|    approx_kl            | 0.0062140995 |
|    clip_fraction        | 0.0418       |
|    clip_range           | 0.2          |
|    entropy_loss         | -1.39        |
|    explained_variance   | 0.971        |
|    learning_rate        | 0.0003       |
|    loss                 | -0.0117      |
|    n_updates            | 170          |
|    policy_gradient_loss | -0.00464     |
|    value_loss           | 0.0193       |
------------------------------------------
------------------------------------------
| rollout/                |              |
|    ep_len_mean          | 185          |
|    ep_rew_mean          | 95.3         |
| time/                   |              |
|    fps                  | 276          |
|    iterations           | 36           |
|    time_elapsed         | 1068         |
|    total_timesteps      | 294912       |
| train/                  |              |
|    approx_kl            | 0.0073476047 |
|    clip_fraction        | 0.0671       |
|    clip_range           | 0.2          |
|    entropy_loss         | -1.35        |
|    explained_variance   | 0.959        |
|    learning_rate        | 0.0003       |
|    loss                 | -0.0123      |
|    n_updates            | 175          |
|    policy_gradient_loss | -0.0076      |
|    value_loss           | 0.0249       |
------------------------------------------
[Checkpoint] Saved at 300000 steps > C:\Users\Admin\Desktop\disciple\realnewdisciples-main\Big_map\campaign_checkpoints\super-last-stand-paralysis-3m-20260912-190628\campaign_ppo_step_300000.zip
Eval num_timesteps=300000, det_reward=100.40 +/- 7.85
Episode length: det=166.50 +/- 15.81
Victory rate: det=0.00%
--------------------------------------------------
| eval/                           |              |
|    deterministic_mean_ep_length | 166          |
|    deterministic_mean_reward    | 100          |
|    deterministic_victory_rate   | 0            |
|    mean_ep_length               | 166          |
|    mean_reward                  | 100          |
|    victory_rate                 | 0            |
| time/                           |              |
|    total_timesteps              | 300000       |
| train/                          |              |
|    approx_kl                    | 0.0054896707 |
|    clip_fraction                | 0.0392       |
|    clip_range                   | 0.2          |
|    entropy_loss                 | -1.39        |
|    explained_variance           | 0.973        |
|    learning_rate                | 0.0003       |
|    loss                         | -0.00507     |
|    n_updates                    | 180          |
|    policy_gradient_loss         | -0.00482     |
|    value_loss                   | 0.0194       |
--------------------------------------------------
New best model by deterministic victory rate!
---------------------------------
| rollout/           |          |
|    ep_len_mean     | 188      |
|    ep_rew_mean     | 96.3     |
| time/              |          |
|    fps             | 272      |
|    iterations      | 37       |
|    time_elapsed    | 1111     |
|    total_timesteps | 303104   |
---------------------------------
-----------------------------------------
| rollout/                |             |
|    ep_len_mean          | 187         |
|    ep_rew_mean          | 96.8        |
| time/                   |             |
|    fps                  | 272         |
|    iterations           | 38          |
|    time_elapsed         | 1142        |
|    total_timesteps      | 311296      |
| train/                  |             |
|    approx_kl            | 0.006247543 |
|    clip_fraction        | 0.0437      |
|    clip_range           | 0.2         |
|    entropy_loss         | -1.35       |
|    explained_variance   | 0.97        |
|    learning_rate        | 0.0003      |
|    loss                 | -0.0183     |
|    n_updates            | 185         |
|    policy_gradient_loss | -0.00621    |
|    value_loss           | 0.0194      |
-----------------------------------------
-----------------------------------------
| rollout/                |             |
|    ep_len_mean          | 192         |
|    ep_rew_mean          | 96.7        |
| time/                   |             |
|    fps                  | 272         |
|    iterations           | 39          |
|    time_elapsed         | 1173        |
|    total_timesteps      | 319488      |
| train/                  |             |
|    approx_kl            | 0.006508369 |
|    clip_fraction        | 0.0495      |
|    clip_range           | 0.2         |
|    entropy_loss         | -1.36       |
|    explained_variance   | 0.965       |
|    learning_rate        | 0.0003      |
|    loss                 | -0.0116     |
|    n_updates            | 190         |
|    policy_gradient_loss | -0.00544    |
|    value_loss           | 0.0229      |
-----------------------------------------
------------------------------------------
| rollout/                |              |
|    ep_len_mean          | 194          |
|    ep_rew_mean          | 98.2         |
| time/                   |              |
|    fps                  | 272          |
|    iterations           | 40           |
|    time_elapsed         | 1203         |
|    total_timesteps      | 327680       |
| train/                  |              |
|    approx_kl            | 0.0070302077 |
|    clip_fraction        | 0.0613       |
|    clip_range           | 0.2          |
|    entropy_loss         | -1.37        |
|    explained_variance   | 0.97         |
|    learning_rate        | 0.0003       |
|    loss                 | -0.018       |
|    n_updates            | 195          |
|    policy_gradient_loss | -0.0065      |
|    value_loss           | 0.0221       |
------------------------------------------
-----------------------------------------
| rollout/                |             |
|    ep_len_mean          | 191         |
|    ep_rew_mean          | 99.3        |
| time/                   |             |
|    fps                  | 272         |
|    iterations           | 41          |
|    time_elapsed         | 1233        |
|    total_timesteps      | 335872      |
| train/                  |             |
|    approx_kl            | 0.006331022 |
|    clip_fraction        | 0.0468      |
|    clip_range           | 0.2         |
|    entropy_loss         | -1.39       |
|    explained_variance   | 0.975       |
|    learning_rate        | 0.0003      |
|    loss                 | -0.0112     |
|    n_updates            | 200         |
|    policy_gradient_loss | -0.00547    |
|    value_loss           | 0.0177      |
-----------------------------------------
-----------------------------------------
| rollout/                |             |
|    ep_len_mean          | 186         |
|    ep_rew_mean          | 95          |
| time/                   |             |
|    fps                  | 272         |
|    iterations           | 42          |
|    time_elapsed         | 1263        |
|    total_timesteps      | 344064      |
| train/                  |             |
|    approx_kl            | 0.006429186 |
|    clip_fraction        | 0.0544      |
|    clip_range           | 0.2         |
|    entropy_loss         | -1.36       |
|    explained_variance   | 0.968       |
|    learning_rate        | 0.0003      |
|    loss                 | -0.0158     |
|    n_updates            | 205         |
|    policy_gradient_loss | -0.00662    |
|    value_loss           | 0.0216      |
-----------------------------------------
----------------------------------------
| rollout/                |            |
|    ep_len_mean          | 188        |
|    ep_rew_mean          | 94.1       |
| time/                   |            |
|    fps                  | 271        |
|    iterations           | 43         |
|    time_elapsed         | 1296       |
|    total_timesteps      | 352256     |
| train/                  |            |
|    approx_kl            | 0.00610177 |
|    clip_fraction        | 0.0511     |
|    clip_range           | 0.2        |
|    entropy_loss         | -1.39      |
|    explained_variance   | 0.961      |
|    learning_rate        | 0.0003     |
|    loss                 | -0.0043    |
|    n_updates            | 210        |
|    policy_gradient_loss | -0.00743   |
|    value_loss           | 0.0304     |
----------------------------------------
-----------------------------------------
| rollout/                |             |
|    ep_len_mean          | 190         |
|    ep_rew_mean          | 95.4        |
| time/                   |             |
|    fps                  | 271         |
|    iterations           | 44          |
|    time_elapsed         | 1327        |
|    total_timesteps      | 360448      |
| train/                  |             |
|    approx_kl            | 0.005553879 |
|    clip_fraction        | 0.0451      |
|    clip_range           | 0.2         |
|    entropy_loss         | -1.35       |
|    explained_variance   | 0.968       |
|    learning_rate        | 0.0003      |
|    loss                 | -0.0102     |
|    n_updates            | 215         |
|    policy_gradient_loss | -0.00524    |
|    value_loss           | 0.0235      |
-----------------------------------------
------------------------------------------
| rollout/                |              |
|    ep_len_mean          | 198          |
|    ep_rew_mean          | 96.6         |
| time/                   |              |
|    fps                  | 271          |
|    iterations           | 45           |
|    time_elapsed         | 1358         |
|    total_timesteps      | 368640       |
| train/                  |              |
|    approx_kl            | 0.0060913437 |
|    clip_fraction        | 0.0573       |
|    clip_range           | 0.2          |
|    entropy_loss         | -1.38        |
|    explained_variance   | 0.967        |
|    learning_rate        | 0.0003       |
|    loss                 | -0.013       |
|    n_updates            | 220          |
|    policy_gradient_loss | -0.00646     |
|    value_loss           | 0.0262       |
------------------------------------------
------------------------------------------
| rollout/                |              |
|    ep_len_mean          | 190          |
|    ep_rew_mean          | 96.2         |
| time/                   |              |
|    fps                  | 271          |
|    iterations           | 46           |
|    time_elapsed         | 1388         |
|    total_timesteps      | 376832       |
| train/                  |              |
|    approx_kl            | 0.0051494725 |
|    clip_fraction        | 0.0418       |
|    clip_range           | 0.2          |
|    entropy_loss         | -1.34        |
|    explained_variance   | 0.965        |
|    learning_rate        | 0.0003       |
|    loss                 | -0.0113      |
|    n_updates            | 225          |
|    policy_gradient_loss | -0.00516     |
|    value_loss           | 0.0249       |
------------------------------------------
-----------------------------------------
| rollout/                |             |
|    ep_len_mean          | 187         |
|    ep_rew_mean          | 97.4        |
| time/                   |             |
|    fps                  | 271         |
|    iterations           | 47          |
|    time_elapsed         | 1418        |
|    total_timesteps      | 385024      |
| train/                  |             |
|    approx_kl            | 0.006060393 |
|    clip_fraction        | 0.0478      |
|    clip_range           | 0.2         |
|    entropy_loss         | -1.33       |
|    explained_variance   | 0.965       |
|    learning_rate        | 0.0003      |
|    loss                 | -0.0156     |
|    n_updates            | 230         |
|    policy_gradient_loss | -0.00593    |
|    value_loss           | 0.0242      |
-----------------------------------------
------------------------------------------
| rollout/                |              |
|    ep_len_mean          | 192          |
|    ep_rew_mean          | 99.4         |
| time/                   |              |
|    fps                  | 271          |
|    iterations           | 48           |
|    time_elapsed         | 1447         |
|    total_timesteps      | 393216       |
| train/                  |              |
|    approx_kl            | 0.0059268465 |
|    clip_fraction        | 0.041        |
|    clip_range           | 0.2          |
|    entropy_loss         | -1.29        |
|    explained_variance   | 0.972        |
|    learning_rate        | 0.0003       |
|    loss                 | -0.011       |
|    n_updates            | 235          |
|    policy_gradient_loss | -0.00571     |
|    value_loss           | 0.0202       |
------------------------------------------
-----------------------------------------
| rollout/                |             |
|    ep_len_mean          | 190         |
|    ep_rew_mean          | 101         |
| time/                   |             |
|    fps                  | 271         |
|    iterations           | 49          |
|    time_elapsed         | 1477        |
|    total_timesteps      | 401408      |
| train/                  |             |
|    approx_kl            | 0.005474724 |
|    clip_fraction        | 0.0455      |
|    clip_range           | 0.2         |
|    entropy_loss         | -1.29       |
|    explained_variance   | 0.967       |
|    learning_rate        | 0.0003      |
|    loss                 | -0.0165     |
|    n_updates            | 240         |
|    policy_gradient_loss | -0.00566    |
|    value_loss           | 0.0254      |
-----------------------------------------
------------------------------------------
| rollout/                |              |
|    ep_len_mean          | 191          |
|    ep_rew_mean          | 98.8         |
| time/                   |              |
|    fps                  | 271          |
|    iterations           | 50           |
|    time_elapsed         | 1507         |
|    total_timesteps      | 409600       |
| train/                  |              |
|    approx_kl            | 0.0050226264 |
|    clip_fraction        | 0.0375       |
|    clip_range           | 0.2          |
|    entropy_loss         | -1.29        |
|    explained_variance   | 0.97         |
|    learning_rate        | 0.0003       |
|    loss                 | -0.00787     |
|    n_updates            | 245          |
|    policy_gradient_loss | -0.00451     |
|    value_loss           | 0.0223       |
------------------------------------------
-----------------------------------------
| rollout/                |             |
|    ep_len_mean          | 192         |
|    ep_rew_mean          | 98.4        |
| time/                   |             |
|    fps                  | 271         |
|    iterations           | 51          |
|    time_elapsed         | 1537        |
|    total_timesteps      | 417792      |
| train/                  |             |
|    approx_kl            | 0.007382916 |
|    clip_fraction        | 0.0407      |
|    clip_range           | 0.2         |
|    entropy_loss         | -1.34       |
|    explained_variance   | 0.963       |
|    learning_rate        | 0.0003      |
|    loss                 | -0.0126     |
|    n_updates            | 250         |
|    policy_gradient_loss | -0.00588    |
|    value_loss           | 0.0267      |
-----------------------------------------
------------------------------------------
| rollout/                |              |
|    ep_len_mean          | 195          |
|    ep_rew_mean          | 98.7         |
| time/                   |              |
|    fps                  | 271          |
|    iterations           | 52           |
|    time_elapsed         | 1567         |
|    total_timesteps      | 425984       |
| train/                  |              |
|    approx_kl            | 0.0058483044 |
|    clip_fraction        | 0.0503       |
|    clip_range           | 0.2          |
|    entropy_loss         | -1.3         |
|    explained_variance   | 0.969        |
|    learning_rate        | 0.0003       |
|    loss                 | -0.00793     |
|    n_updates            | 255          |
|    policy_gradient_loss | -0.00706     |
|    value_loss           | 0.0229       |
------------------------------------------
------------------------------------------
| rollout/                |              |
|    ep_len_mean          | 191          |
|    ep_rew_mean          | 98.5         |
| time/                   |              |
|    fps                  | 271          |
|    iterations           | 53           |
|    time_elapsed         | 1598         |
|    total_timesteps      | 434176       |
| train/                  |              |
|    approx_kl            | 0.0065206173 |
|    clip_fraction        | 0.0511       |
|    clip_range           | 0.2          |
|    entropy_loss         | -1.37        |
|    explained_variance   | 0.973        |
|    learning_rate        | 0.0003       |
|    loss                 | -0.0162      |
|    n_updates            | 260          |
|    policy_gradient_loss | -0.00502     |
|    value_loss           | 0.0208       |
------------------------------------------
-----------------------------------------
| rollout/                |             |
|    ep_len_mean          | 186         |
|    ep_rew_mean          | 96.7        |
| time/                   |             |
|    fps                  | 271         |
|    iterations           | 54          |
|    time_elapsed         | 1627        |
|    total_timesteps      | 442368      |
| train/                  |             |
|    approx_kl            | 0.006639716 |
|    clip_fraction        | 0.048       |
|    clip_range           | 0.2         |
|    entropy_loss         | -1.32       |
|    explained_variance   | 0.956       |
|    learning_rate        | 0.0003      |
|    loss                 | -0.00754    |
|    n_updates            | 265         |
|    policy_gradient_loss | -0.00613    |
|    value_loss           | 0.0356      |
-----------------------------------------
------------------------------------------
| rollout/                |              |
|    ep_len_mean          | 178          |
|    ep_rew_mean          | 96           |
| time/                   |              |
|    fps                  | 271          |
|    iterations           | 55           |
|    time_elapsed         | 1658         |
|    total_timesteps      | 450560       |
| train/                  |              |
|    approx_kl            | 0.0062949993 |
|    clip_fraction        | 0.0565       |
|    clip_range           | 0.2          |
|    entropy_loss         | -1.33        |
|    explained_variance   | 0.956        |
|    learning_rate        | 0.0003       |
|    loss                 | -0.00382     |
|    n_updates            | 270          |
|    policy_gradient_loss | -0.00608     |
|    value_loss           | 0.0306       |
------------------------------------------
------------------------------------------
| rollout/                |              |
|    ep_len_mean          | 173          |
|    ep_rew_mean          | 95.1         |
| time/                   |              |
|    fps                  | 271          |
|    iterations           | 56           |
|    time_elapsed         | 1688         |
|    total_timesteps      | 458752       |
| train/                  |              |
|    approx_kl            | 0.0070868516 |
|    clip_fraction        | 0.0594       |
|    clip_range           | 0.2          |
|    entropy_loss         | -1.32        |
|    explained_variance   | 0.954        |
|    learning_rate        | 0.0003       |
|    loss                 | -0.0159      |
|    n_updates            | 275          |
|    policy_gradient_loss | -0.0063      |
|    value_loss           | 0.0354       |
------------------------------------------
------------------------------------------
| rollout/                |              |
|    ep_len_mean          | 175          |
|    ep_rew_mean          | 97.4         |
| time/                   |              |
|    fps                  | 271          |
|    iterations           | 57           |
|    time_elapsed         | 1718         |
|    total_timesteps      | 466944       |
| train/                  |              |
|    approx_kl            | 0.0062495535 |
|    clip_fraction        | 0.0422       |
|    clip_range           | 0.2          |
|    entropy_loss         | -1.3         |
|    explained_variance   | 0.957        |
|    learning_rate        | 0.0003       |
|    loss                 | -0.0118      |
|    n_updates            | 280          |
|    policy_gradient_loss | -0.00649     |
|    value_loss           | 0.0273       |
------------------------------------------
------------------------------------------
| rollout/                |              |
|    ep_len_mean          | 177          |
|    ep_rew_mean          | 98.4         |
| time/                   |              |
|    fps                  | 271          |
|    iterations           | 58           |
|    time_elapsed         | 1749         |
|    total_timesteps      | 475136       |
| train/                  |              |
|    approx_kl            | 0.0069013163 |
|    clip_fraction        | 0.0513       |
|    clip_range           | 0.2          |
|    entropy_loss         | -1.33        |
|    explained_variance   | 0.964        |
|    learning_rate        | 0.0003       |
|    loss                 | -0.00748     |
|    n_updates            | 285          |
|    policy_gradient_loss | -0.00609     |
|    value_loss           | 0.0267       |
------------------------------------------
------------------------------------------
| rollout/                |              |
|    ep_len_mean          | 174          |
|    ep_rew_mean          | 97.2         |
| time/                   |              |
|    fps                  | 271          |
|    iterations           | 59           |
|    time_elapsed         | 1779         |
|    total_timesteps      | 483328       |
| train/                  |              |
|    approx_kl            | 0.0062002623 |
|    clip_fraction        | 0.0442       |
|    clip_range           | 0.2          |
|    entropy_loss         | -1.31        |
|    explained_variance   | 0.956        |
|    learning_rate        | 0.0003       |
|    loss                 | -0.0131      |
|    n_updates            | 290          |
|    policy_gradient_loss | -0.00567     |
|    value_loss           | 0.0324       |
------------------------------------------
----------------------------------------
| rollout/                |            |
|    ep_len_mean          | 169        |
|    ep_rew_mean          | 95.4       |
| time/                   |            |
|    fps                  | 271        |
|    iterations           | 60         |
|    time_elapsed         | 1810       |
|    total_timesteps      | 491520     |
| train/                  |            |
|    approx_kl            | 0.00653897 |
|    clip_fraction        | 0.0397     |
|    clip_range           | 0.2        |
|    entropy_loss         | -1.29      |
|    explained_variance   | 0.962      |
|    learning_rate        | 0.0003     |
|    loss                 | -0.0119    |
|    n_updates            | 295        |
|    policy_gradient_loss | -0.00511   |
|    value_loss           | 0.0282     |
----------------------------------------
------------------------------------------
| rollout/                |              |
|    ep_len_mean          | 161          |
|    ep_rew_mean          | 95.9         |
| time/                   |              |
|    fps                  | 271          |
|    iterations           | 61           |
|    time_elapsed         | 1840         |
|    total_timesteps      | 499712       |
| train/                  |              |
|    approx_kl            | 0.0059705563 |
|    clip_fraction        | 0.0345       |
|    clip_range           | 0.2          |
|    entropy_loss         | -1.28        |
|    explained_variance   | 0.954        |
|    learning_rate        | 0.0003       |
|    loss                 | -0.00479     |
|    n_updates            | 300          |
|    policy_gradient_loss | -0.00492     |
|    value_loss           | 0.0317       |
------------------------------------------
------------------------------------------
| rollout/                |              |
|    ep_len_mean          | 160          |
|    ep_rew_mean          | 95.3         |
| time/                   |              |
|    fps                  | 271          |
|    iterations           | 62           |
|    time_elapsed         | 1871         |
|    total_timesteps      | 507904       |
| train/                  |              |
|    approx_kl            | 0.0056351693 |
|    clip_fraction        | 0.0421       |
|    clip_range           | 0.2          |
|    entropy_loss         | -1.27        |
|    explained_variance   | 0.951        |
|    learning_rate        | 0.0003       |
|    loss                 | -0.00553     |
|    n_updates            | 305          |
|    policy_gradient_loss | -0.00513     |
|    value_loss           | 0.0355       |
------------------------------------------
------------------------------------------
| rollout/                |              |
|    ep_len_mean          | 165          |
|    ep_rew_mean          | 96.2         |
| time/                   |              |
|    fps                  | 271          |
|    iterations           | 63           |
|    time_elapsed         | 1901         |
|    total_timesteps      | 516096       |
| train/                  |              |
|    approx_kl            | 0.0076047652 |
|    clip_fraction        | 0.0651       |
|    clip_range           | 0.2          |
|    entropy_loss         | -1.28        |
|    explained_variance   | 0.937        |
|    learning_rate        | 0.0003       |
|    loss                 | -0.0104      |
|    n_updates            | 310          |
|    policy_gradient_loss | -0.00755     |
|    value_loss           | 0.048        |
------------------------------------------
-----------------------------------------
| rollout/                |             |
|    ep_len_mean          | 166         |
|    ep_rew_mean          | 96.7        |
| time/                   |             |
|    fps                  | 271         |
|    iterations           | 64          |
|    time_elapsed         | 1931        |
|    total_timesteps      | 524288      |
| train/                  |             |
|    approx_kl            | 0.006198001 |
|    clip_fraction        | 0.0379      |
|    clip_range           | 0.2         |
|    entropy_loss         | -1.27       |
|    explained_variance   | 0.962       |
|    learning_rate        | 0.0003      |
|    loss                 | -0.0155     |
|    n_updates            | 315         |
|    policy_gradient_loss | -0.00505    |
|    value_loss           | 0.0277      |
-----------------------------------------
-----------------------------------------
| rollout/                |             |
|    ep_len_mean          | 161         |
|    ep_rew_mean          | 96.2        |
| time/                   |             |
|    fps                  | 272         |
|    iterations           | 65          |
|    time_elapsed         | 1957        |
|    total_timesteps      | 532480      |
| train/                  |             |
|    approx_kl            | 0.011577231 |
|    clip_fraction        | 0.0552      |
|    clip_range           | 0.2         |
|    entropy_loss         | -1.28       |
|    explained_variance   | 0.96        |
|    learning_rate        | 0.0003      |
|    loss                 | -0.0136     |
|    n_updates            | 320         |
|    policy_gradient_loss | -0.00579    |
|    value_loss           | 0.0338      |
-----------------------------------------
------------------------------------------
| rollout/                |              |
|    ep_len_mean          | 211          |
|    ep_rew_mean          | 86.8         |
| time/                   |              |
|    fps                  | 272          |
|    iterations           | 66           |
|    time_elapsed         | 1984         |
|    total_timesteps      | 540672       |
| train/                  |              |
|    approx_kl            | 0.0077764695 |
|    clip_fraction        | 0.0497       |
|    clip_range           | 0.2          |
|    entropy_loss         | -1.32        |
|    explained_variance   | 0.97         |
|    learning_rate        | 0.0003       |
|    loss                 | -0.000389    |
|    n_updates            | 325          |
|    policy_gradient_loss | -0.00645     |
|    value_loss           | 0.032        |
------------------------------------------
-----------------------------------------
| rollout/                |             |
|    ep_len_mean          | 213         |
|    ep_rew_mean          | 87.8        |
| time/                   |             |
|    fps                  | 272         |
|    iterations           | 67          |
|    time_elapsed         | 2014        |
|    total_timesteps      | 548864      |
| train/                  |             |
|    approx_kl            | 0.017398708 |
|    clip_fraction        | 0.0742      |
|    clip_range           | 0.2         |
|    entropy_loss         | -1.38       |
|    explained_variance   | 0.976       |
|    learning_rate        | 0.0003      |
|    loss                 | -0.0214     |
|    n_updates            | 330         |
|    policy_gradient_loss | -0.00754    |
|    value_loss           | 0.0261      |
-----------------------------------------
-----------------------------------------
| rollout/                |             |
|    ep_len_mean          | 164         |
|    ep_rew_mean          | 98.2        |
| time/                   |             |
|    fps                  | 272         |
|    iterations           | 68          |
|    time_elapsed         | 2045        |
|    total_timesteps      | 557056      |
| train/                  |             |
|    approx_kl            | 0.006919208 |
|    clip_fraction        | 0.0501      |
|    clip_range           | 0.2         |
|    entropy_loss         | -1.22       |
|    explained_variance   | 0.949       |
|    learning_rate        | 0.0003      |
|    loss                 | -0.012      |
|    n_updates            | 335         |
|    policy_gradient_loss | -0.00472    |
|    value_loss           | 0.0356      |
-----------------------------------------
------------------------------------------
| rollout/                |              |
|    ep_len_mean          | 168          |
|    ep_rew_mean          | 101          |
| time/                   |              |
|    fps                  | 272          |
|    iterations           | 69           |
|    time_elapsed         | 2075         |
|    total_timesteps      | 565248       |
| train/                  |              |
|    approx_kl            | 0.0048654173 |
|    clip_fraction        | 0.0323       |
|    clip_range           | 0.2          |
|    entropy_loss         | -1.23        |
|    explained_variance   | 0.961        |
|    learning_rate        | 0.0003       |
|    loss                 | 0.00022      |
|    n_updates            | 340          |
|    policy_gradient_loss | -0.00441     |
|    value_loss           | 0.0244       |
------------------------------------------
-----------------------------------------
| rollout/                |             |
|    ep_len_mean          | 168         |
|    ep_rew_mean          | 101         |
| time/                   |             |
|    fps                  | 272         |
|    iterations           | 70          |
|    time_elapsed         | 2106        |
|    total_timesteps      | 573440      |
| train/                  |             |
|    approx_kl            | 0.005434772 |
|    clip_fraction        | 0.0381      |
|    clip_range           | 0.2         |
|    entropy_loss         | -1.18       |
|    explained_variance   | 0.963       |
|    learning_rate        | 0.0003      |
|    loss                 | -0.00778    |
|    n_updates            | 345         |
|    policy_gradient_loss | -0.00513    |
|    value_loss           | 0.0248      |
-----------------------------------------
----------------------------------------
| rollout/                |            |
|    ep_len_mean          | 162        |
|    ep_rew_mean          | 98.5       |
| time/                   |            |
|    fps                  | 272        |
|    iterations           | 71         |
|    time_elapsed         | 2136       |
|    total_timesteps      | 581632     |
| train/                  |            |
|    approx_kl            | 0.00615526 |
|    clip_fraction        | 0.0483     |
|    clip_range           | 0.2        |
|    entropy_loss         | -1.17      |
|    explained_variance   | 0.963      |
|    learning_rate        | 0.0003     |
|    loss                 | -0.00769   |
|    n_updates            | 350        |
|    policy_gradient_loss | -0.00635   |
|    value_loss           | 0.0257     |
----------------------------------------
------------------------------------------
| rollout/                |              |
|    ep_len_mean          | 165          |
|    ep_rew_mean          | 98.3         |
| time/                   |              |
|    fps                  | 272          |
|    iterations           | 72           |
|    time_elapsed         | 2166         |
|    total_timesteps      | 589824       |
| train/                  |              |
|    approx_kl            | 0.0071945554 |
|    clip_fraction        | 0.0442       |
|    clip_range           | 0.2          |
|    entropy_loss         | -1.22        |
|    explained_variance   | 0.969        |
|    learning_rate        | 0.0003       |
|    loss                 | -0.00715     |
|    n_updates            | 355          |
|    policy_gradient_loss | -0.00678     |
|    value_loss           | 0.0221       |
------------------------------------------
------------------------------------------
| rollout/                |              |
|    ep_len_mean          | 186          |
|    ep_rew_mean          | 98.6         |
| time/                   |              |
|    fps                  | 272          |
|    iterations           | 73           |
|    time_elapsed         | 2194         |
|    total_timesteps      | 598016       |
| train/                  |              |
|    approx_kl            | 0.0061888136 |
|    clip_fraction        | 0.0453       |
|    clip_range           | 0.2          |
|    entropy_loss         | -1.15        |
|    explained_variance   | 0.956        |
|    learning_rate        | 0.0003       |
|    loss                 | -0.00675     |
|    n_updates            | 360          |
|    policy_gradient_loss | -0.00518     |
|    value_loss           | 0.0257       |
------------------------------------------
[Checkpoint] Saved at 600000 steps > C:\Users\Admin\Desktop\disciple\realnewdisciples-main\Big_map\campaign_checkpoints\super-last-stand-paralysis-3m-20260912-190628\campaign_ppo_step_600000.zip
Eval num_timesteps=600000, det_reward=115.40 +/- 7.44
Episode length: det=189.55 +/- 35.97
Victory rate: det=0.00%
--------------------------------------------------
| eval/                           |              |
|    deterministic_mean_ep_length | 190          |
|    deterministic_mean_reward    | 115          |
|    deterministic_victory_rate   | 0            |
|    mean_ep_length               | 190          |
|    mean_reward                  | 115          |
|    victory_rate                 | 0            |
| time/                           |              |
|    total_timesteps              | 600000       |
| train/                          |              |
|    approx_kl                    | 0.0043053543 |
|    clip_fraction                | 0.0295       |
|    clip_range                   | 0.2          |
|    entropy_loss                 | -0.99        |
|    explained_variance           | 0.961        |
|    learning_rate                | 0.0003       |
|    loss                         | -0.00902     |
|    n_updates                    | 365          |
|    policy_gradient_loss         | -0.00456     |
|    value_loss                   | 0.02         |
--------------------------------------------------
New best model by deterministic victory rate!
---------------------------------
| rollout/           |          |
|    ep_len_mean     | 188      |
|    ep_rew_mean     | 100      |
| time/              |          |
|    fps             | 270      |
|    iterations      | 74       |
|    time_elapsed    | 2240     |
|    total_timesteps | 606208   |
---------------------------------
------------------------------------------
| rollout/                |              |
|    ep_len_mean          | 162          |
|    ep_rew_mean          | 99.2         |
| time/                   |              |
|    fps                  | 270          |
|    iterations           | 75           |
|    time_elapsed         | 2271         |
|    total_timesteps      | 614400       |
| train/                  |              |
|    approx_kl            | 0.0047093504 |
|    clip_fraction        | 0.0436       |
|    clip_range           | 0.2          |
|    entropy_loss         | -1.17        |
|    explained_variance   | 0.967        |
|    learning_rate        | 0.0003       |
|    loss                 | -0.0187      |
|    n_updates            | 370          |
|    policy_gradient_loss | -0.00436     |
|    value_loss           | 0.0231       |
------------------------------------------
------------------------------------------
| rollout/                |              |
|    ep_len_mean          | 160          |
|    ep_rew_mean          | 99.1         |
| time/                   |              |
|    fps                  | 270          |
|    iterations           | 76           |
|    time_elapsed         | 2302         |
|    total_timesteps      | 622592       |
| train/                  |              |
|    approx_kl            | 0.0062699732 |
|    clip_fraction        | 0.0601       |
|    clip_range           | 0.2          |
|    entropy_loss         | -1.18        |
|    explained_variance   | 0.948        |
|    learning_rate        | 0.0003       |
|    loss                 | 0.00321      |
|    n_updates            | 375          |
|    policy_gradient_loss | -0.00522     |
|    value_loss           | 0.0359       |
------------------------------------------
------------------------------------------
| rollout/                |              |
|    ep_len_mean          | 158          |
|    ep_rew_mean          | 99.4         |
| time/                   |              |
|    fps                  | 270          |
|    iterations           | 77           |
|    time_elapsed         | 2333         |
|    total_timesteps      | 630784       |
| train/                  |              |
|    approx_kl            | 0.0055096573 |
|    clip_fraction        | 0.0394       |
|    clip_range           | 0.2          |
|    entropy_loss         | -1.14        |
|    explained_variance   | 0.967        |
|    learning_rate        | 0.0003       |
|    loss                 | -0.00929     |
|    n_updates            | 380          |
|    policy_gradient_loss | -0.0048      |
|    value_loss           | 0.0241       |
------------------------------------------
-----------------------------------------
| rollout/                |             |
|    ep_len_mean          | 156         |
|    ep_rew_mean          | 98.9        |
| time/                   |             |
|    fps                  | 270         |
|    iterations           | 78          |
|    time_elapsed         | 2364        |
|    total_timesteps      | 638976      |
| train/                  |             |
|    approx_kl            | 0.004489759 |
|    clip_fraction        | 0.0338      |
|    clip_range           | 0.2         |
|    entropy_loss         | -1.13       |
|    explained_variance   | 0.954       |
|    learning_rate        | 0.0003      |
|    loss                 | -0.00512    |
|    n_updates            | 385         |
|    policy_gradient_loss | -0.00413    |
|    value_loss           | 0.0311      |
-----------------------------------------
-----------------------------------------
| rollout/                |             |
|    ep_len_mean          | 155         |
|    ep_rew_mean          | 100         |
| time/                   |             |
|    fps                  | 270         |
|    iterations           | 79          |
|    time_elapsed         | 2395        |
|    total_timesteps      | 647168      |
| train/                  |             |
|    approx_kl            | 0.004764664 |
|    clip_fraction        | 0.0345      |
|    clip_range           | 0.2         |
|    entropy_loss         | -1.13       |
|    explained_variance   | 0.956       |
|    learning_rate        | 0.0003      |
|    loss                 | -0.00251    |
|    n_updates            | 390         |
|    policy_gradient_loss | -0.00423    |
|    value_loss           | 0.0291      |
-----------------------------------------
-----------------------------------------
| rollout/                |             |
|    ep_len_mean          | 157         |
|    ep_rew_mean          | 100         |
| time/                   |             |
|    fps                  | 270         |
|    iterations           | 80          |
|    time_elapsed         | 2425        |
|    total_timesteps      | 655360      |
| train/                  |             |
|    approx_kl            | 0.004470536 |
|    clip_fraction        | 0.0395      |
|    clip_range           | 0.2         |
|    entropy_loss         | -1.09       |
|    explained_variance   | 0.96        |
|    learning_rate        | 0.0003      |
|    loss                 | -0.00791    |
|    n_updates            | 395         |
|    policy_gradient_loss | -0.00452    |
|    value_loss           | 0.0289      |
-----------------------------------------
------------------------------------------
| rollout/                |              |
|    ep_len_mean          | 159          |
|    ep_rew_mean          | 99.3         |
| time/                   |              |
|    fps                  | 270          |
|    iterations           | 81           |
|    time_elapsed         | 2456         |
|    total_timesteps      | 663552       |
| train/                  |              |
|    approx_kl            | 0.0063042855 |
|    clip_fraction        | 0.0518       |
|    clip_range           | 0.2          |
|    entropy_loss         | -1.15        |
|    explained_variance   | 0.961        |
|    learning_rate        | 0.0003       |
|    loss                 | -0.00877     |
|    n_updates            | 400          |
|    policy_gradient_loss | -0.00539     |
|    value_loss           | 0.0264       |
------------------------------------------
------------------------------------------
| rollout/                |              |
|    ep_len_mean          | 159          |
|    ep_rew_mean          | 98.9         |
| time/                   |              |
|    fps                  | 270          |
|    iterations           | 82           |
|    time_elapsed         | 2487         |
|    total_timesteps      | 671744       |
| train/                  |              |
|    approx_kl            | 0.0041900063 |
|    clip_fraction        | 0.0327       |
|    clip_range           | 0.2          |
|    entropy_loss         | -1.12        |
|    explained_variance   | 0.968        |
|    learning_rate        | 0.0003       |
|    loss                 | -0.00621     |
|    n_updates            | 405          |
|    policy_gradient_loss | -0.00399     |
|    value_loss           | 0.0218       |
------------------------------------------
------------------------------------------
| rollout/                |              |
|    ep_len_mean          | 160          |
|    ep_rew_mean          | 99.1         |
| time/                   |              |
|    fps                  | 269          |
|    iterations           | 83           |
|    time_elapsed         | 2518         |
|    total_timesteps      | 679936       |
| train/                  |              |
|    approx_kl            | 0.0054830597 |
|    clip_fraction        | 0.0394       |
|    clip_range           | 0.2          |
|    entropy_loss         | -1.2         |
|    explained_variance   | 0.973        |
|    learning_rate        | 0.0003       |
|    loss                 | -0.00948     |
|    n_updates            | 410          |
|    policy_gradient_loss | -0.00393     |
|    value_loss           | 0.0209       |
------------------------------------------
-----------------------------------------
| rollout/                |             |
|    ep_len_mean          | 160         |
|    ep_rew_mean          | 99.6        |
| time/                   |             |
|    fps                  | 270         |
|    iterations           | 84          |
|    time_elapsed         | 2546        |
|    total_timesteps      | 688128      |
| train/                  |             |
|    approx_kl            | 0.004464113 |
|    clip_fraction        | 0.0377      |
|    clip_range           | 0.2         |
|    entropy_loss         | -1.09       |
|    explained_variance   | 0.961       |
|    learning_rate        | 0.0003      |
|    loss                 | -0.00585    |
|    n_updates            | 415         |
|    policy_gradient_loss | -0.00451    |
|    value_loss           | 0.0275      |
-----------------------------------------
------------------------------------------
| rollout/                |              |
|    ep_len_mean          | 188          |
|    ep_rew_mean          | 100          |
| time/                   |              |
|    fps                  | 270          |
|    iterations           | 85           |
|    time_elapsed         | 2576         |
|    total_timesteps      | 696320       |
| train/                  |              |
|    approx_kl            | 0.0049820887 |
|    clip_fraction        | 0.0458       |
|    clip_range           | 0.2          |
|    entropy_loss         | -0.961       |
|    explained_variance   | 0.967        |
|    learning_rate        | 0.0003       |
|    loss                 | -0.00786     |
|    n_updates            | 420          |
|    policy_gradient_loss | -0.0055      |
|    value_loss           | 0.0208       |
------------------------------------------
------------------------------------------
| rollout/                |              |
|    ep_len_mean          | 187          |
|    ep_rew_mean          | 99.2         |
| time/                   |              |
|    fps                  | 270          |
|    iterations           | 86           |
|    time_elapsed         | 2607         |
|    total_timesteps      | 704512       |
| train/                  |              |
|    approx_kl            | 0.0063309222 |
|    clip_fraction        | 0.0481       |
|    clip_range           | 0.2          |
|    entropy_loss         | -1.17        |
|    explained_variance   | 0.967        |
|    learning_rate        | 0.0003       |
|    loss                 | -0.00585     |
|    n_updates            | 425          |
|    policy_gradient_loss | -0.00451     |
|    value_loss           | 0.0248       |
------------------------------------------
------------------------------------------
| rollout/                |              |
|    ep_len_mean          | 162          |
|    ep_rew_mean          | 99.8         |
| time/                   |              |
|    fps                  | 270          |
|    iterations           | 87           |
|    time_elapsed         | 2637         |
|    total_timesteps      | 712704       |
| train/                  |              |
|    approx_kl            | 0.0063873613 |
|    clip_fraction        | 0.0523       |
|    clip_range           | 0.2          |
|    entropy_loss         | -1.16        |
|    explained_variance   | 0.964        |
|    learning_rate        | 0.0003       |
|    loss                 | -0.0133      |
|    n_updates            | 430          |
|    policy_gradient_loss | -0.00489     |
|    value_loss           | 0.0224       |
------------------------------------------
------------------------------------------
| rollout/                |              |
|    ep_len_mean          | 167          |
|    ep_rew_mean          | 103          |
| time/                   |              |
|    fps                  | 270          |
|    iterations           | 88           |
|    time_elapsed         | 2668         |
|    total_timesteps      | 720896       |
| train/                  |              |
|    approx_kl            | 0.0069139344 |
|    clip_fraction        | 0.0486       |
|    clip_range           | 0.2          |
|    entropy_loss         | -1.2         |
|    explained_variance   | 0.96         |
|    learning_rate        | 0.0003       |
|    loss                 | -0.000758    |
|    n_updates            | 435          |
|    policy_gradient_loss | -0.00484     |
|    value_loss           | 0.0266       |
------------------------------------------
------------------------------------------
| rollout/                |              |
|    ep_len_mean          | 166          |
|    ep_rew_mean          | 101          |
| time/                   |              |
|    fps                  | 270          |
|    iterations           | 89           |
|    time_elapsed         | 2699         |
|    total_timesteps      | 729088       |
| train/                  |              |
|    approx_kl            | 0.0060819876 |
|    clip_fraction        | 0.0449       |
|    clip_range           | 0.2          |
|    entropy_loss         | -1.18        |
|    explained_variance   | 0.967        |
|    learning_rate        | 0.0003       |
|    loss                 | -0.0098      |
|    n_updates            | 440          |
|    policy_gradient_loss | -0.00476     |
|    value_loss           | 0.0197       |
------------------------------------------
------------------------------------------
| rollout/                |              |
|    ep_len_mean          | 172          |
|    ep_rew_mean          | 103          |
| time/                   |              |
|    fps                  | 270          |
|    iterations           | 90           |
|    time_elapsed         | 2729         |
|    total_timesteps      | 737280       |
| train/                  |              |
|    approx_kl            | 0.0055961777 |
|    clip_fraction        | 0.0396       |
|    clip_range           | 0.2          |
|    entropy_loss         | -1.21        |
|    explained_variance   | 0.968        |
|    learning_rate        | 0.0003       |
|    loss                 | -0.00914     |
|    n_updates            | 445          |
|    policy_gradient_loss | -0.00513     |
|    value_loss           | 0.0211       |
------------------------------------------
------------------------------------------
| rollout/                |              |
|    ep_len_mean          | 179          |
|    ep_rew_mean          | 104          |
| time/                   |              |
|    fps                  | 270          |
|    iterations           | 91           |
|    time_elapsed         | 2759         |
|    total_timesteps      | 745472       |
| train/                  |              |
|    approx_kl            | 0.0064779045 |
|    clip_fraction        | 0.0388       |
|    clip_range           | 0.2          |
|    entropy_loss         | -1.18        |
|    explained_variance   | 0.969        |
|    learning_rate        | 0.0003       |
|    loss                 | -0.00237     |
|    n_updates            | 450          |
|    policy_gradient_loss | -0.00409     |
|    value_loss           | 0.0212       |
------------------------------------------
-----------------------------------------
| rollout/                |             |
|    ep_len_mean          | 180         |
|    ep_rew_mean          | 102         |
| time/                   |             |
|    fps                  | 270         |
|    iterations           | 92          |
|    time_elapsed         | 2790        |
|    total_timesteps      | 753664      |
| train/                  |             |
|    approx_kl            | 0.006434379 |
|    clip_fraction        | 0.0386      |
|    clip_range           | 0.2         |
|    entropy_loss         | -1.22       |
|    explained_variance   | 0.969       |
|    learning_rate        | 0.0003      |
|    loss                 | -0.014      |
|    n_updates            | 455         |
|    policy_gradient_loss | -0.00474    |
|    value_loss           | 0.0217      |
-----------------------------------------
------------------------------------------
| rollout/                |              |
|    ep_len_mean          | 184          |
|    ep_rew_mean          | 102          |
| time/                   |              |
|    fps                  | 270          |
|    iterations           | 93           |
|    time_elapsed         | 2821         |
|    total_timesteps      | 761856       |
| train/                  |              |
|    approx_kl            | 0.0067340005 |
|    clip_fraction        | 0.0528       |
|    clip_range           | 0.2          |
|    entropy_loss         | -1.17        |
|    explained_variance   | 0.97         |
|    learning_rate        | 0.0003       |
|    loss                 | -0.0116      |
|    n_updates            | 460          |
|    policy_gradient_loss | -0.00616     |
|    value_loss           | 0.0211       |
------------------------------------------
------------------------------------------
| rollout/                |              |
|    ep_len_mean          | 186          |
|    ep_rew_mean          | 103          |
| time/                   |              |
|    fps                  | 270          |
|    iterations           | 94           |
|    time_elapsed         | 2851         |
|    total_timesteps      | 770048       |
| train/                  |              |
|    approx_kl            | 0.0068772524 |
|    clip_fraction        | 0.0504       |
|    clip_range           | 0.2          |
|    entropy_loss         | -1.25        |
|    explained_variance   | 0.971        |
|    learning_rate        | 0.0003       |
|    loss                 | -0.00487     |
|    n_updates            | 465          |
|    policy_gradient_loss | -0.00468     |
|    value_loss           | 0.0217       |
------------------------------------------
------------------------------------------
| rollout/                |              |
|    ep_len_mean          | 188          |
|    ep_rew_mean          | 104          |
| time/                   |              |
|    fps                  | 270          |
|    iterations           | 95           |
|    time_elapsed         | 2881         |
|    total_timesteps      | 778240       |
| train/                  |              |
|    approx_kl            | 0.0066681635 |
|    clip_fraction        | 0.0482       |
|    clip_range           | 0.2          |
|    entropy_loss         | -1.24        |
|    explained_variance   | 0.97         |
|    learning_rate        | 0.0003       |
|    loss                 | -0.0102      |
|    n_updates            | 470          |
|    policy_gradient_loss | -0.00497     |
|    value_loss           | 0.0223       |
------------------------------------------
-----------------------------------------
| rollout/                |             |
|    ep_len_mean          | 184         |
|    ep_rew_mean          | 104         |
| time/                   |             |
|    fps                  | 270         |
|    iterations           | 96          |
|    time_elapsed         | 2911        |
|    total_timesteps      | 786432      |
| train/                  |             |
|    approx_kl            | 0.009617368 |
|    clip_fraction        | 0.057       |
|    clip_range           | 0.2         |
|    entropy_loss         | -1.23       |
|    explained_variance   | 0.973       |
|    learning_rate        | 0.0003      |
|    loss                 | 0.000295    |
|    n_updates            | 475         |
|    policy_gradient_loss | -0.00559    |
|    value_loss           | 0.0212      |
-----------------------------------------
-----------------------------------------
| rollout/                |             |
|    ep_len_mean          | 181         |
|    ep_rew_mean          | 105         |
| time/                   |             |
|    fps                  | 270         |
|    iterations           | 97          |
|    time_elapsed         | 2941        |
|    total_timesteps      | 794624      |
| train/                  |             |
|    approx_kl            | 0.005193311 |
|    clip_fraction        | 0.0387      |
|    clip_range           | 0.2         |
|    entropy_loss         | -1.21       |
|    explained_variance   | 0.967       |
|    learning_rate        | 0.0003      |
|    loss                 | -0.0127     |
|    n_updates            | 480         |
|    policy_gradient_loss | -0.00504    |
|    value_loss           | 0.0251      |
-----------------------------------------
------------------------------------------
| rollout/                |              |
|    ep_len_mean          | 176          |
|    ep_rew_mean          | 105          |
| time/                   |              |
|    fps                  | 270          |
|    iterations           | 98           |
|    time_elapsed         | 2972         |
|    total_timesteps      | 802816       |
| train/                  |              |
|    approx_kl            | 0.0044353157 |
|    clip_fraction        | 0.0344       |
|    clip_range           | 0.2          |
|    entropy_loss         | -1.21        |
|    explained_variance   | 0.964        |
|    learning_rate        | 0.0003       |
|    loss                 | -0.00217     |
|    n_updates            | 485          |
|    policy_gradient_loss | -0.00412     |
|    value_loss           | 0.0274       |
------------------------------------------
------------------------------------------
| rollout/                |              |
|    ep_len_mean          | 180          |
|    ep_rew_mean          | 105          |
| time/                   |              |
|    fps                  | 270          |
|    iterations           | 99           |
|    time_elapsed         | 3002         |
|    total_timesteps      | 811008       |
| train/                  |              |
|    approx_kl            | 0.0045011854 |
|    clip_fraction        | 0.0399       |
|    clip_range           | 0.2          |
|    entropy_loss         | -1.17        |
|    explained_variance   | 0.968        |
|    learning_rate        | 0.0003       |
|    loss                 | -0.00815     |
|    n_updates            | 490          |
|    policy_gradient_loss | -0.00436     |
|    value_loss           | 0.0225       |
------------------------------------------
------------------------------------------
| rollout/                |              |
|    ep_len_mean          | 180          |
|    ep_rew_mean          | 104          |
| time/                   |              |
|    fps                  | 270          |
|    iterations           | 100          |
|    time_elapsed         | 3032         |
|    total_timesteps      | 819200       |
| train/                  |              |
|    approx_kl            | 0.0063051577 |
|    clip_fraction        | 0.0455       |
|    clip_range           | 0.2          |
|    entropy_loss         | -1.21        |
|    explained_variance   | 0.963        |
|    learning_rate        | 0.0003       |
|    loss                 | -0.00445     |
|    n_updates            | 495          |
|    policy_gradient_loss | -0.0048      |
|    value_loss           | 0.0287       |
------------------------------------------
-----------------------------------------
| rollout/                |             |
|    ep_len_mean          | 182         |
|    ep_rew_mean          | 104         |
| time/                   |             |
|    fps                  | 270         |
|    iterations           | 101         |
|    time_elapsed         | 3063        |
|    total_timesteps      | 827392      |
| train/                  |             |
|    approx_kl            | 0.005680172 |
|    clip_fraction        | 0.0379      |
|    clip_range           | 0.2         |
|    entropy_loss         | -1.2        |
|    explained_variance   | 0.968       |
|    learning_rate        | 0.0003      |
|    loss                 | -0.00613    |
|    n_updates            | 500         |
|    policy_gradient_loss | -0.00403    |
|    value_loss           | 0.0246      |
-----------------------------------------
------------------------------------------
| rollout/                |              |
|    ep_len_mean          | 181          |
|    ep_rew_mean          | 104          |
| time/                   |              |
|    fps                  | 270          |
|    iterations           | 102          |
|    time_elapsed         | 3093         |
|    total_timesteps      | 835584       |
| train/                  |              |
|    approx_kl            | 0.0062834127 |
|    clip_fraction        | 0.0474       |
|    clip_range           | 0.2          |
|    entropy_loss         | -1.2         |
|    explained_variance   | 0.968        |
|    learning_rate        | 0.0003       |
|    loss                 | -0.00897     |
|    n_updates            | 505          |
|    policy_gradient_loss | -0.00424     |
|    value_loss           | 0.0259       |
------------------------------------------
-----------------------------------------
| rollout/                |             |
|    ep_len_mean          | 184         |
|    ep_rew_mean          | 104         |
| time/                   |             |
|    fps                  | 270         |
|    iterations           | 103         |
|    time_elapsed         | 3123        |
|    total_timesteps      | 843776      |
| train/                  |             |
|    approx_kl            | 0.004943087 |
|    clip_fraction        | 0.0381      |
|    clip_range           | 0.2         |
|    entropy_loss         | -1.21       |
|    explained_variance   | 0.971       |
|    learning_rate        | 0.0003      |
|    loss                 | -0.00717    |
|    n_updates            | 510         |
|    policy_gradient_loss | -0.00375    |
|    value_loss           | 0.0222      |
-----------------------------------------
------------------------------------------
| rollout/                |              |
|    ep_len_mean          | 181          |
|    ep_rew_mean          | 105          |
| time/                   |              |
|    fps                  | 270          |
|    iterations           | 104          |
|    time_elapsed         | 3154         |
|    total_timesteps      | 851968       |
| train/                  |              |
|    approx_kl            | 0.0057628867 |
|    clip_fraction        | 0.0416       |
|    clip_range           | 0.2          |
|    entropy_loss         | -1.23        |
|    explained_variance   | 0.966        |
|    learning_rate        | 0.0003       |
|    loss                 | -0.0102      |
|    n_updates            | 515          |
|    policy_gradient_loss | -0.00412     |
|    value_loss           | 0.0259       |
------------------------------------------
------------------------------------------
| rollout/                |              |
|    ep_len_mean          | 175          |
|    ep_rew_mean          | 105          |
| time/                   |              |
|    fps                  | 270          |
|    iterations           | 105          |
|    time_elapsed         | 3185         |
|    total_timesteps      | 860160       |
| train/                  |              |
|    approx_kl            | 0.0069990186 |
|    clip_fraction        | 0.0589       |
|    clip_range           | 0.2          |
|    entropy_loss         | -1.19        |
|    explained_variance   | 0.964        |
|    learning_rate        | 0.0003       |
|    loss                 | -0.0106      |
|    n_updates            | 520          |
|    policy_gradient_loss | -0.00568     |
|    value_loss           | 0.0274       |
------------------------------------------
-----------------------------------------
| rollout/                |             |
|    ep_len_mean          | 177         |
|    ep_rew_mean          | 107         |
| time/                   |             |
|    fps                  | 270         |
|    iterations           | 106         |
|    time_elapsed         | 3215        |
|    total_timesteps      | 868352      |
| train/                  |             |
|    approx_kl            | 0.005541372 |
|    clip_fraction        | 0.043       |
|    clip_range           | 0.2         |
|    entropy_loss         | -1.18       |
|    explained_variance   | 0.961       |
|    learning_rate        | 0.0003      |
|    loss                 | -0.0107     |
|    n_updates            | 525         |
|    policy_gradient_loss | -0.00491    |
|    value_loss           | 0.0305      |
-----------------------------------------
-----------------------------------------
| rollout/                |             |
|    ep_len_mean          | 178         |
|    ep_rew_mean          | 107         |
| time/                   |             |
|    fps                  | 269         |
|    iterations           | 107         |
|    time_elapsed         | 3246        |
|    total_timesteps      | 876544      |
| train/                  |             |
|    approx_kl            | 0.007350577 |
|    clip_fraction        | 0.0397      |
|    clip_range           | 0.2         |
|    entropy_loss         | -1.16       |
|    explained_variance   | 0.967       |
|    learning_rate        | 0.0003      |
|    loss                 | -0.0149     |
|    n_updates            | 530         |
|    policy_gradient_loss | -0.00471    |
|    value_loss           | 0.0245      |
-----------------------------------------
----------------------------------------
| rollout/                |            |
|    ep_len_mean          | 182        |
|    ep_rew_mean          | 106        |
| time/                   |            |
|    fps                  | 269        |
|    iterations           | 108        |
|    time_elapsed         | 3277       |
|    total_timesteps      | 884736     |
| train/                  |            |
|    approx_kl            | 0.00563485 |
|    clip_fraction        | 0.0429     |
|    clip_range           | 0.2        |
|    entropy_loss         | -1.16      |
|    explained_variance   | 0.96       |
|    learning_rate        | 0.0003     |
|    loss                 | -0.000767  |
|    n_updates            | 535        |
|    policy_gradient_loss | -0.00468   |
|    value_loss           | 0.0292     |
----------------------------------------
-----------------------------------------
| rollout/                |             |
|    ep_len_mean          | 187         |
|    ep_rew_mean          | 106         |
| time/                   |             |
|    fps                  | 269         |
|    iterations           | 109         |
|    time_elapsed         | 3307        |
|    total_timesteps      | 892928      |
| train/                  |             |
|    approx_kl            | 0.005450301 |
|    clip_fraction        | 0.0395      |
|    clip_range           | 0.2         |
|    entropy_loss         | -1.17       |
|    explained_variance   | 0.97        |
|    learning_rate        | 0.0003      |
|    loss                 | -0.0146     |
|    n_updates            | 540         |
|    policy_gradient_loss | -0.00446    |
|    value_loss           | 0.0258      |
-----------------------------------------
[Checkpoint] Saved at 900000 steps > C:\Users\Admin\Desktop\disciple\realnewdisciples-main\Big_map\campaign_checkpoints\super-last-stand-paralysis-3m-20260912-190628\campaign_ppo_step_900000.zip
Eval num_timesteps=900000, det_reward=101.30 +/- 6.06
Episode length: det=116.65 +/- 11.68
Victory rate: det=0.00%
-------------------------------------------------
| eval/                           |             |
|    deterministic_mean_ep_length | 117         |
|    deterministic_mean_reward    | 101         |
|    deterministic_victory_rate   | 0           |
|    mean_ep_length               | 117         |
|    mean_reward                  | 101         |
|    victory_rate                 | 0           |
| time/                           |             |
|    total_timesteps              | 900000      |
| train/                          |             |
|    approx_kl                    | 0.005348104 |
|    clip_fraction                | 0.0481      |
|    clip_range                   | 0.2         |
|    entropy_loss                 | -1.19       |
|    explained_variance           | 0.971       |
|    learning_rate                | 0.0003      |
|    loss                         | -0.00797    |
|    n_updates                    | 545         |
|    policy_gradient_loss         | -0.00442    |
|    value_loss                   | 0.0241      |
-------------------------------------------------
---------------------------------
| rollout/           |          |
|    ep_len_mean     | 186      |
|    ep_rew_mean     | 106      |
| time/              |          |
|    fps             | 269      |
|    iterations      | 110      |
|    time_elapsed    | 3347     |
|    total_timesteps | 901120   |
---------------------------------
-----------------------------------------
| rollout/                |             |
|    ep_len_mean          | 185         |
|    ep_rew_mean          | 106         |
| time/                   |             |
|    fps                  | 268         |
|    iterations           | 111         |
|    time_elapsed         | 3380        |
|    total_timesteps      | 909312      |
| train/                  |             |
|    approx_kl            | 0.005257082 |
|    clip_fraction        | 0.038       |
|    clip_range           | 0.2         |
|    entropy_loss         | -1.18       |
|    explained_variance   | 0.973       |
|    learning_rate        | 0.0003      |
|    loss                 | -0.0101     |
|    n_updates            | 550         |
|    policy_gradient_loss | -0.00422    |
|    value_loss           | 0.0225      |
-----------------------------------------
-----------------------------------------
| rollout/                |             |
|    ep_len_mean          | 187         |
|    ep_rew_mean          | 105         |
| time/                   |             |
|    fps                  | 268         |
|    iterations           | 112         |
|    time_elapsed         | 3412        |
|    total_timesteps      | 917504      |
| train/                  |             |
|    approx_kl            | 0.005685861 |
|    clip_fraction        | 0.0407      |
|    clip_range           | 0.2         |
|    entropy_loss         | -1.21       |
|    explained_variance   | 0.964       |
|    learning_rate        | 0.0003      |
|    loss                 | -0.000161   |
|    n_updates            | 555         |
|    policy_gradient_loss | -0.00374    |
|    value_loss           | 0.0294      |
-----------------------------------------
-----------------------------------------
| rollout/                |             |
|    ep_len_mean          | 184         |
|    ep_rew_mean          | 106         |
| time/                   |             |
|    fps                  | 268         |
|    iterations           | 113         |
|    time_elapsed         | 3443        |
|    total_timesteps      | 925696      |
| train/                  |             |
|    approx_kl            | 0.006435191 |
|    clip_fraction        | 0.0561      |
|    clip_range           | 0.2         |
|    entropy_loss         | -1.23       |
|    explained_variance   | 0.966       |
|    learning_rate        | 0.0003      |
|    loss                 | -0.00657    |
|    n_updates            | 560         |
|    policy_gradient_loss | -0.0059     |
|    value_loss           | 0.0268      |
-----------------------------------------
------------------------------------------
| rollout/                |              |
|    ep_len_mean          | 188          |
|    ep_rew_mean          | 105          |
| time/                   |              |
|    fps                  | 268          |
|    iterations           | 114          |
|    time_elapsed         | 3473         |
|    total_timesteps      | 933888       |
| train/                  |              |
|    approx_kl            | 0.0060969368 |
|    clip_fraction        | 0.0544       |
|    clip_range           | 0.2          |
|    entropy_loss         | -1.19        |
|    explained_variance   | 0.969        |
|    learning_rate        | 0.0003       |
|    loss                 | -0.00853     |
|    n_updates            | 565          |
|    policy_gradient_loss | -0.00507     |
|    value_loss           | 0.0253       |
------------------------------------------
-----------------------------------------
| rollout/                |             |
|    ep_len_mean          | 197         |
|    ep_rew_mean          | 106         |
| time/                   |             |
|    fps                  | 268         |
|    iterations           | 115         |
|    time_elapsed         | 3503        |
|    total_timesteps      | 942080      |
| train/                  |             |
|    approx_kl            | 0.006663946 |
|    clip_fraction        | 0.0465      |
|    clip_range           | 0.2         |
|    entropy_loss         | -1.28       |
|    explained_variance   | 0.974       |
|    learning_rate        | 0.0003      |
|    loss                 | -0.0179     |
|    n_updates            | 570         |
|    policy_gradient_loss | -0.00528    |
|    value_loss           | 0.0222      |
-----------------------------------------
------------------------------------------
| rollout/                |              |
|    ep_len_mean          | 192          |
|    ep_rew_mean          | 107          |
| time/                   |              |
|    fps                  | 268          |
|    iterations           | 116          |
|    time_elapsed         | 3534         |
|    total_timesteps      | 950272       |
| train/                  |              |
|    approx_kl            | 0.0054061655 |
|    clip_fraction        | 0.0429       |
|    clip_range           | 0.2          |
|    entropy_loss         | -1.22        |
|    explained_variance   | 0.979        |
|    learning_rate        | 0.0003       |
|    loss                 | -0.00704     |
|    n_updates            | 575          |
|    policy_gradient_loss | -0.00503     |
|    value_loss           | 0.0184       |
------------------------------------------
------------------------------------------
| rollout/                |              |
|    ep_len_mean          | 192          |
|    ep_rew_mean          | 109          |
| time/                   |              |
|    fps                  | 268          |
|    iterations           | 117          |
|    time_elapsed         | 3564         |
|    total_timesteps      | 958464       |
| train/                  |              |
|    approx_kl            | 0.0068820897 |
|    clip_fraction        | 0.0495       |
|    clip_range           | 0.2          |
|    entropy_loss         | -1.2         |
|    explained_variance   | 0.971        |
|    learning_rate        | 0.0003       |
|    loss                 | -0.00663     |
|    n_updates            | 580          |
|    policy_gradient_loss | -0.00512     |
|    value_loss           | 0.0215       |
------------------------------------------
------------------------------------------
| rollout/                |              |
|    ep_len_mean          | 184          |
|    ep_rew_mean          | 106          |
| time/                   |              |
|    fps                  | 268          |
|    iterations           | 118          |
|    time_elapsed         | 3595         |
|    total_timesteps      | 966656       |
| train/                  |              |
|    approx_kl            | 0.0069286176 |
|    clip_fraction        | 0.0575       |
|    clip_range           | 0.2          |
|    entropy_loss         | -1.24        |
|    explained_variance   | 0.969        |
|    learning_rate        | 0.0003       |
|    loss                 | -0.0149      |
|    n_updates            | 585          |
|    policy_gradient_loss | -0.00735     |
|    value_loss           | 0.0257       |
------------------------------------------
-----------------------------------------
| rollout/                |             |
|    ep_len_mean          | 184         |
|    ep_rew_mean          | 108         |
| time/                   |             |
|    fps                  | 268         |
|    iterations           | 119         |
|    time_elapsed         | 3625        |
|    total_timesteps      | 974848      |
| train/                  |             |
|    approx_kl            | 0.006536017 |
|    clip_fraction        | 0.0415      |
|    clip_range           | 0.2         |
|    entropy_loss         | -1.19       |
|    explained_variance   | 0.972       |
|    learning_rate        | 0.0003      |
|    loss                 | -0.0156     |
|    n_updates            | 590         |
|    policy_gradient_loss | -0.00497    |
|    value_loss           | 0.0211      |
-----------------------------------------
-----------------------------------------
| rollout/                |             |
|    ep_len_mean          | 186         |
|    ep_rew_mean          | 109         |
| time/                   |             |
|    fps                  | 268         |
|    iterations           | 120         |
|    time_elapsed         | 3656        |
|    total_timesteps      | 983040      |
| train/                  |             |
|    approx_kl            | 0.007993203 |
|    clip_fraction        | 0.0478      |
|    clip_range           | 0.2         |
|    entropy_loss         | -1.16       |
|    explained_variance   | 0.972       |
|    learning_rate        | 0.0003      |
|    loss                 | -0.00929    |
|    n_updates            | 595         |
|    policy_gradient_loss | -0.00489    |
|    value_loss           | 0.0213      |
-----------------------------------------
-----------------------------------------
| rollout/                |             |
|    ep_len_mean          | 183         |
|    ep_rew_mean          | 107         |
| time/                   |             |
|    fps                  | 268         |
|    iterations           | 121         |
|    time_elapsed         | 3687        |
|    total_timesteps      | 991232      |
| train/                  |             |
|    approx_kl            | 0.005326411 |
|    clip_fraction        | 0.0381      |
|    clip_range           | 0.2         |
|    entropy_loss         | -1.2        |
|    explained_variance   | 0.973       |
|    learning_rate        | 0.0003      |
|    loss                 | -0.0042     |
|    n_updates            | 600         |
|    policy_gradient_loss | -0.00395    |
|    value_loss           | 0.0227      |
-----------------------------------------
------------------------------------------
| rollout/                |              |
|    ep_len_mean          | 182          |
|    ep_rew_mean          | 107          |
| time/                   |              |
|    fps                  | 268          |
|    iterations           | 122          |
|    time_elapsed         | 3717         |
|    total_timesteps      | 999424       |
| train/                  |              |
|    approx_kl            | 0.0062717283 |
|    clip_fraction        | 0.0593       |
|    clip_range           | 0.2          |
|    entropy_loss         | -1.19        |
|    explained_variance   | 0.973        |
|    learning_rate        | 0.0003       |
|    loss                 | -0.0139      |
|    n_updates            | 605          |
|    policy_gradient_loss | -0.00516     |
|    value_loss           | 0.021        |
------------------------------------------
------------------------------------------
| rollout/                |              |
|    ep_len_mean          | 186          |
|    ep_rew_mean          | 107          |
| time/                   |              |
|    fps                  | 268          |
|    iterations           | 123          |
|    time_elapsed         | 3748         |
|    total_timesteps      | 1007616      |
| train/                  |              |
|    approx_kl            | 0.0052232267 |
|    clip_fraction        | 0.0401       |
|    clip_range           | 0.2          |
|    entropy_loss         | -1.16        |
|    explained_variance   | 0.975        |
|    learning_rate        | 0.0003       |
|    loss                 | -0.0123      |
|    n_updates            | 610          |
|    policy_gradient_loss | -0.00477     |
|    value_loss           | 0.0218       |
------------------------------------------
-----------------------------------------
| rollout/                |             |
|    ep_len_mean          | 188         |
|    ep_rew_mean          | 106         |
| time/                   |             |
|    fps                  | 268         |
|    iterations           | 124         |
|    time_elapsed         | 3779        |
|    total_timesteps      | 1015808     |
| train/                  |             |
|    approx_kl            | 0.005290956 |
|    clip_fraction        | 0.0381      |
|    clip_range           | 0.2         |
|    entropy_loss         | -1.17       |
|    explained_variance   | 0.974       |
|    learning_rate        | 0.0003      |
|    loss                 | -0.0178     |
|    n_updates            | 615         |
|    policy_gradient_loss | -0.00479    |
|    value_loss           | 0.0208      |
-----------------------------------------
------------------------------------------
| rollout/                |              |
|    ep_len_mean          | 196          |
|    ep_rew_mean          | 107          |
| time/                   |              |
|    fps                  | 268          |
|    iterations           | 125          |
|    time_elapsed         | 3809         |
|    total_timesteps      | 1024000      |
| train/                  |              |
|    approx_kl            | 0.0070979847 |
|    clip_fraction        | 0.0397       |
|    clip_range           | 0.2          |
|    entropy_loss         | -1.22        |
|    explained_variance   | 0.971        |
|    learning_rate        | 0.0003       |
|    loss                 | -0.00804     |
|    n_updates            | 620          |
|    policy_gradient_loss | -0.0036      |
|    value_loss           | 0.0261       |
------------------------------------------
------------------------------------------
| rollout/                |              |
|    ep_len_mean          | 196          |
|    ep_rew_mean          | 108          |
| time/                   |              |
|    fps                  | 268          |
|    iterations           | 126          |
|    time_elapsed         | 3839         |
|    total_timesteps      | 1032192      |
| train/                  |              |
|    approx_kl            | 0.0067063114 |
|    clip_fraction        | 0.0517       |
|    clip_range           | 0.2          |
|    entropy_loss         | -1.21        |
|    explained_variance   | 0.976        |
|    learning_rate        | 0.0003       |
|    loss                 | -0.00925     |
|    n_updates            | 625          |
|    policy_gradient_loss | -0.00389     |
|    value_loss           | 0.0206       |
------------------------------------------
------------------------------------------
| rollout/                |              |
|    ep_len_mean          | 189          |
|    ep_rew_mean          | 108          |
| time/                   |              |
|    fps                  | 268          |
|    iterations           | 127          |
|    time_elapsed         | 3870         |
|    total_timesteps      | 1040384      |
| train/                  |              |
|    approx_kl            | 0.0048954496 |
|    clip_fraction        | 0.0364       |
|    clip_range           | 0.2          |
|    entropy_loss         | -1.16        |
|    explained_variance   | 0.976        |
|    learning_rate        | 0.0003       |
|    loss                 | -0.0106      |
|    n_updates            | 630          |
|    policy_gradient_loss | -0.00402     |
|    value_loss           | 0.0227       |
------------------------------------------
-----------------------------------------
| rollout/                |             |
|    ep_len_mean          | 194         |
|    ep_rew_mean          | 108         |
| time/                   |             |
|    fps                  | 268         |
|    iterations           | 128         |
|    time_elapsed         | 3901        |
|    total_timesteps      | 1048576     |
| train/                  |             |
|    approx_kl            | 0.004724148 |
|    clip_fraction        | 0.0373      |
|    clip_range           | 0.2         |
|    entropy_loss         | -1.16       |
|    explained_variance   | 0.975       |
|    learning_rate        | 0.0003      |
|    loss                 | -0.0106     |
|    n_updates            | 635         |
|    policy_gradient_loss | -0.00434    |
|    value_loss           | 0.0228      |
-----------------------------------------
-----------------------------------------
| rollout/                |             |
|    ep_len_mean          | 200         |
|    ep_rew_mean          | 108         |
| time/                   |             |
|    fps                  | 268         |
|    iterations           | 129         |
|    time_elapsed         | 3931        |
|    total_timesteps      | 1056768     |
| train/                  |             |
|    approx_kl            | 0.005763286 |
|    clip_fraction        | 0.0479      |
|    clip_range           | 0.2         |
|    entropy_loss         | -1.22       |
|    explained_variance   | 0.979       |
|    learning_rate        | 0.0003      |
|    loss                 | -0.00915    |
|    n_updates            | 640         |
|    policy_gradient_loss | -0.00459    |
|    value_loss           | 0.0214      |
-----------------------------------------
------------------------------------------
| rollout/                |              |
|    ep_len_mean          | 195          |
|    ep_rew_mean          | 108          |
| time/                   |              |
|    fps                  | 268          |
|    iterations           | 130          |
|    time_elapsed         | 3962         |
|    total_timesteps      | 1064960      |
| train/                  |              |
|    approx_kl            | 0.0057086977 |
|    clip_fraction        | 0.0518       |
|    clip_range           | 0.2          |
|    entropy_loss         | -1.19        |
|    explained_variance   | 0.972        |
|    learning_rate        | 0.0003       |
|    loss                 | -0.0136      |
|    n_updates            | 645          |
|    policy_gradient_loss | -0.00514     |
|    value_loss           | 0.0231       |
------------------------------------------
------------------------------------------
| rollout/                |              |
|    ep_len_mean          | 188          |
|    ep_rew_mean          | 107          |
| time/                   |              |
|    fps                  | 268          |
|    iterations           | 131          |
|    time_elapsed         | 3993         |
|    total_timesteps      | 1073152      |
| train/                  |              |
|    approx_kl            | 0.0061996514 |
|    clip_fraction        | 0.0563       |
|    clip_range           | 0.2          |
|    entropy_loss         | -1.17        |
|    explained_variance   | 0.971        |
|    learning_rate        | 0.0003       |
|    loss                 | -0.00582     |
|    n_updates            | 650          |
|    policy_gradient_loss | -0.00457     |
|    value_loss           | 0.0224       |
------------------------------------------
-----------------------------------------
| rollout/                |             |
|    ep_len_mean          | 185         |
|    ep_rew_mean          | 107         |
| time/                   |             |
|    fps                  | 268         |
|    iterations           | 132         |
|    time_elapsed         | 4023        |
|    total_timesteps      | 1081344     |
| train/                  |             |
|    approx_kl            | 0.006169099 |
|    clip_fraction        | 0.0528      |
|    clip_range           | 0.2         |
|    entropy_loss         | -1.15       |
|    explained_variance   | 0.972       |
|    learning_rate        | 0.0003      |
|    loss                 | -0.00507    |
|    n_updates            | 655         |
|    policy_gradient_loss | -0.00515    |
|    value_loss           | 0.0234      |
-----------------------------------------
----------------------------------------
| rollout/                |            |
|    ep_len_mean          | 186        |
|    ep_rew_mean          | 108        |
| time/                   |            |
|    fps                  | 268        |
|    iterations           | 133        |
|    time_elapsed         | 4054       |
|    total_timesteps      | 1089536    |
| train/                  |            |
|    approx_kl            | 0.00491779 |
|    clip_fraction        | 0.0371     |
|    clip_range           | 0.2        |
|    entropy_loss         | -1.14      |
|    explained_variance   | 0.975      |
|    learning_rate        | 0.0003     |
|    loss                 | -0.0128    |
|    n_updates            | 660        |
|    policy_gradient_loss | -0.00411   |
|    value_loss           | 0.0216     |
----------------------------------------
------------------------------------------
| rollout/                |              |
|    ep_len_mean          | 189          |
|    ep_rew_mean          | 110          |
| time/                   |              |
|    fps                  | 268          |
|    iterations           | 134          |
|    time_elapsed         | 4085         |
|    total_timesteps      | 1097728      |
| train/                  |              |
|    approx_kl            | 0.0061560357 |
|    clip_fraction        | 0.038        |
|    clip_range           | 0.2          |
|    entropy_loss         | -1.15        |
|    explained_variance   | 0.968        |
|    learning_rate        | 0.0003       |
|    loss                 | -0.00985     |
|    n_updates            | 665          |
|    policy_gradient_loss | -0.00482     |
|    value_loss           | 0.028        |
------------------------------------------
-----------------------------------------
| rollout/                |             |
|    ep_len_mean          | 190         |
|    ep_rew_mean          | 110         |
| time/                   |             |
|    fps                  | 268         |
|    iterations           | 135         |
|    time_elapsed         | 4115        |
|    total_timesteps      | 1105920     |
| train/                  |             |
|    approx_kl            | 0.005485031 |
|    clip_fraction        | 0.0384      |
|    clip_range           | 0.2         |
|    entropy_loss         | -1.15       |
|    explained_variance   | 0.975       |
|    learning_rate        | 0.0003      |
|    loss                 | -0.00645    |
|    n_updates            | 670         |
|    policy_gradient_loss | -0.00481    |
|    value_loss           | 0.0214      |
-----------------------------------------
-----------------------------------------
| rollout/                |             |
|    ep_len_mean          | 189         |
|    ep_rew_mean          | 110         |
| time/                   |             |
|    fps                  | 268         |
|    iterations           | 136         |
|    time_elapsed         | 4146        |
|    total_timesteps      | 1114112     |
| train/                  |             |
|    approx_kl            | 0.006230087 |
|    clip_fraction        | 0.0608      |
|    clip_range           | 0.2         |
|    entropy_loss         | -1.12       |
|    explained_variance   | 0.971       |
|    learning_rate        | 0.0003      |
|    loss                 | -0.00846    |
|    n_updates            | 675         |
|    policy_gradient_loss | -0.00518    |
|    value_loss           | 0.0243      |
-----------------------------------------
------------------------------------------
| rollout/                |              |
|    ep_len_mean          | 198          |
|    ep_rew_mean          | 111          |
| time/                   |              |
|    fps                  | 268          |
|    iterations           | 137          |
|    time_elapsed         | 4176         |
|    total_timesteps      | 1122304      |
| train/                  |              |
|    approx_kl            | 0.0061468566 |
|    clip_fraction        | 0.0471       |
|    clip_range           | 0.2          |
|    entropy_loss         | -1.17        |
|    explained_variance   | 0.973        |
|    learning_rate        | 0.0003       |
|    loss                 | -0.00153     |
|    n_updates            | 680          |
|    policy_gradient_loss | -0.00454     |
|    value_loss           | 0.0219       |
------------------------------------------
------------------------------------------
| rollout/                |              |
|    ep_len_mean          | 198          |
|    ep_rew_mean          | 109          |
| time/                   |              |
|    fps                  | 268          |
|    iterations           | 138          |
|    time_elapsed         | 4207         |
|    total_timesteps      | 1130496      |
| train/                  |              |
|    approx_kl            | 0.0058451584 |
|    clip_fraction        | 0.0488       |
|    clip_range           | 0.2          |
|    entropy_loss         | -1.23        |
|    explained_variance   | 0.978        |
|    learning_rate        | 0.0003       |
|    loss                 | -0.00614     |
|    n_updates            | 685          |
|    policy_gradient_loss | -0.00391     |
|    value_loss           | 0.0224       |
------------------------------------------
------------------------------------------
| rollout/                |              |
|    ep_len_mean          | 194          |
|    ep_rew_mean          | 109          |
| time/                   |              |
|    fps                  | 268          |
|    iterations           | 139          |
|    time_elapsed         | 4237         |
|    total_timesteps      | 1138688      |
| train/                  |              |
|    approx_kl            | 0.0053819334 |
|    clip_fraction        | 0.0387       |
|    clip_range           | 0.2          |
|    entropy_loss         | -1.13        |
|    explained_variance   | 0.97         |
|    learning_rate        | 0.0003       |
|    loss                 | -0.0046      |
|    n_updates            | 690          |
|    policy_gradient_loss | -0.00413     |
|    value_loss           | 0.0282       |
------------------------------------------
-----------------------------------------
| rollout/                |             |
|    ep_len_mean          | 198         |
|    ep_rew_mean          | 110         |
| time/                   |             |
|    fps                  | 268         |
|    iterations           | 140         |
|    time_elapsed         | 4268        |
|    total_timesteps      | 1146880     |
| train/                  |             |
|    approx_kl            | 0.005662434 |
|    clip_fraction        | 0.0468      |
|    clip_range           | 0.2         |
|    entropy_loss         | -1.2        |
|    explained_variance   | 0.972       |
|    learning_rate        | 0.0003      |
|    loss                 | -0.00419    |
|    n_updates            | 695         |
|    policy_gradient_loss | -0.00456    |
|    value_loss           | 0.0265      |
-----------------------------------------
------------------------------------------
| rollout/                |              |
|    ep_len_mean          | 192          |
|    ep_rew_mean          | 109          |
| time/                   |              |
|    fps                  | 268          |
|    iterations           | 141          |
|    time_elapsed         | 4299         |
|    total_timesteps      | 1155072      |
| train/                  |              |
|    approx_kl            | 0.0068003023 |
|    clip_fraction        | 0.0331       |
|    clip_range           | 0.2          |
|    entropy_loss         | -1.16        |
|    explained_variance   | 0.972        |
|    learning_rate        | 0.0003       |
|    loss                 | -0.0045      |
|    n_updates            | 700          |
|    policy_gradient_loss | -0.00401     |
|    value_loss           | 0.0236       |
------------------------------------------
------------------------------------------
| rollout/                |              |
|    ep_len_mean          | 184          |
|    ep_rew_mean          | 109          |
| time/                   |              |
|    fps                  | 268          |
|    iterations           | 142          |
|    time_elapsed         | 4329         |
|    total_timesteps      | 1163264      |
| train/                  |              |
|    approx_kl            | 0.0049701123 |
|    clip_fraction        | 0.0351       |
|    clip_range           | 0.2          |
|    entropy_loss         | -1.14        |
|    explained_variance   | 0.972        |
|    learning_rate        | 0.0003       |
|    loss                 | -0.009       |
|    n_updates            | 705          |
|    policy_gradient_loss | -0.00318     |
|    value_loss           | 0.0243       |
------------------------------------------
-----------------------------------------
| rollout/                |             |
|    ep_len_mean          | 185         |
|    ep_rew_mean          | 110         |
| time/                   |             |
|    fps                  | 268         |
|    iterations           | 143         |
|    time_elapsed         | 4360        |
|    total_timesteps      | 1171456     |
| train/                  |             |
|    approx_kl            | 0.005230517 |
|    clip_fraction        | 0.0472      |
|    clip_range           | 0.2         |
|    entropy_loss         | -1.14       |
|    explained_variance   | 0.973       |
|    learning_rate        | 0.0003      |
|    loss                 | -0.0109     |
|    n_updates            | 710         |
|    policy_gradient_loss | -0.00447    |
|    value_loss           | 0.0228      |
-----------------------------------------
------------------------------------------
| rollout/                |              |
|    ep_len_mean          | 196          |
|    ep_rew_mean          | 112          |
| time/                   |              |
|    fps                  | 268          |
|    iterations           | 144          |
|    time_elapsed         | 4391         |
|    total_timesteps      | 1179648      |
| train/                  |              |
|    approx_kl            | 0.0054241996 |
|    clip_fraction        | 0.0402       |
|    clip_range           | 0.2          |
|    entropy_loss         | -1.15        |
|    explained_variance   | 0.973        |
|    learning_rate        | 0.0003       |
|    loss                 | -0.00234     |
|    n_updates            | 715          |
|    policy_gradient_loss | -0.00444     |
|    value_loss           | 0.0235       |
------------------------------------------
---------------------------------------
| rollout/                |           |
|    ep_len_mean          | 197       |
|    ep_rew_mean          | 110       |
| time/                   |           |
|    fps                  | 268       |
|    iterations           | 145       |
|    time_elapsed         | 4421      |
|    total_timesteps      | 1187840   |
| train/                  |           |
|    approx_kl            | 0.0061179 |
|    clip_fraction        | 0.0408    |
|    clip_range           | 0.2       |
|    entropy_loss         | -1.19     |
|    explained_variance   | 0.971     |
|    learning_rate        | 0.0003    |
|    loss                 | -0.00573  |
|    n_updates            | 720       |
|    policy_gradient_loss | -0.00398  |
|    value_loss           | 0.0269    |
---------------------------------------
-----------------------------------------
| rollout/                |             |
|    ep_len_mean          | 193         |
|    ep_rew_mean          | 109         |
| time/                   |             |
|    fps                  | 268         |
|    iterations           | 146         |
|    time_elapsed         | 4452        |
|    total_timesteps      | 1196032     |
| train/                  |             |
|    approx_kl            | 0.005787067 |
|    clip_fraction        | 0.0493      |
|    clip_range           | 0.2         |
|    entropy_loss         | -1.15       |
|    explained_variance   | 0.972       |
|    learning_rate        | 0.0003      |
|    loss                 | -0.00895    |
|    n_updates            | 725         |
|    policy_gradient_loss | -0.00444    |
|    value_loss           | 0.0243      |
-----------------------------------------
[Checkpoint] Saved at 1200000 steps > C:\Users\Admin\Desktop\disciple\realnewdisciples-main\Big_map\campaign_checkpoints\super-last-stand-paralysis-3m-20260912-190628\campaign_ppo_step_1200000.zip
Eval num_timesteps=1200000, det_reward=113.26 +/- 10.64
Episode length: det=174.05 +/- 14.80
Victory rate: det=0.00%
--------------------------------------------------
| eval/                           |              |
|    deterministic_mean_ep_length | 174          |
|    deterministic_mean_reward    | 113          |
|    deterministic_victory_rate   | 0            |
|    mean_ep_length               | 174          |
|    mean_reward                  | 113          |
|    victory_rate                 | 0            |
| time/                           |              |
|    total_timesteps              | 1200000      |
| train/                          |              |
|    approx_kl                    | 0.0059277336 |
|    clip_fraction                | 0.05         |
|    clip_range                   | 0.2          |
|    entropy_loss                 | -1.14        |
|    explained_variance           | 0.974        |
|    learning_rate                | 0.0003       |
|    loss                         | -0.0127      |
|    n_updates                    | 730          |
|    policy_gradient_loss         | -0.00518     |
|    value_loss                   | 0.0229       |
--------------------------------------------------
---------------------------------
| rollout/           |          |
|    ep_len_mean     | 198      |
|    ep_rew_mean     | 109      |
| time/              |          |
|    fps             | 267      |
|    iterations      | 147      |
|    time_elapsed    | 4496     |
|    total_timesteps | 1204224  |
---------------------------------
-----------------------------------------
| rollout/                |             |
|    ep_len_mean          | 198         |
|    ep_rew_mean          | 110         |
| time/                   |             |
|    fps                  | 267         |
|    iterations           | 148         |
|    time_elapsed         | 4527        |
|    total_timesteps      | 1212416     |
| train/                  |             |
|    approx_kl            | 0.005988729 |
|    clip_fraction        | 0.051       |
|    clip_range           | 0.2         |
|    entropy_loss         | -1.16       |
|    explained_variance   | 0.972       |
|    learning_rate        | 0.0003      |
|    loss                 | -0.0047     |
|    n_updates            | 735         |
|    policy_gradient_loss | -0.00424    |
|    value_loss           | 0.0288      |
-----------------------------------------
------------------------------------------
| rollout/                |              |
|    ep_len_mean          | 200          |
|    ep_rew_mean          | 112          |
| time/                   |              |
|    fps                  | 267          |
|    iterations           | 149          |
|    time_elapsed         | 4558         |
|    total_timesteps      | 1220608      |
| train/                  |              |
|    approx_kl            | 0.0057029007 |
|    clip_fraction        | 0.0535       |
|    clip_range           | 0.2          |
|    entropy_loss         | -1.15        |
|    explained_variance   | 0.968        |
|    learning_rate        | 0.0003       |
|    loss                 | -0.00786     |
|    n_updates            | 740          |
|    policy_gradient_loss | -0.00541     |
|    value_loss           | 0.0291       |
------------------------------------------
-----------------------------------------
| rollout/                |             |
|    ep_len_mean          | 198         |
|    ep_rew_mean          | 112         |
| time/                   |             |
|    fps                  | 267         |
|    iterations           | 150         |
|    time_elapsed         | 4589        |
|    total_timesteps      | 1228800     |
| train/                  |             |
|    approx_kl            | 0.005593453 |
|    clip_fraction        | 0.0383      |
|    clip_range           | 0.2         |
|    entropy_loss         | -1.17       |
|    explained_variance   | 0.975       |
|    learning_rate        | 0.0003      |
|    loss                 | -0.00815    |
|    n_updates            | 745         |
|    policy_gradient_loss | -0.00427    |
|    value_loss           | 0.0228      |
-----------------------------------------
-----------------------------------------
| rollout/                |             |
|    ep_len_mean          | 205         |
|    ep_rew_mean          | 110         |
| time/                   |             |
|    fps                  | 267         |
|    iterations           | 151         |
|    time_elapsed         | 4619        |
|    total_timesteps      | 1236992     |
| train/                  |             |
|    approx_kl            | 0.006148778 |
|    clip_fraction        | 0.0501      |
|    clip_range           | 0.2         |
|    entropy_loss         | -1.1        |
|    explained_variance   | 0.966       |
|    learning_rate        | 0.0003      |
|    loss                 | -0.0101     |
|    n_updates            | 750         |
|    policy_gradient_loss | -0.0048     |
|    value_loss           | 0.0299      |
-----------------------------------------
-----------------------------------------
| rollout/                |             |
|    ep_len_mean          | 198         |
|    ep_rew_mean          | 109         |
| time/                   |             |
|    fps                  | 267         |
|    iterations           | 152         |
|    time_elapsed         | 4650        |
|    total_timesteps      | 1245184     |
| train/                  |             |
|    approx_kl            | 0.005619876 |
|    clip_fraction        | 0.0531      |
|    clip_range           | 0.2         |
|    entropy_loss         | -1.17       |
|    explained_variance   | 0.972       |
|    learning_rate        | 0.0003      |
|    loss                 | -0.0108     |
|    n_updates            | 755         |
|    policy_gradient_loss | -0.00536    |
|    value_loss           | 0.0249      |
-----------------------------------------
----------------------------------------
| rollout/                |            |
|    ep_len_mean          | 197        |
|    ep_rew_mean          | 109        |
| time/                   |            |
|    fps                  | 267        |
|    iterations           | 153        |
|    time_elapsed         | 4680       |
|    total_timesteps      | 1253376    |
| train/                  |            |
|    approx_kl            | 0.00621171 |
|    clip_fraction        | 0.0416     |
|    clip_range           | 0.2        |
|    entropy_loss         | -1.14      |
|    explained_variance   | 0.975      |
|    learning_rate        | 0.0003     |
|    loss                 | -0.00694   |
|    n_updates            | 760        |
|    policy_gradient_loss | -0.00373   |
|    value_loss           | 0.0252     |
----------------------------------------
------------------------------------------
| rollout/                |              |
|    ep_len_mean          | 210          |
|    ep_rew_mean          | 111          |
| time/                   |              |
|    fps                  | 267          |
|    iterations           | 154          |
|    time_elapsed         | 4711         |
|    total_timesteps      | 1261568      |
| train/                  |              |
|    approx_kl            | 0.0056683617 |
|    clip_fraction        | 0.0411       |
|    clip_range           | 0.2          |
|    entropy_loss         | -1.13        |
|    explained_variance   | 0.969        |
|    learning_rate        | 0.0003       |
|    loss                 | -0.0116      |
|    n_updates            | 765          |
|    policy_gradient_loss | -0.0036      |
|    value_loss           | 0.0303       |
------------------------------------------
-----------------------------------------
| rollout/                |             |
|    ep_len_mean          | 222         |
|    ep_rew_mean          | 111         |
| time/                   |             |
|    fps                  | 267         |
|    iterations           | 155         |
|    time_elapsed         | 4741        |
|    total_timesteps      | 1269760     |
| train/                  |             |
|    approx_kl            | 0.008757878 |
|    clip_fraction        | 0.0544      |
|    clip_range           | 0.2         |
|    entropy_loss         | -1.21       |
|    explained_variance   | 0.976       |
|    learning_rate        | 0.0003      |
|    loss                 | -0.00427    |
|    n_updates            | 770         |
|    policy_gradient_loss | -0.00598    |
|    value_loss           | 0.0255      |
-----------------------------------------
-----------------------------------------
| rollout/                |             |
|    ep_len_mean          | 233         |
|    ep_rew_mean          | 112         |
| time/                   |             |
|    fps                  | 267         |
|    iterations           | 156         |
|    time_elapsed         | 4772        |
|    total_timesteps      | 1277952     |
| train/                  |             |
|    approx_kl            | 0.005799898 |
|    clip_fraction        | 0.0548      |
|    clip_range           | 0.2         |
|    entropy_loss         | -1.22       |
|    explained_variance   | 0.973       |
|    learning_rate        | 0.0003      |
|    loss                 | -0.00152    |
|    n_updates            | 775         |
|    policy_gradient_loss | -0.00512    |
|    value_loss           | 0.0275      |
-----------------------------------------
-----------------------------------------
| rollout/                |             |
|    ep_len_mean          | 223         |
|    ep_rew_mean          | 112         |
| time/                   |             |
|    fps                  | 267         |
|    iterations           | 157         |
|    time_elapsed         | 4802        |
|    total_timesteps      | 1286144     |
| train/                  |             |
|    approx_kl            | 0.007456097 |
|    clip_fraction        | 0.0539      |
|    clip_range           | 0.2         |
|    entropy_loss         | -1.16       |
|    explained_variance   | 0.977       |
|    learning_rate        | 0.0003      |
|    loss                 | -0.00531    |
|    n_updates            | 780         |
|    policy_gradient_loss | -0.00584    |
|    value_loss           | 0.0228      |
-----------------------------------------
------------------------------------------
| rollout/                |              |
|    ep_len_mean          | 217          |
|    ep_rew_mean          | 113          |
| time/                   |              |
|    fps                  | 267          |
|    iterations           | 158          |
|    time_elapsed         | 4833         |
|    total_timesteps      | 1294336      |
| train/                  |              |
|    approx_kl            | 0.0076893987 |
|    clip_fraction        | 0.0364       |
|    clip_range           | 0.2          |
|    entropy_loss         | -1.15        |
|    explained_variance   | 0.973        |
|    learning_rate        | 0.0003       |
|    loss                 | -0.00471     |
|    n_updates            | 785          |
|    policy_gradient_loss | -0.00336     |
|    value_loss           | 0.0249       |
------------------------------------------
-----------------------------------------
| rollout/                |             |
|    ep_len_mean          | 219         |
|    ep_rew_mean          | 112         |
| time/                   |             |
|    fps                  | 267         |
|    iterations           | 159         |
|    time_elapsed         | 4863        |
|    total_timesteps      | 1302528     |
| train/                  |             |
|    approx_kl            | 0.005625092 |
|    clip_fraction        | 0.0413      |
|    clip_range           | 0.2         |
|    entropy_loss         | -1.17       |
|    explained_variance   | 0.977       |
|    learning_rate        | 0.0003      |
|    loss                 | -0.00361    |
|    n_updates            | 790         |
|    policy_gradient_loss | -0.00426    |
|    value_loss           | 0.0239      |
-----------------------------------------
------------------------------------------
| rollout/                |              |
|    ep_len_mean          | 230          |
|    ep_rew_mean          | 113          |
| time/                   |              |
|    fps                  | 267          |
|    iterations           | 160          |
|    time_elapsed         | 4896         |
|    total_timesteps      | 1310720      |
| train/                  |              |
|    approx_kl            | 0.0049538296 |
|    clip_fraction        | 0.0412       |
|    clip_range           | 0.2          |
|    entropy_loss         | -1.2         |
|    explained_variance   | 0.969        |
|    learning_rate        | 0.0003       |
|    loss                 | -0.0143      |
|    n_updates            | 795          |
|    policy_gradient_loss | -0.00513     |
|    value_loss           | 0.0298       |
------------------------------------------
-----------------------------------------
| rollout/                |             |
|    ep_len_mean          | 233         |
|    ep_rew_mean          | 115         |
| time/                   |             |
|    fps                  | 267         |
|    iterations           | 161         |
|    time_elapsed         | 4928        |
|    total_timesteps      | 1318912     |
| train/                  |             |
|    approx_kl            | 0.008017065 |
|    clip_fraction        | 0.0547      |
|    clip_range           | 0.2         |
|    entropy_loss         | -1.22       |
|    explained_variance   | 0.977       |
|    learning_rate        | 0.0003      |
|    loss                 | -0.0109     |
|    n_updates            | 800         |
|    policy_gradient_loss | -0.00537    |
|    value_loss           | 0.0236      |
-----------------------------------------
-----------------------------------------
| rollout/                |             |
|    ep_len_mean          | 235         |
|    ep_rew_mean          | 115         |
| time/                   |             |
|    fps                  | 267         |
|    iterations           | 162         |
|    time_elapsed         | 4960        |
|    total_timesteps      | 1327104     |
| train/                  |             |
|    approx_kl            | 0.006103925 |
|    clip_fraction        | 0.0646      |
|    clip_range           | 0.2         |
|    entropy_loss         | -1.16       |
|    explained_variance   | 0.968       |
|    learning_rate        | 0.0003      |
|    loss                 | -0.00013    |
|    n_updates            | 805         |
|    policy_gradient_loss | -0.00637    |
|    value_loss           | 0.0341      |
-----------------------------------------
------------------------------------------
| rollout/                |              |
|    ep_len_mean          | 231          |
|    ep_rew_mean          | 115          |
| time/                   |              |
|    fps                  | 267          |
|    iterations           | 163          |
|    time_elapsed         | 4990         |
|    total_timesteps      | 1335296      |
| train/                  |              |
|    approx_kl            | 0.0066472534 |
|    clip_fraction        | 0.0612       |
|    clip_range           | 0.2          |
|    entropy_loss         | -1.21        |
|    explained_variance   | 0.976        |
|    learning_rate        | 0.0003       |
|    loss                 | -0.00742     |
|    n_updates            | 810          |
|    policy_gradient_loss | -0.00598     |
|    value_loss           | 0.0263       |
------------------------------------------
-----------------------------------------
| rollout/                |             |
|    ep_len_mean          | 228         |
|    ep_rew_mean          | 113         |
| time/                   |             |
|    fps                  | 267         |
|    iterations           | 164         |
|    time_elapsed         | 5017        |
|    total_timesteps      | 1343488     |
| train/                  |             |
|    approx_kl            | 0.010179208 |
|    clip_fraction        | 0.0651      |
|    clip_range           | 0.2         |
|    entropy_loss         | -1.22       |
|    explained_variance   | 0.981       |
|    learning_rate        | 0.0003      |
|    loss                 | -0.0251     |
|    n_updates            | 815         |
|    policy_gradient_loss | -0.00903    |
|    value_loss           | 0.0182      |
-----------------------------------------
-----------------------------------------
| rollout/                |             |
|    ep_len_mean          | 222         |
|    ep_rew_mean          | 113         |
| time/                   |             |
|    fps                  | 267         |
|    iterations           | 165         |
|    time_elapsed         | 5047        |
|    total_timesteps      | 1351680     |
| train/                  |             |
|    approx_kl            | 0.006462221 |
|    clip_fraction        | 0.0638      |
|    clip_range           | 0.2         |
|    entropy_loss         | -1.37       |
|    explained_variance   | 0.985       |
|    learning_rate        | 0.0003      |
|    loss                 | -0.00994    |
|    n_updates            | 820         |
|    policy_gradient_loss | -0.00358    |
|    value_loss           | 0.0157      |
-----------------------------------------
-----------------------------------------
| rollout/                |             |
|    ep_len_mean          | 268         |
|    ep_rew_mean          | 103         |
| time/                   |             |
|    fps                  | 267         |
|    iterations           | 166         |
|    time_elapsed         | 5078        |
|    total_timesteps      | 1359872     |
| train/                  |             |
|    approx_kl            | 0.009855568 |
|    clip_fraction        | 0.0688      |
|    clip_range           | 0.2         |
|    entropy_loss         | -1.37       |
|    explained_variance   | 0.985       |
|    learning_rate        | 0.0003      |
|    loss                 | -0.00309    |
|    n_updates            | 825         |
|    policy_gradient_loss | -0.00323    |
|    value_loss           | 0.0172      |
-----------------------------------------
------------------------------------------
| rollout/                |              |
|    ep_len_mean          | 269          |
|    ep_rew_mean          | 103          |
| time/                   |              |
|    fps                  | 267          |
|    iterations           | 167          |
|    time_elapsed         | 5112         |
|    total_timesteps      | 1368064      |
| train/                  |              |
|    approx_kl            | 0.0050435476 |
|    clip_fraction        | 0.0453       |
|    clip_range           | 0.2          |
|    entropy_loss         | -1.21        |
|    explained_variance   | 0.979        |
|    learning_rate        | 0.0003       |
|    loss                 | -0.0063      |
|    n_updates            | 830          |
|    policy_gradient_loss | -0.00425     |
|    value_loss           | 0.0232       |
------------------------------------------
------------------------------------------
| rollout/                |              |
|    ep_len_mean          | 226          |
|    ep_rew_mean          | 110          |
| time/                   |              |
|    fps                  | 267          |
|    iterations           | 168          |
|    time_elapsed         | 5143         |
|    total_timesteps      | 1376256      |
| train/                  |              |
|    approx_kl            | 0.0051219556 |
|    clip_fraction        | 0.0382       |
|    clip_range           | 0.2          |
|    entropy_loss         | -1.23        |
|    explained_variance   | 0.978        |
|    learning_rate        | 0.0003       |
|    loss                 | -0.0161      |
|    n_updates            | 835          |
|    policy_gradient_loss | -0.00482     |
|    value_loss           | 0.0221       |
------------------------------------------
-----------------------------------------
| rollout/                |             |
|    ep_len_mean          | 226         |
|    ep_rew_mean          | 109         |
| time/                   |             |
|    fps                  | 267         |
|    iterations           | 169         |
|    time_elapsed         | 5175        |
|    total_timesteps      | 1384448     |
| train/                  |             |
|    approx_kl            | 0.005916897 |
|    clip_fraction        | 0.0454      |
|    clip_range           | 0.2         |
|    entropy_loss         | -1.22       |
|    explained_variance   | 0.975       |
|    learning_rate        | 0.0003      |
|    loss                 | -0.00575    |
|    n_updates            | 840         |
|    policy_gradient_loss | -0.00494    |
|    value_loss           | 0.0246      |
-----------------------------------------
------------------------------------------
| rollout/                |              |
|    ep_len_mean          | 225          |
|    ep_rew_mean          | 109          |
| time/                   |              |
|    fps                  | 267          |
|    iterations           | 170          |
|    time_elapsed         | 5206         |
|    total_timesteps      | 1392640      |
| train/                  |              |
|    approx_kl            | 0.0067929896 |
|    clip_fraction        | 0.0489       |
|    clip_range           | 0.2          |
|    entropy_loss         | -1.22        |
|    explained_variance   | 0.974        |
|    learning_rate        | 0.0003       |
|    loss                 | -0.00516     |
|    n_updates            | 845          |
|    policy_gradient_loss | -0.00224     |
|    value_loss           | 0.0241       |
------------------------------------------
-----------------------------------------
| rollout/                |             |
|    ep_len_mean          | 230         |
|    ep_rew_mean          | 112         |
| time/                   |             |
|    fps                  | 267         |
|    iterations           | 171         |
|    time_elapsed         | 5236        |
|    total_timesteps      | 1400832     |
| train/                  |             |
|    approx_kl            | 0.007182242 |
|    clip_fraction        | 0.06        |
|    clip_range           | 0.2         |
|    entropy_loss         | -1.23       |
|    explained_variance   | 0.977       |
|    learning_rate        | 0.0003      |
|    loss                 | -0.00784    |
|    n_updates            | 850         |
|    policy_gradient_loss | -0.00553    |
|    value_loss           | 0.0236      |
-----------------------------------------
------------------------------------------
| rollout/                |              |
|    ep_len_mean          | 230          |
|    ep_rew_mean          | 114          |
| time/                   |              |
|    fps                  | 267          |
|    iterations           | 172          |
|    time_elapsed         | 5266         |
|    total_timesteps      | 1409024      |
| train/                  |              |
|    approx_kl            | 0.0065976055 |
|    clip_fraction        | 0.05         |
|    clip_range           | 0.2          |
|    entropy_loss         | -1.19        |
|    explained_variance   | 0.976        |
|    learning_rate        | 0.0003       |
|    loss                 | -0.00753     |
|    n_updates            | 855          |
|    policy_gradient_loss | -0.00536     |
|    value_loss           | 0.022        |
------------------------------------------
----------------------------------------
| rollout/                |            |
|    ep_len_mean          | 229        |
|    ep_rew_mean          | 115        |
| time/                   |            |
|    fps                  | 267        |
|    iterations           | 173        |
|    time_elapsed         | 5297       |
|    total_timesteps      | 1417216    |
| train/                  |            |
|    approx_kl            | 0.00576369 |
|    clip_fraction        | 0.0414     |
|    clip_range           | 0.2        |
|    entropy_loss         | -1.2       |
|    explained_variance   | 0.975      |
|    learning_rate        | 0.0003     |
|    loss                 | -0.0172    |
|    n_updates            | 860        |
|    policy_gradient_loss | -0.00402   |
|    value_loss           | 0.0248     |
----------------------------------------
------------------------------------------
| rollout/                |              |
|    ep_len_mean          | 228          |
|    ep_rew_mean          | 114          |
| time/                   |              |
|    fps                  | 267          |
|    iterations           | 174          |
|    time_elapsed         | 5328         |
|    total_timesteps      | 1425408      |
| train/                  |              |
|    approx_kl            | 0.0070589343 |
|    clip_fraction        | 0.0625       |
|    clip_range           | 0.2          |
|    entropy_loss         | -1.19        |
|    explained_variance   | 0.977        |
|    learning_rate        | 0.0003       |
|    loss                 | -0.0146      |
|    n_updates            | 865          |
|    policy_gradient_loss | -0.00568     |
|    value_loss           | 0.0219       |
------------------------------------------
------------------------------------------
| rollout/                |              |
|    ep_len_mean          | 224          |
|    ep_rew_mean          | 114          |
| time/                   |              |
|    fps                  | 267          |
|    iterations           | 175          |
|    time_elapsed         | 5358         |
|    total_timesteps      | 1433600      |
| train/                  |              |
|    approx_kl            | 0.0057924055 |
|    clip_fraction        | 0.0462       |
|    clip_range           | 0.2          |
|    entropy_loss         | -1.2         |
|    explained_variance   | 0.978        |
|    learning_rate        | 0.0003       |
|    loss                 | -0.0128      |
|    n_updates            | 870          |
|    policy_gradient_loss | -0.00464     |
|    value_loss           | 0.021        |
------------------------------------------
------------------------------------------
| rollout/                |              |
|    ep_len_mean          | 220          |
|    ep_rew_mean          | 114          |
| time/                   |              |
|    fps                  | 267          |
|    iterations           | 176          |
|    time_elapsed         | 5389         |
|    total_timesteps      | 1441792      |
| train/                  |              |
|    approx_kl            | 0.0056286864 |
|    clip_fraction        | 0.0449       |
|    clip_range           | 0.2          |
|    entropy_loss         | -1.2         |
|    explained_variance   | 0.976        |
|    learning_rate        | 0.0003       |
|    loss                 | -0.00821     |
|    n_updates            | 875          |
|    policy_gradient_loss | -0.00446     |
|    value_loss           | 0.0218       |
------------------------------------------
-----------------------------------------
| rollout/                |             |
|    ep_len_mean          | 224         |
|    ep_rew_mean          | 113         |
| time/                   |             |
|    fps                  | 267         |
|    iterations           | 177         |
|    time_elapsed         | 5419        |
|    total_timesteps      | 1449984     |
| train/                  |             |
|    approx_kl            | 0.005094454 |
|    clip_fraction        | 0.0513      |
|    clip_range           | 0.2         |
|    entropy_loss         | -1.18       |
|    explained_variance   | 0.972       |
|    learning_rate        | 0.0003      |
|    loss                 | -0.00989    |
|    n_updates            | 880         |
|    policy_gradient_loss | -0.00456    |
|    value_loss           | 0.0255      |
-----------------------------------------
-----------------------------------------
| rollout/                |             |
|    ep_len_mean          | 226         |
|    ep_rew_mean          | 115         |
| time/                   |             |
|    fps                  | 267         |
|    iterations           | 178         |
|    time_elapsed         | 5451        |
|    total_timesteps      | 1458176     |
| train/                  |             |
|    approx_kl            | 0.005869228 |
|    clip_fraction        | 0.0503      |
|    clip_range           | 0.2         |
|    entropy_loss         | -1.25       |
|    explained_variance   | 0.98        |
|    learning_rate        | 0.0003      |
|    loss                 | -0.00928    |
|    n_updates            | 885         |
|    policy_gradient_loss | -0.00438    |
|    value_loss           | 0.0201      |
-----------------------------------------
-----------------------------------------
| rollout/                |             |
|    ep_len_mean          | 221         |
|    ep_rew_mean          | 114         |
| time/                   |             |
|    fps                  | 267         |
|    iterations           | 179         |
|    time_elapsed         | 5482        |
|    total_timesteps      | 1466368     |
| train/                  |             |
|    approx_kl            | 0.006563157 |
|    clip_fraction        | 0.0474      |
|    clip_range           | 0.2         |
|    entropy_loss         | -1.15       |
|    explained_variance   | 0.977       |
|    learning_rate        | 0.0003      |
|    loss                 | -0.013      |
|    n_updates            | 890         |
|    policy_gradient_loss | -0.00427    |
|    value_loss           | 0.02        |
-----------------------------------------
------------------------------------------
| rollout/                |              |
|    ep_len_mean          | 221          |
|    ep_rew_mean          | 114          |
| time/                   |              |
|    fps                  | 267          |
|    iterations           | 180          |
|    time_elapsed         | 5513         |
|    total_timesteps      | 1474560      |
| train/                  |              |
|    approx_kl            | 0.0050640455 |
|    clip_fraction        | 0.0377       |
|    clip_range           | 0.2          |
|    entropy_loss         | -1.16        |
|    explained_variance   | 0.975        |
|    learning_rate        | 0.0003       |
|    loss                 | -0.00508     |
|    n_updates            | 895          |
|    policy_gradient_loss | -0.00353     |
|    value_loss           | 0.021        |
------------------------------------------
----------------------------------------
| rollout/                |            |
|    ep_len_mean          | 224        |
|    ep_rew_mean          | 115        |
| time/                   |            |
|    fps                  | 267        |
|    iterations           | 181        |
|    time_elapsed         | 5545       |
|    total_timesteps      | 1482752    |
| train/                  |            |
|    approx_kl            | 0.00621186 |
|    clip_fraction        | 0.0468     |
|    clip_range           | 0.2        |
|    entropy_loss         | -1.19      |
|    explained_variance   | 0.969      |
|    learning_rate        | 0.0003     |
|    loss                 | -0.0103    |
|    n_updates            | 900        |
|    policy_gradient_loss | -0.00495   |
|    value_loss           | 0.0263     |
----------------------------------------
-----------------------------------------
| rollout/                |             |
|    ep_len_mean          | 223         |
|    ep_rew_mean          | 116         |
| time/                   |             |
|    fps                  | 267         |
|    iterations           | 182         |
|    time_elapsed         | 5578        |
|    total_timesteps      | 1490944     |
| train/                  |             |
|    approx_kl            | 0.005637532 |
|    clip_fraction        | 0.0365      |
|    clip_range           | 0.2         |
|    entropy_loss         | -1.15       |
|    explained_variance   | 0.975       |
|    learning_rate        | 0.0003      |
|    loss                 | -0.0117     |
|    n_updates            | 905         |
|    policy_gradient_loss | -0.00423    |
|    value_loss           | 0.0208      |
-----------------------------------------
------------------------------------------
| rollout/                |              |
|    ep_len_mean          | 220          |
|    ep_rew_mean          | 117          |
| time/                   |              |
|    fps                  | 267          |
|    iterations           | 183          |
|    time_elapsed         | 5612         |
|    total_timesteps      | 1499136      |
| train/                  |              |
|    approx_kl            | 0.0073985546 |
|    clip_fraction        | 0.064        |
|    clip_range           | 0.2          |
|    entropy_loss         | -1.17        |
|    explained_variance   | 0.978        |
|    learning_rate        | 0.0003       |
|    loss                 | -0.0135      |
|    n_updates            | 910          |
|    policy_gradient_loss | -0.00528     |
|    value_loss           | 0.0211       |
------------------------------------------
[Checkpoint] Saved at 1500000 steps > C:\Users\Admin\Desktop\disciple\realnewdisciples-main\Big_map\campaign_checkpoints\super-last-stand-paralysis-3m-20260912-190628\campaign_ppo_step_1500000.zip
