Проверка среды CampaignEnv...
Среда прошла проверку!
[INFO] Comet disabled, running without experiment tracking
Создание 4 параллельных сред (dummy)...
Инициализация MaskablePPO...
Using cpu device

============================================================
Запуск обучения Campaign Agent
Всего шагов: 3,000,000
Параллельных сред: 4
VecEnv: dummy
Seed: 42
Checkpoint каждые: 300,000 шагов
Evaluation каждые: 75,000 шагов
Eval deterministic эпизодов: 20
Eval stochastic эпизодов: 0
Eval лимит шагов на эпизод: 5000
Campaign map: super_last_stand
Campaign objective: waves
System resources at training start:
  Platform: Windows 11 (AMD64)
  Python: 3.14.6
  PyTorch: 2.12.1+cpu
  Training device: cpu
  CPU model: Intel64 Family 6 Model 158 Stepping 10, GenuineIntel
  CPU vendor: unknown
  Logical CPUs visible: 6
  Process CPU affinity: 6
  Sockets: unknown
  Cores per socket: unknown
  Threads per core: unknown
  CPU max MHz: unknown
  CPU min MHz: unknown
  L1d cache: unknown
  L1i cache: unknown
  L2 cache: unknown
  L3 cache: unknown
  Virtualization: unknown
  Hypervisor: unknown
  RAM total: unknown
  RAM available at start: unknown
  Disk total: 237.56 GiB
  Disk free at start: 49.80 GiB
  Torch intra-op threads: 1
  Torch inter-op threads: 1
  OMP_NUM_THREADS: 1
  MKL_NUM_THREADS: 1
  OPENBLAS_NUM_THREADS: 1
PPO n_steps: 2,048
PPO batch_size: 512
PPO n_epochs: 5
PPO learning_rate: 0.0003
PPO clip_range: 0.2
PPO ent_coef: 0.01
PPO gamma: 0.995
PPO gae_lambda: 0.95
PPO target_kl: disabled
PPO gradient batches per rollout: 80
VecCheckNan: enabled
Freeze action layout: enabled
Empire territory: enabled
Torch threads per process: 1
Diagnostics: enabled
Wall-clock training limit: disabled
Diagnostics dir: C:\Users\Admin\Desktop\disciple\realnewdisciples-main\Big_map\campaign_diagnostics\super-last-stand-ranged-3m-20260912-204021
Run ID: super-last-stand-ranged-3m-20260912-204021
============================================================

Logging to C:\Users\Admin\Desktop\disciple\realnewdisciples-main\Big_map\campaign_tb_logs\super-last-stand-ranged-3m-20260912-204021\MaskablePPO_1
---------------------------------
| rollout/           |          |
|    ep_len_mean     | 248      |
|    ep_rew_mean     | -0.731   |
| time/              |          |
|    fps             | 324      |
|    iterations      | 1        |
|    time_elapsed    | 25       |
|    total_timesteps | 8192     |
---------------------------------
-----------------------------------------
| rollout/                |             |
|    ep_len_mean          | 257         |
|    ep_rew_mean          | 0.669       |
| time/                   |             |
|    fps                  | 299         |
|    iterations           | 2           |
|    time_elapsed         | 54          |
|    total_timesteps      | 16384       |
| train/                  |             |
|    approx_kl            | 0.011837337 |
|    clip_fraction        | 0.0803      |
|    clip_range           | 0.2         |
|    entropy_loss         | -2.31       |
|    explained_variance   | 0.0398      |
|    learning_rate        | 0.0003      |
|    loss                 | -0.0107     |
|    n_updates            | 5           |
|    policy_gradient_loss | -0.011      |
|    value_loss           | 0.0647      |
-----------------------------------------
-----------------------------------------
| rollout/                |             |
|    ep_len_mean          | 278         |
|    ep_rew_mean          | 8.16        |
| time/                   |             |
|    fps                  | 297         |
|    iterations           | 3           |
|    time_elapsed         | 82          |
|    total_timesteps      | 24576       |
| train/                  |             |
|    approx_kl            | 0.010711943 |
|    clip_fraction        | 0.108       |
|    clip_range           | 0.2         |
|    entropy_loss         | -2.33       |
|    explained_variance   | 0.385       |
|    learning_rate        | 0.0003      |
|    loss                 | -0.0405     |
|    n_updates            | 10          |
|    policy_gradient_loss | -0.0137     |
|    value_loss           | 0.0425      |
-----------------------------------------
-----------------------------------------
| rollout/                |             |
|    ep_len_mean          | 283         |
|    ep_rew_mean          | 11.9        |
| time/                   |             |
|    fps                  | 294         |
|    iterations           | 4           |
|    time_elapsed         | 111         |
|    total_timesteps      | 32768       |
| train/                  |             |
|    approx_kl            | 0.010198504 |
|    clip_fraction        | 0.0895      |
|    clip_range           | 0.2         |
|    entropy_loss         | -2.32       |
|    explained_variance   | 0.554       |
|    learning_rate        | 0.0003      |
|    loss                 | -0.0293     |
|    n_updates            | 15          |
|    policy_gradient_loss | -0.0131     |
|    value_loss           | 0.0476      |
-----------------------------------------
-----------------------------------------
| rollout/                |             |
|    ep_len_mean          | 288         |
|    ep_rew_mean          | 23.8        |
| time/                   |             |
|    fps                  | 292         |
|    iterations           | 5           |
|    time_elapsed         | 139         |
|    total_timesteps      | 40960       |
| train/                  |             |
|    approx_kl            | 0.009224445 |
|    clip_fraction        | 0.078       |
|    clip_range           | 0.2         |
|    entropy_loss         | -2.32       |
|    explained_variance   | 0.618       |
|    learning_rate        | 0.0003      |
|    loss                 | -0.013      |
|    n_updates            | 20          |
|    policy_gradient_loss | -0.0103     |
|    value_loss           | 0.0661      |
-----------------------------------------
-----------------------------------------
| rollout/                |             |
|    ep_len_mean          | 269         |
|    ep_rew_mean          | 34.5        |
| time/                   |             |
|    fps                  | 291         |
|    iterations           | 6           |
|    time_elapsed         | 168         |
|    total_timesteps      | 49152       |
| train/                  |             |
|    approx_kl            | 0.008867405 |
|    clip_fraction        | 0.0654      |
|    clip_range           | 0.2         |
|    entropy_loss         | -2.33       |
|    explained_variance   | 0.694       |
|    learning_rate        | 0.0003      |
|    loss                 | -0.0137     |
|    n_updates            | 25          |
|    policy_gradient_loss | -0.0104     |
|    value_loss           | 0.0549      |
-----------------------------------------
-----------------------------------------
| rollout/                |             |
|    ep_len_mean          | 256         |
|    ep_rew_mean          | 44.2        |
| time/                   |             |
|    fps                  | 290         |
|    iterations           | 7           |
|    time_elapsed         | 197         |
|    total_timesteps      | 57344       |
| train/                  |             |
|    approx_kl            | 0.009144149 |
|    clip_fraction        | 0.0889      |
|    clip_range           | 0.2         |
|    entropy_loss         | -2.33       |
|    explained_variance   | 0.724       |
|    learning_rate        | 0.0003      |
|    loss                 | -0.0141     |
|    n_updates            | 30          |
|    policy_gradient_loss | -0.0138     |
|    value_loss           | 0.0548      |
-----------------------------------------
-----------------------------------------
| rollout/                |             |
|    ep_len_mean          | 256         |
|    ep_rew_mean          | 52.8        |
| time/                   |             |
|    fps                  | 290         |
|    iterations           | 8           |
|    time_elapsed         | 225         |
|    total_timesteps      | 65536       |
| train/                  |             |
|    approx_kl            | 0.010905024 |
|    clip_fraction        | 0.108       |
|    clip_range           | 0.2         |
|    entropy_loss         | -2.31       |
|    explained_variance   | 0.707       |
|    learning_rate        | 0.0003      |
|    loss                 | -0.00601    |
|    n_updates            | 35          |
|    policy_gradient_loss | -0.0113     |
|    value_loss           | 0.0516      |
-----------------------------------------
-----------------------------------------
| rollout/                |             |
|    ep_len_mean          | 259         |
|    ep_rew_mean          | 61.3        |
| time/                   |             |
|    fps                  | 288         |
|    iterations           | 9           |
|    time_elapsed         | 255         |
|    total_timesteps      | 73728       |
| train/                  |             |
|    approx_kl            | 0.010875147 |
|    clip_fraction        | 0.108       |
|    clip_range           | 0.2         |
|    entropy_loss         | -2.26       |
|    explained_variance   | 0.818       |
|    learning_rate        | 0.0003      |
|    loss                 | -0.0222     |
|    n_updates            | 40          |
|    policy_gradient_loss | -0.0128     |
|    value_loss           | 0.0373      |
-----------------------------------------
-----------------------------------------
| rollout/                |             |
|    ep_len_mean          | 251         |
|    ep_rew_mean          | 64.5        |
| time/                   |             |
|    fps                  | 286         |
|    iterations           | 10          |
|    time_elapsed         | 285         |
|    total_timesteps      | 81920       |
| train/                  |             |
|    approx_kl            | 0.009498039 |
|    clip_fraction        | 0.0921      |
|    clip_range           | 0.2         |
|    entropy_loss         | -2.23       |
|    explained_variance   | 0.801       |
|    learning_rate        | 0.0003      |
|    loss                 | -0.0211     |
|    n_updates            | 45          |
|    policy_gradient_loss | -0.011      |
|    value_loss           | 0.0555      |
-----------------------------------------
-----------------------------------------
| rollout/                |             |
|    ep_len_mean          | 246         |
|    ep_rew_mean          | 68.3        |
| time/                   |             |
|    fps                  | 283         |
|    iterations           | 11          |
|    time_elapsed         | 317         |
|    total_timesteps      | 90112       |
| train/                  |             |
|    approx_kl            | 0.010736467 |
|    clip_fraction        | 0.0872      |
|    clip_range           | 0.2         |
|    entropy_loss         | -2.22       |
|    explained_variance   | 0.84        |
|    learning_rate        | 0.0003      |
|    loss                 | -0.0247     |
|    n_updates            | 50          |
|    policy_gradient_loss | -0.0105     |
|    value_loss           | 0.0462      |
-----------------------------------------
-----------------------------------------
| rollout/                |             |
|    ep_len_mean          | 247         |
|    ep_rew_mean          | 74.2        |
| time/                   |             |
|    fps                  | 282         |
|    iterations           | 12          |
|    time_elapsed         | 348         |
|    total_timesteps      | 98304       |
| train/                  |             |
|    approx_kl            | 0.009227718 |
|    clip_fraction        | 0.0866      |
|    clip_range           | 0.2         |
|    entropy_loss         | -2.19       |
|    explained_variance   | 0.89        |
|    learning_rate        | 0.0003      |
|    loss                 | -0.0191     |
|    n_updates            | 55          |
|    policy_gradient_loss | -0.0121     |
|    value_loss           | 0.0376      |
-----------------------------------------
----------------------------------------
| rollout/                |            |
|    ep_len_mean          | 261        |
|    ep_rew_mean          | 82.8       |
| time/                   |            |
|    fps                  | 282        |
|    iterations           | 13         |
|    time_elapsed         | 377        |
|    total_timesteps      | 106496     |
| train/                  |            |
|    approx_kl            | 0.01063122 |
|    clip_fraction        | 0.09       |
|    clip_range           | 0.2        |
|    entropy_loss         | -2.15      |
|    explained_variance   | 0.909      |
|    learning_rate        | 0.0003     |
|    loss                 | -0.0156    |
|    n_updates            | 60         |
|    policy_gradient_loss | -0.0112    |
|    value_loss           | 0.0371     |
----------------------------------------
-----------------------------------------
| rollout/                |             |
|    ep_len_mean          | 256         |
|    ep_rew_mean          | 85.6        |
| time/                   |             |
|    fps                  | 282         |
|    iterations           | 14          |
|    time_elapsed         | 406         |
|    total_timesteps      | 114688      |
| train/                  |             |
|    approx_kl            | 0.009014178 |
|    clip_fraction        | 0.054       |
|    clip_range           | 0.2         |
|    entropy_loss         | -2.11       |
|    explained_variance   | 0.916       |
|    learning_rate        | 0.0003      |
|    loss                 | -0.0193     |
|    n_updates            | 65          |
|    policy_gradient_loss | -0.00701    |
|    value_loss           | 0.0351      |
-----------------------------------------
-----------------------------------------
| rollout/                |             |
|    ep_len_mean          | 239         |
|    ep_rew_mean          | 85.9        |
| time/                   |             |
|    fps                  | 282         |
|    iterations           | 15          |
|    time_elapsed         | 435         |
|    total_timesteps      | 122880      |
| train/                  |             |
|    approx_kl            | 0.010052629 |
|    clip_fraction        | 0.0847      |
|    clip_range           | 0.2         |
|    entropy_loss         | -2.06       |
|    explained_variance   | 0.865       |
|    learning_rate        | 0.0003      |
|    loss                 | -0.00736    |
|    n_updates            | 70          |
|    policy_gradient_loss | -0.00986    |
|    value_loss           | 0.0577      |
-----------------------------------------
-----------------------------------------
| rollout/                |             |
|    ep_len_mean          | 224         |
|    ep_rew_mean          | 87.1        |
| time/                   |             |
|    fps                  | 281         |
|    iterations           | 16          |
|    time_elapsed         | 466         |
|    total_timesteps      | 131072      |
| train/                  |             |
|    approx_kl            | 0.009421373 |
|    clip_fraction        | 0.0716      |
|    clip_range           | 0.2         |
|    entropy_loss         | -2.01       |
|    explained_variance   | 0.881       |
|    learning_rate        | 0.0003      |
|    loss                 | 5.38e-05    |
|    n_updates            | 75          |
|    policy_gradient_loss | -0.00829    |
|    value_loss           | 0.0525      |
-----------------------------------------
-----------------------------------------
| rollout/                |             |
|    ep_len_mean          | 235         |
|    ep_rew_mean          | 91.6        |
| time/                   |             |
|    fps                  | 280         |
|    iterations           | 17          |
|    time_elapsed         | 497         |
|    total_timesteps      | 139264      |
| train/                  |             |
|    approx_kl            | 0.009127474 |
|    clip_fraction        | 0.0694      |
|    clip_range           | 0.2         |
|    entropy_loss         | -1.96       |
|    explained_variance   | 0.894       |
|    learning_rate        | 0.0003      |
|    loss                 | -0.0134     |
|    n_updates            | 80          |
|    policy_gradient_loss | -0.00809    |
|    value_loss           | 0.0463      |
-----------------------------------------
-----------------------------------------
| rollout/                |             |
|    ep_len_mean          | 252         |
|    ep_rew_mean          | 97.9        |
| time/                   |             |
|    fps                  | 280         |
|    iterations           | 18          |
|    time_elapsed         | 526         |
|    total_timesteps      | 147456      |
| train/                  |             |
|    approx_kl            | 0.009180547 |
|    clip_fraction        | 0.0662      |
|    clip_range           | 0.2         |
|    entropy_loss         | -1.92       |
|    explained_variance   | 0.916       |
|    learning_rate        | 0.0003      |
|    loss                 | -0.0056     |
|    n_updates            | 85          |
|    policy_gradient_loss | -0.00793    |
|    value_loss           | 0.0404      |
-----------------------------------------
-----------------------------------------
| rollout/                |             |
|    ep_len_mean          | 265         |
|    ep_rew_mean          | 98.4        |
| time/                   |             |
|    fps                  | 279         |
|    iterations           | 19          |
|    time_elapsed         | 556         |
|    total_timesteps      | 155648      |
| train/                  |             |
|    approx_kl            | 0.008381578 |
|    clip_fraction        | 0.057       |
|    clip_range           | 0.2         |
|    entropy_loss         | -1.9        |
|    explained_variance   | 0.929       |
|    learning_rate        | 0.0003      |
|    loss                 | -0.0125     |
|    n_updates            | 90          |
|    policy_gradient_loss | -0.00777    |
|    value_loss           | 0.0351      |
-----------------------------------------
------------------------------------------
| rollout/                |              |
|    ep_len_mean          | 277          |
|    ep_rew_mean          | 103          |
| time/                   |              |
|    fps                  | 279          |
|    iterations           | 20           |
|    time_elapsed         | 585          |
|    total_timesteps      | 163840       |
| train/                  |              |
|    approx_kl            | 0.0073283156 |
|    clip_fraction        | 0.0533       |
|    clip_range           | 0.2          |
|    entropy_loss         | -1.87        |
|    explained_variance   | 0.931        |
|    learning_rate        | 0.0003       |
|    loss                 | -0.0115      |
|    n_updates            | 95           |
|    policy_gradient_loss | -0.00784     |
|    value_loss           | 0.0334       |
------------------------------------------
------------------------------------------
| rollout/                |              |
|    ep_len_mean          | 282          |
|    ep_rew_mean          | 104          |
| time/                   |              |
|    fps                  | 279          |
|    iterations           | 21           |
|    time_elapsed         | 614          |
|    total_timesteps      | 172032       |
| train/                  |              |
|    approx_kl            | 0.0086483285 |
|    clip_fraction        | 0.0491       |
|    clip_range           | 0.2          |
|    entropy_loss         | -1.85        |
|    explained_variance   | 0.938        |
|    learning_rate        | 0.0003       |
|    loss                 | -0.0122      |
|    n_updates            | 100          |
|    policy_gradient_loss | -0.00691     |
|    value_loss           | 0.0286       |
------------------------------------------
-----------------------------------------
| rollout/                |             |
|    ep_len_mean          | 287         |
|    ep_rew_mean          | 104         |
| time/                   |             |
|    fps                  | 279         |
|    iterations           | 22          |
|    time_elapsed         | 644         |
|    total_timesteps      | 180224      |
| train/                  |             |
|    approx_kl            | 0.007785035 |
|    clip_fraction        | 0.0489      |
|    clip_range           | 0.2         |
|    entropy_loss         | -1.85       |
|    explained_variance   | 0.953       |
|    learning_rate        | 0.0003      |
|    loss                 | -0.00941    |
|    n_updates            | 105         |
|    policy_gradient_loss | -0.007      |
|    value_loss           | 0.0242      |
-----------------------------------------
-----------------------------------------
| rollout/                |             |
|    ep_len_mean          | 301         |
|    ep_rew_mean          | 106         |
| time/                   |             |
|    fps                  | 279         |
|    iterations           | 23          |
|    time_elapsed         | 674         |
|    total_timesteps      | 188416      |
| train/                  |             |
|    approx_kl            | 0.008048063 |
|    clip_fraction        | 0.0599      |
|    clip_range           | 0.2         |
|    entropy_loss         | -1.82       |
|    explained_variance   | 0.941       |
|    learning_rate        | 0.0003      |
|    loss                 | -0.0141     |
|    n_updates            | 110         |
|    policy_gradient_loss | -0.00616    |
|    value_loss           | 0.0377      |
-----------------------------------------
-----------------------------------------
| rollout/                |             |
|    ep_len_mean          | 306         |
|    ep_rew_mean          | 108         |
| time/                   |             |
|    fps                  | 279         |
|    iterations           | 24          |
|    time_elapsed         | 704         |
|    total_timesteps      | 196608      |
| train/                  |             |
|    approx_kl            | 0.006912188 |
|    clip_fraction        | 0.0435      |
|    clip_range           | 0.2         |
|    entropy_loss         | -1.79       |
|    explained_variance   | 0.961       |
|    learning_rate        | 0.0003      |
|    loss                 | -0.00583    |
|    n_updates            | 115         |
|    policy_gradient_loss | -0.00524    |
|    value_loss           | 0.0229      |
-----------------------------------------
-----------------------------------------
| rollout/                |             |
|    ep_len_mean          | 308         |
|    ep_rew_mean          | 109         |
| time/                   |             |
|    fps                  | 279         |
|    iterations           | 25          |
|    time_elapsed         | 733         |
|    total_timesteps      | 204800      |
| train/                  |             |
|    approx_kl            | 0.008480873 |
|    clip_fraction        | 0.072       |
|    clip_range           | 0.2         |
|    entropy_loss         | -1.75       |
|    explained_variance   | 0.949       |
|    learning_rate        | 0.0003      |
|    loss                 | -0.0131     |
|    n_updates            | 120         |
|    policy_gradient_loss | -0.00723    |
|    value_loss           | 0.0287      |
-----------------------------------------
-----------------------------------------
| rollout/                |             |
|    ep_len_mean          | 310         |
|    ep_rew_mean          | 109         |
| time/                   |             |
|    fps                  | 278         |
|    iterations           | 26          |
|    time_elapsed         | 763         |
|    total_timesteps      | 212992      |
| train/                  |             |
|    approx_kl            | 0.007451769 |
|    clip_fraction        | 0.0436      |
|    clip_range           | 0.2         |
|    entropy_loss         | -1.72       |
|    explained_variance   | 0.959       |
|    learning_rate        | 0.0003      |
|    loss                 | -0.0112     |
|    n_updates            | 125         |
|    policy_gradient_loss | -0.0056     |
|    value_loss           | 0.0266      |
-----------------------------------------
------------------------------------------
| rollout/                |              |
|    ep_len_mean          | 303          |
|    ep_rew_mean          | 109          |
| time/                   |              |
|    fps                  | 278          |
|    iterations           | 27           |
|    time_elapsed         | 793          |
|    total_timesteps      | 221184       |
| train/                  |              |
|    approx_kl            | 0.0083663445 |
|    clip_fraction        | 0.0466       |
|    clip_range           | 0.2          |
|    entropy_loss         | -1.77        |
|    explained_variance   | 0.952        |
|    learning_rate        | 0.0003       |
|    loss                 | -0.0205      |
|    n_updates            | 130          |
|    policy_gradient_loss | -0.00583     |
|    value_loss           | 0.031        |
------------------------------------------
-----------------------------------------
| rollout/                |             |
|    ep_len_mean          | 302         |
|    ep_rew_mean          | 108         |
| time/                   |             |
|    fps                  | 278         |
|    iterations           | 28          |
|    time_elapsed         | 824         |
|    total_timesteps      | 229376      |
| train/                  |             |
|    approx_kl            | 0.008315235 |
|    clip_fraction        | 0.0597      |
|    clip_range           | 0.2         |
|    entropy_loss         | -1.73       |
|    explained_variance   | 0.955       |
|    learning_rate        | 0.0003      |
|    loss                 | -0.0175     |
|    n_updates            | 135         |
|    policy_gradient_loss | -0.00716    |
|    value_loss           | 0.0318      |
-----------------------------------------
------------------------------------------
| rollout/                |              |
|    ep_len_mean          | 292          |
|    ep_rew_mean          | 105          |
| time/                   |              |
|    fps                  | 277          |
|    iterations           | 29           |
|    time_elapsed         | 854          |
|    total_timesteps      | 237568       |
| train/                  |              |
|    approx_kl            | 0.0058513167 |
|    clip_fraction        | 0.0347       |
|    clip_range           | 0.2          |
|    entropy_loss         | -1.75        |
|    explained_variance   | 0.964        |
|    learning_rate        | 0.0003       |
|    loss                 | -0.0127      |
|    n_updates            | 140          |
|    policy_gradient_loss | -0.00525     |
|    value_loss           | 0.0275       |
------------------------------------------
------------------------------------------
| rollout/                |              |
|    ep_len_mean          | 279          |
|    ep_rew_mean          | 106          |
| time/                   |              |
|    fps                  | 277          |
|    iterations           | 30           |
|    time_elapsed         | 885          |
|    total_timesteps      | 245760       |
| train/                  |              |
|    approx_kl            | 0.0075333323 |
|    clip_fraction        | 0.0469       |
|    clip_range           | 0.2          |
|    entropy_loss         | -1.76        |
|    explained_variance   | 0.952        |
|    learning_rate        | 0.0003       |
|    loss                 | -0.00507     |
|    n_updates            | 145          |
|    policy_gradient_loss | -0.00604     |
|    value_loss           | 0.0347       |
------------------------------------------
-----------------------------------------
| rollout/                |             |
|    ep_len_mean          | 280         |
|    ep_rew_mean          | 107         |
| time/                   |             |
|    fps                  | 277         |
|    iterations           | 31          |
|    time_elapsed         | 914         |
|    total_timesteps      | 253952      |
| train/                  |             |
|    approx_kl            | 0.008642953 |
|    clip_fraction        | 0.0719      |
|    clip_range           | 0.2         |
|    entropy_loss         | -1.71       |
|    explained_variance   | 0.965       |
|    learning_rate        | 0.0003      |
|    loss                 | -0.0144     |
|    n_updates            | 150         |
|    policy_gradient_loss | -0.00733    |
|    value_loss           | 0.0274      |
-----------------------------------------
------------------------------------------
| rollout/                |              |
|    ep_len_mean          | 287          |
|    ep_rew_mean          | 112          |
| time/                   |              |
|    fps                  | 277          |
|    iterations           | 32           |
|    time_elapsed         | 943          |
|    total_timesteps      | 262144       |
| train/                  |              |
|    approx_kl            | 0.0069467807 |
|    clip_fraction        | 0.0502       |
|    clip_range           | 0.2          |
|    entropy_loss         | -1.72        |
|    explained_variance   | 0.969        |
|    learning_rate        | 0.0003       |
|    loss                 | -0.0202      |
|    n_updates            | 155          |
|    policy_gradient_loss | -0.00633     |
|    value_loss           | 0.0263       |
------------------------------------------
-----------------------------------------
| rollout/                |             |
|    ep_len_mean          | 283         |
|    ep_rew_mean          | 114         |
| time/                   |             |
|    fps                  | 277         |
|    iterations           | 33          |
|    time_elapsed         | 974         |
|    total_timesteps      | 270336      |
| train/                  |             |
|    approx_kl            | 0.006880086 |
|    clip_fraction        | 0.0509      |
|    clip_range           | 0.2         |
|    entropy_loss         | -1.66       |
|    explained_variance   | 0.967       |
|    learning_rate        | 0.0003      |
|    loss                 | -0.00632    |
|    n_updates            | 160         |
|    policy_gradient_loss | -0.00496    |
|    value_loss           | 0.0244      |
-----------------------------------------
-----------------------------------------
| rollout/                |             |
|    ep_len_mean          | 282         |
|    ep_rew_mean          | 115         |
| time/                   |             |
|    fps                  | 277         |
|    iterations           | 34          |
|    time_elapsed         | 1003        |
|    total_timesteps      | 278528      |
| train/                  |             |
|    approx_kl            | 0.008150146 |
|    clip_fraction        | 0.0643      |
|    clip_range           | 0.2         |
|    entropy_loss         | -1.68       |
|    explained_variance   | 0.975       |
|    learning_rate        | 0.0003      |
|    loss                 | -0.0208     |
|    n_updates            | 165         |
|    policy_gradient_loss | -0.00665    |
|    value_loss           | 0.0231      |
-----------------------------------------
-----------------------------------------
| rollout/                |             |
|    ep_len_mean          | 280         |
|    ep_rew_mean          | 113         |
| time/                   |             |
|    fps                  | 277         |
|    iterations           | 35          |
|    time_elapsed         | 1032        |
|    total_timesteps      | 286720      |
| train/                  |             |
|    approx_kl            | 0.008444043 |
|    clip_fraction        | 0.0618      |
|    clip_range           | 0.2         |
|    entropy_loss         | -1.62       |
|    explained_variance   | 0.971       |
|    learning_rate        | 0.0003      |
|    loss                 | -0.0147     |
|    n_updates            | 170         |
|    policy_gradient_loss | -0.00694    |
|    value_loss           | 0.0249      |
-----------------------------------------
-----------------------------------------
| rollout/                |             |
|    ep_len_mean          | 263         |
|    ep_rew_mean          | 114         |
| time/                   |             |
|    fps                  | 277         |
|    iterations           | 36          |
|    time_elapsed         | 1061        |
|    total_timesteps      | 294912      |
| train/                  |             |
|    approx_kl            | 0.007357148 |
|    clip_fraction        | 0.053       |
|    clip_range           | 0.2         |
|    entropy_loss         | -1.64       |
|    explained_variance   | 0.975       |
|    learning_rate        | 0.0003      |
|    loss                 | -0.0152     |
|    n_updates            | 175         |
|    policy_gradient_loss | -0.00599    |
|    value_loss           | 0.0221      |
-----------------------------------------
[Checkpoint] Saved at 300000 steps > C:\Users\Admin\Desktop\disciple\realnewdisciples-main\Big_map\campaign_checkpoints\super-last-stand-ranged-3m-20260912-204021\campaign_ppo_step_300000.zip
Eval num_timesteps=300000, det_reward=106.72 +/- 6.82
Episode length: det=212.10 +/- 38.60
Victory rate: det=0.00%
-------------------------------------------------
| eval/                           |             |
|    deterministic_mean_ep_length | 212         |
|    deterministic_mean_reward    | 107         |
|    deterministic_victory_rate   | 0           |
|    mean_ep_length               | 212         |
|    mean_reward                  | 107         |
|    victory_rate                 | 0           |
| time/                           |             |
|    total_timesteps              | 300000      |
| train/                          |             |
|    approx_kl                    | 0.006034878 |
|    clip_fraction                | 0.0449      |
|    clip_range                   | 0.2         |
|    entropy_loss                 | -1.55       |
|    explained_variance           | 0.968       |
|    learning_rate                | 0.0003      |
|    loss                         | -0.0128     |
|    n_updates                    | 180         |
|    policy_gradient_loss         | -0.00546    |
|    value_loss                   | 0.0285      |
-------------------------------------------------
New best model by deterministic victory rate!
---------------------------------
| rollout/           |          |
|    ep_len_mean     | 259      |
|    ep_rew_mean     | 112      |
| time/              |          |
|    fps             | 273      |
|    iterations      | 37       |
|    time_elapsed    | 1107     |
|    total_timesteps | 303104   |
---------------------------------
-----------------------------------------
| rollout/                |             |
|    ep_len_mean          | 247         |
|    ep_rew_mean          | 112         |
| time/                   |             |
|    fps                  | 273         |
|    iterations           | 38          |
|    time_elapsed         | 1137        |
|    total_timesteps      | 311296      |
| train/                  |             |
|    approx_kl            | 0.006818615 |
|    clip_fraction        | 0.0472      |
|    clip_range           | 0.2         |
|    entropy_loss         | -1.6        |
|    explained_variance   | 0.973       |
|    learning_rate        | 0.0003      |
|    loss                 | -0.0144     |
|    n_updates            | 185         |
|    policy_gradient_loss | -0.00601    |
|    value_loss           | 0.0272      |
-----------------------------------------
-----------------------------------------
| rollout/                |             |
|    ep_len_mean          | 247         |
|    ep_rew_mean          | 108         |
| time/                   |             |
|    fps                  | 273         |
|    iterations           | 39          |
|    time_elapsed         | 1166        |
|    total_timesteps      | 319488      |
| train/                  |             |
|    approx_kl            | 0.006761985 |
|    clip_fraction        | 0.0612      |
|    clip_range           | 0.2         |
|    entropy_loss         | -1.55       |
|    explained_variance   | 0.965       |
|    learning_rate        | 0.0003      |
|    loss                 | -0.00984    |
|    n_updates            | 190         |
|    policy_gradient_loss | -0.00612    |
|    value_loss           | 0.0293      |
-----------------------------------------
-----------------------------------------
| rollout/                |             |
|    ep_len_mean          | 241         |
|    ep_rew_mean          | 111         |
| time/                   |             |
|    fps                  | 274         |
|    iterations           | 40          |
|    time_elapsed         | 1194        |
|    total_timesteps      | 327680      |
| train/                  |             |
|    approx_kl            | 0.006631203 |
|    clip_fraction        | 0.0459      |
|    clip_range           | 0.2         |
|    entropy_loss         | -1.55       |
|    explained_variance   | 0.964       |
|    learning_rate        | 0.0003      |
|    loss                 | -0.00424    |
|    n_updates            | 195         |
|    policy_gradient_loss | -0.00596    |
|    value_loss           | 0.0285      |
-----------------------------------------
------------------------------------------
| rollout/                |              |
|    ep_len_mean          | 248          |
|    ep_rew_mean          | 113          |
| time/                   |              |
|    fps                  | 274          |
|    iterations           | 41           |
|    time_elapsed         | 1223         |
|    total_timesteps      | 335872       |
| train/                  |              |
|    approx_kl            | 0.0075229853 |
|    clip_fraction        | 0.0549       |
|    clip_range           | 0.2          |
|    entropy_loss         | -1.51        |
|    explained_variance   | 0.972        |
|    learning_rate        | 0.0003       |
|    loss                 | -0.0156      |
|    n_updates            | 200          |
|    policy_gradient_loss | -0.00712     |
|    value_loss           | 0.0236       |
------------------------------------------
------------------------------------------
| rollout/                |              |
|    ep_len_mean          | 254          |
|    ep_rew_mean          | 117          |
| time/                   |              |
|    fps                  | 274          |
|    iterations           | 42           |
|    time_elapsed         | 1251         |
|    total_timesteps      | 344064       |
| train/                  |              |
|    approx_kl            | 0.0056806547 |
|    clip_fraction        | 0.0366       |
|    clip_range           | 0.2          |
|    entropy_loss         | -1.55        |
|    explained_variance   | 0.979        |
|    learning_rate        | 0.0003       |
|    loss                 | -0.0193      |
|    n_updates            | 205          |
|    policy_gradient_loss | -0.0047      |
|    value_loss           | 0.0197       |
------------------------------------------
------------------------------------------
| rollout/                |              |
|    ep_len_mean          | 258          |
|    ep_rew_mean          | 116          |
| time/                   |              |
|    fps                  | 275          |
|    iterations           | 43           |
|    time_elapsed         | 1279         |
|    total_timesteps      | 352256       |
| train/                  |              |
|    approx_kl            | 0.0076190825 |
|    clip_fraction        | 0.0581       |
|    clip_range           | 0.2          |
|    entropy_loss         | -1.53        |
|    explained_variance   | 0.975        |
|    learning_rate        | 0.0003       |
|    loss                 | -0.0082      |
|    n_updates            | 210          |
|    policy_gradient_loss | -0.00708     |
|    value_loss           | 0.0234       |
------------------------------------------
-----------------------------------------
| rollout/                |             |
|    ep_len_mean          | 262         |
|    ep_rew_mean          | 115         |
| time/                   |             |
|    fps                  | 275         |
|    iterations           | 44          |
|    time_elapsed         | 1310        |
|    total_timesteps      | 360448      |
| train/                  |             |
|    approx_kl            | 0.005824138 |
|    clip_fraction        | 0.0468      |
|    clip_range           | 0.2         |
|    entropy_loss         | -1.49       |
|    explained_variance   | 0.979       |
|    learning_rate        | 0.0003      |
|    loss                 | -0.016      |
|    n_updates            | 215         |
|    policy_gradient_loss | -0.00515    |
|    value_loss           | 0.0198      |
-----------------------------------------
------------------------------------------
| rollout/                |              |
|    ep_len_mean          | 253          |
|    ep_rew_mean          | 116          |
| time/                   |              |
|    fps                  | 274          |
|    iterations           | 45           |
|    time_elapsed         | 1341         |
|    total_timesteps      | 368640       |
| train/                  |              |
|    approx_kl            | 0.0068037813 |
|    clip_fraction        | 0.0561       |
|    clip_range           | 0.2          |
|    entropy_loss         | -1.47        |
|    explained_variance   | 0.971        |
|    learning_rate        | 0.0003       |
|    loss                 | -0.0165      |
|    n_updates            | 220          |
|    policy_gradient_loss | -0.00721     |
|    value_loss           | 0.0282       |
------------------------------------------
------------------------------------------
| rollout/                |              |
|    ep_len_mean          | 250          |
|    ep_rew_mean          | 120          |
| time/                   |              |
|    fps                  | 274          |
|    iterations           | 46           |
|    time_elapsed         | 1371         |
|    total_timesteps      | 376832       |
| train/                  |              |
|    approx_kl            | 0.0064808466 |
|    clip_fraction        | 0.0471       |
|    clip_range           | 0.2          |
|    entropy_loss         | -1.42        |
|    explained_variance   | 0.973        |
|    learning_rate        | 0.0003       |
|    loss                 | -0.0107      |
|    n_updates            | 225          |
|    policy_gradient_loss | -0.00487     |
|    value_loss           | 0.0253       |
------------------------------------------
-----------------------------------------
| rollout/                |             |
|    ep_len_mean          | 247         |
|    ep_rew_mean          | 121         |
| time/                   |             |
|    fps                  | 274         |
|    iterations           | 47          |
|    time_elapsed         | 1401        |
|    total_timesteps      | 385024      |
| train/                  |             |
|    approx_kl            | 0.005063761 |
|    clip_fraction        | 0.0312      |
|    clip_range           | 0.2         |
|    entropy_loss         | -1.44       |
|    explained_variance   | 0.981       |
|    learning_rate        | 0.0003      |
|    loss                 | -0.0141     |
|    n_updates            | 230         |
|    policy_gradient_loss | -0.00476    |
|    value_loss           | 0.0188      |
-----------------------------------------
------------------------------------------
| rollout/                |              |
|    ep_len_mean          | 250          |
|    ep_rew_mean          | 120          |
| time/                   |              |
|    fps                  | 274          |
|    iterations           | 48           |
|    time_elapsed         | 1432         |
|    total_timesteps      | 393216       |
| train/                  |              |
|    approx_kl            | 0.0059694876 |
|    clip_fraction        | 0.0426       |
|    clip_range           | 0.2          |
|    entropy_loss         | -1.43        |
|    explained_variance   | 0.981        |
|    learning_rate        | 0.0003       |
|    loss                 | -0.0174      |
|    n_updates            | 235          |
|    policy_gradient_loss | -0.00595     |
|    value_loss           | 0.0191       |
------------------------------------------
------------------------------------------
| rollout/                |              |
|    ep_len_mean          | 246          |
|    ep_rew_mean          | 119          |
| time/                   |              |
|    fps                  | 274          |
|    iterations           | 49           |
|    time_elapsed         | 1462         |
|    total_timesteps      | 401408       |
| train/                  |              |
|    approx_kl            | 0.0073069334 |
|    clip_fraction        | 0.0506       |
|    clip_range           | 0.2          |
|    entropy_loss         | -1.46        |
|    explained_variance   | 0.981        |
|    learning_rate        | 0.0003       |
|    loss                 | -0.00995     |
|    n_updates            | 240          |
|    policy_gradient_loss | -0.00603     |
|    value_loss           | 0.0202       |
------------------------------------------
-----------------------------------------
| rollout/                |             |
|    ep_len_mean          | 247         |
|    ep_rew_mean          | 120         |
| time/                   |             |
|    fps                  | 274         |
|    iterations           | 50          |
|    time_elapsed         | 1492        |
|    total_timesteps      | 409600      |
| train/                  |             |
|    approx_kl            | 0.005888712 |
|    clip_fraction        | 0.0478      |
|    clip_range           | 0.2         |
|    entropy_loss         | -1.43       |
|    explained_variance   | 0.983       |
|    learning_rate        | 0.0003      |
|    loss                 | -0.0165     |
|    n_updates            | 245         |
|    policy_gradient_loss | -0.00573    |
|    value_loss           | 0.0174      |
-----------------------------------------
-----------------------------------------
| rollout/                |             |
|    ep_len_mean          | 246         |
|    ep_rew_mean          | 121         |
| time/                   |             |
|    fps                  | 274         |
|    iterations           | 51          |
|    time_elapsed         | 1523        |
|    total_timesteps      | 417792      |
| train/                  |             |
|    approx_kl            | 0.005698946 |
|    clip_fraction        | 0.0409      |
|    clip_range           | 0.2         |
|    entropy_loss         | -1.43       |
|    explained_variance   | 0.982       |
|    learning_rate        | 0.0003      |
|    loss                 | -0.0222     |
|    n_updates            | 250         |
|    policy_gradient_loss | -0.0056     |
|    value_loss           | 0.0195      |
-----------------------------------------
------------------------------------------
| rollout/                |              |
|    ep_len_mean          | 245          |
|    ep_rew_mean          | 120          |
| time/                   |              |
|    fps                  | 274          |
|    iterations           | 52           |
|    time_elapsed         | 1553         |
|    total_timesteps      | 425984       |
| train/                  |              |
|    approx_kl            | 0.0070825582 |
|    clip_fraction        | 0.0496       |
|    clip_range           | 0.2          |
|    entropy_loss         | -1.41        |
|    explained_variance   | 0.985        |
|    learning_rate        | 0.0003       |
|    loss                 | -0.0242      |
|    n_updates            | 255          |
|    policy_gradient_loss | -0.00617     |
|    value_loss           | 0.0154       |
------------------------------------------
-----------------------------------------
| rollout/                |             |
|    ep_len_mean          | 241         |
|    ep_rew_mean          | 119         |
| time/                   |             |
|    fps                  | 274         |
|    iterations           | 53          |
|    time_elapsed         | 1582        |
|    total_timesteps      | 434176      |
| train/                  |             |
|    approx_kl            | 0.007993713 |
|    clip_fraction        | 0.0561      |
|    clip_range           | 0.2         |
|    entropy_loss         | -1.39       |
|    explained_variance   | 0.986       |
|    learning_rate        | 0.0003      |
|    loss                 | -0.0173     |
|    n_updates            | 260         |
|    policy_gradient_loss | -0.0061     |
|    value_loss           | 0.0162      |
-----------------------------------------
------------------------------------------
| rollout/                |              |
|    ep_len_mean          | 239          |
|    ep_rew_mean          | 118          |
| time/                   |              |
|    fps                  | 274          |
|    iterations           | 54           |
|    time_elapsed         | 1611         |
|    total_timesteps      | 442368       |
| train/                  |              |
|    approx_kl            | 0.0066950517 |
|    clip_fraction        | 0.0503       |
|    clip_range           | 0.2          |
|    entropy_loss         | -1.38        |
|    explained_variance   | 0.978        |
|    learning_rate        | 0.0003       |
|    loss                 | -0.00579     |
|    n_updates            | 265          |
|    policy_gradient_loss | -0.00482     |
|    value_loss           | 0.0278       |
------------------------------------------
------------------------------------------
| rollout/                |              |
|    ep_len_mean          | 233          |
|    ep_rew_mean          | 119          |
| time/                   |              |
|    fps                  | 274          |
|    iterations           | 55           |
|    time_elapsed         | 1641         |
|    total_timesteps      | 450560       |
| train/                  |              |
|    approx_kl            | 0.0069870222 |
|    clip_fraction        | 0.0532       |
|    clip_range           | 0.2          |
|    entropy_loss         | -1.42        |
|    explained_variance   | 0.981        |
|    learning_rate        | 0.0003       |
|    loss                 | -0.0172      |
|    n_updates            | 270          |
|    policy_gradient_loss | -0.00591     |
|    value_loss           | 0.0209       |
------------------------------------------
------------------------------------------
| rollout/                |              |
|    ep_len_mean          | 231          |
|    ep_rew_mean          | 119          |
| time/                   |              |
|    fps                  | 274          |
|    iterations           | 56           |
|    time_elapsed         | 1671         |
|    total_timesteps      | 458752       |
| train/                  |              |
|    approx_kl            | 0.0067285257 |
|    clip_fraction        | 0.0603       |
|    clip_range           | 0.2          |
|    entropy_loss         | -1.33        |
|    explained_variance   | 0.974        |
|    learning_rate        | 0.0003       |
|    loss                 | -0.0079      |
|    n_updates            | 275          |
|    policy_gradient_loss | -0.00606     |
|    value_loss           | 0.0256       |
------------------------------------------
------------------------------------------
| rollout/                |              |
|    ep_len_mean          | 227          |
|    ep_rew_mean          | 118          |
| time/                   |              |
|    fps                  | 274          |
|    iterations           | 57           |
|    time_elapsed         | 1702         |
|    total_timesteps      | 466944       |
| train/                  |              |
|    approx_kl            | 0.0061850706 |
|    clip_fraction        | 0.036        |
|    clip_range           | 0.2          |
|    entropy_loss         | -1.39        |
|    explained_variance   | 0.977        |
|    learning_rate        | 0.0003       |
|    loss                 | -0.0118      |
|    n_updates            | 280          |
|    policy_gradient_loss | -0.00442     |
|    value_loss           | 0.0238       |
------------------------------------------
-----------------------------------------
| rollout/                |             |
|    ep_len_mean          | 233         |
|    ep_rew_mean          | 119         |
| time/                   |             |
|    fps                  | 274         |
|    iterations           | 58          |
|    time_elapsed         | 1731        |
|    total_timesteps      | 475136      |
| train/                  |             |
|    approx_kl            | 0.007418307 |
|    clip_fraction        | 0.0512      |
|    clip_range           | 0.2         |
|    entropy_loss         | -1.41       |
|    explained_variance   | 0.973       |
|    learning_rate        | 0.0003      |
|    loss                 | -0.0179     |
|    n_updates            | 285         |
|    policy_gradient_loss | -0.00581    |
|    value_loss           | 0.0244      |
-----------------------------------------
----------------------------------------
| rollout/                |            |
|    ep_len_mean          | 235        |
|    ep_rew_mean          | 120        |
| time/                   |            |
|    fps                  | 274        |
|    iterations           | 59         |
|    time_elapsed         | 1761       |
|    total_timesteps      | 483328     |
| train/                  |            |
|    approx_kl            | 0.00612868 |
|    clip_fraction        | 0.0336     |
|    clip_range           | 0.2        |
|    entropy_loss         | -1.38      |
|    explained_variance   | 0.981      |
|    learning_rate        | 0.0003     |
|    loss                 | -0.0121    |
|    n_updates            | 290        |
|    policy_gradient_loss | -0.00517   |
|    value_loss           | 0.018      |
----------------------------------------
------------------------------------------
| rollout/                |              |
|    ep_len_mean          | 236          |
|    ep_rew_mean          | 121          |
| time/                   |              |
|    fps                  | 274          |
|    iterations           | 60           |
|    time_elapsed         | 1791         |
|    total_timesteps      | 491520       |
| train/                  |              |
|    approx_kl            | 0.0065128133 |
|    clip_fraction        | 0.0365       |
|    clip_range           | 0.2          |
|    entropy_loss         | -1.36        |
|    explained_variance   | 0.98         |
|    learning_rate        | 0.0003       |
|    loss                 | -0.0164      |
|    n_updates            | 295          |
|    policy_gradient_loss | -0.00532     |
|    value_loss           | 0.0175       |
------------------------------------------
------------------------------------------
| rollout/                |              |
|    ep_len_mean          | 234          |
|    ep_rew_mean          | 120          |
| time/                   |              |
|    fps                  | 274          |
|    iterations           | 61           |
|    time_elapsed         | 1821         |
|    total_timesteps      | 499712       |
| train/                  |              |
|    approx_kl            | 0.0057022595 |
|    clip_fraction        | 0.041        |
|    clip_range           | 0.2          |
|    entropy_loss         | -1.31        |
|    explained_variance   | 0.983        |
|    learning_rate        | 0.0003       |
|    loss                 | -0.0157      |
|    n_updates            | 300          |
|    policy_gradient_loss | -0.00572     |
|    value_loss           | 0.0164       |
------------------------------------------
----------------------------------------
| rollout/                |            |
|    ep_len_mean          | 234        |
|    ep_rew_mean          | 121        |
| time/                   |            |
|    fps                  | 274        |
|    iterations           | 62         |
|    time_elapsed         | 1850       |
|    total_timesteps      | 507904     |
| train/                  |            |
|    approx_kl            | 0.00795793 |
|    clip_fraction        | 0.0621     |
|    clip_range           | 0.2        |
|    entropy_loss         | -1.35      |
|    explained_variance   | 0.983      |
|    learning_rate        | 0.0003     |
|    loss                 | -0.0177    |
|    n_updates            | 305        |
|    policy_gradient_loss | -0.00619   |
|    value_loss           | 0.0176     |
----------------------------------------
-----------------------------------------
| rollout/                |             |
|    ep_len_mean          | 237         |
|    ep_rew_mean          | 122         |
| time/                   |             |
|    fps                  | 274         |
|    iterations           | 63          |
|    time_elapsed         | 1881        |
|    total_timesteps      | 516096      |
| train/                  |             |
|    approx_kl            | 0.005520134 |
|    clip_fraction        | 0.0515      |
|    clip_range           | 0.2         |
|    entropy_loss         | -1.33       |
|    explained_variance   | 0.983       |
|    learning_rate        | 0.0003      |
|    loss                 | -0.0133     |
|    n_updates            | 310         |
|    policy_gradient_loss | -0.00545    |
|    value_loss           | 0.0158      |
-----------------------------------------
------------------------------------------
| rollout/                |              |
|    ep_len_mean          | 234          |
|    ep_rew_mean          | 122          |
| time/                   |              |
|    fps                  | 274          |
|    iterations           | 64           |
|    time_elapsed         | 1911         |
|    total_timesteps      | 524288       |
| train/                  |              |
|    approx_kl            | 0.0067182872 |
|    clip_fraction        | 0.0569       |
|    clip_range           | 0.2          |
|    entropy_loss         | -1.32        |
|    explained_variance   | 0.987        |
|    learning_rate        | 0.0003       |
|    loss                 | -0.00922     |
|    n_updates            | 315          |
|    policy_gradient_loss | -0.00525     |
|    value_loss           | 0.0123       |
------------------------------------------
------------------------------------------
| rollout/                |              |
|    ep_len_mean          | 227          |
|    ep_rew_mean          | 123          |
| time/                   |              |
|    fps                  | 274          |
|    iterations           | 65           |
|    time_elapsed         | 1941         |
|    total_timesteps      | 532480       |
| train/                  |              |
|    approx_kl            | 0.0069587394 |
|    clip_fraction        | 0.0556       |
|    clip_range           | 0.2          |
|    entropy_loss         | -1.3         |
|    explained_variance   | 0.98         |
|    learning_rate        | 0.0003       |
|    loss                 | -0.0157      |
|    n_updates            | 320          |
|    policy_gradient_loss | -0.00622     |
|    value_loss           | 0.018        |
------------------------------------------
-----------------------------------------
| rollout/                |             |
|    ep_len_mean          | 225         |
|    ep_rew_mean          | 122         |
| time/                   |             |
|    fps                  | 274         |
|    iterations           | 66          |
|    time_elapsed         | 1970        |
|    total_timesteps      | 540672      |
| train/                  |             |
|    approx_kl            | 0.006069795 |
|    clip_fraction        | 0.0445      |
|    clip_range           | 0.2         |
|    entropy_loss         | -1.22       |
|    explained_variance   | 0.981       |
|    learning_rate        | 0.0003      |
|    loss                 | -0.0136     |
|    n_updates            | 325         |
|    policy_gradient_loss | -0.00557    |
|    value_loss           | 0.0176      |
-----------------------------------------
------------------------------------------
| rollout/                |              |
|    ep_len_mean          | 221          |
|    ep_rew_mean          | 121          |
| time/                   |              |
|    fps                  | 274          |
|    iterations           | 67           |
|    time_elapsed         | 2000         |
|    total_timesteps      | 548864       |
| train/                  |              |
|    approx_kl            | 0.0042921994 |
|    clip_fraction        | 0.036        |
|    clip_range           | 0.2          |
|    entropy_loss         | -1.27        |
|    explained_variance   | 0.982        |
|    learning_rate        | 0.0003       |
|    loss                 | -0.0172      |
|    n_updates            | 330          |
|    policy_gradient_loss | -0.00421     |
|    value_loss           | 0.0174       |
------------------------------------------
-----------------------------------------
| rollout/                |             |
|    ep_len_mean          | 226         |
|    ep_rew_mean          | 122         |
| time/                   |             |
|    fps                  | 274         |
|    iterations           | 68          |
|    time_elapsed         | 2030        |
|    total_timesteps      | 557056      |
| train/                  |             |
|    approx_kl            | 0.007037742 |
|    clip_fraction        | 0.0359      |
|    clip_range           | 0.2         |
|    entropy_loss         | -1.24       |
|    explained_variance   | 0.98        |
|    learning_rate        | 0.0003      |
|    loss                 | -0.00859    |
|    n_updates            | 335         |
|    policy_gradient_loss | -0.00484    |
|    value_loss           | 0.0209      |
-----------------------------------------
------------------------------------------
| rollout/                |              |
|    ep_len_mean          | 227          |
|    ep_rew_mean          | 120          |
| time/                   |              |
|    fps                  | 274          |
|    iterations           | 69           |
|    time_elapsed         | 2060         |
|    total_timesteps      | 565248       |
| train/                  |              |
|    approx_kl            | 0.0060895383 |
|    clip_fraction        | 0.0446       |
|    clip_range           | 0.2          |
|    entropy_loss         | -1.24        |
|    explained_variance   | 0.984        |
|    learning_rate        | 0.0003       |
|    loss                 | -0.00967     |
|    n_updates            | 340          |
|    policy_gradient_loss | -0.00459     |
|    value_loss           | 0.0145       |
------------------------------------------
------------------------------------------
| rollout/                |              |
|    ep_len_mean          | 222          |
|    ep_rew_mean          | 119          |
| time/                   |              |
|    fps                  | 274          |
|    iterations           | 70           |
|    time_elapsed         | 2089         |
|    total_timesteps      | 573440       |
| train/                  |              |
|    approx_kl            | 0.0071853115 |
|    clip_fraction        | 0.0502       |
|    clip_range           | 0.2          |
|    entropy_loss         | -1.32        |
|    explained_variance   | 0.983        |
|    learning_rate        | 0.0003       |
|    loss                 | -0.0111      |
|    n_updates            | 345          |
|    policy_gradient_loss | -0.00543     |
|    value_loss           | 0.0179       |
------------------------------------------
-----------------------------------------
| rollout/                |             |
|    ep_len_mean          | 224         |
|    ep_rew_mean          | 118         |
| time/                   |             |
|    fps                  | 274         |
|    iterations           | 71          |
|    time_elapsed         | 2119        |
|    total_timesteps      | 581632      |
| train/                  |             |
|    approx_kl            | 0.006203004 |
|    clip_fraction        | 0.0638      |
|    clip_range           | 0.2         |
|    entropy_loss         | -1.29       |
|    explained_variance   | 0.977       |
|    learning_rate        | 0.0003      |
|    loss                 | -0.014      |
|    n_updates            | 350         |
|    policy_gradient_loss | -0.006      |
|    value_loss           | 0.0214      |
-----------------------------------------
------------------------------------------
| rollout/                |              |
|    ep_len_mean          | 222          |
|    ep_rew_mean          | 120          |
| time/                   |              |
|    fps                  | 274          |
|    iterations           | 72           |
|    time_elapsed         | 2148         |
|    total_timesteps      | 589824       |
| train/                  |              |
|    approx_kl            | 0.0051643783 |
|    clip_fraction        | 0.0328       |
|    clip_range           | 0.2          |
|    entropy_loss         | -1.25        |
|    explained_variance   | 0.983        |
|    learning_rate        | 0.0003       |
|    loss                 | -0.0117      |
|    n_updates            | 355          |
|    policy_gradient_loss | -0.00466     |
|    value_loss           | 0.016        |
------------------------------------------
-----------------------------------------
| rollout/                |             |
|    ep_len_mean          | 224         |
|    ep_rew_mean          | 122         |
| time/                   |             |
|    fps                  | 274         |
|    iterations           | 73          |
|    time_elapsed         | 2177        |
|    total_timesteps      | 598016      |
| train/                  |             |
|    approx_kl            | 0.007456024 |
|    clip_fraction        | 0.0577      |
|    clip_range           | 0.2         |
|    entropy_loss         | -1.23       |
|    explained_variance   | 0.982       |
|    learning_rate        | 0.0003      |
|    loss                 | -0.0139     |
|    n_updates            | 360         |
|    policy_gradient_loss | -0.00641    |
|    value_loss           | 0.0184      |
-----------------------------------------
[Checkpoint] Saved at 600000 steps > C:\Users\Admin\Desktop\disciple\realnewdisciples-main\Big_map\campaign_checkpoints\super-last-stand-ranged-3m-20260912-204021\campaign_ppo_step_600000.zip
Eval num_timesteps=600000, det_reward=117.45 +/- 3.84
Episode length: det=176.95 +/- 7.69
Victory rate: det=0.00%
--------------------------------------------------
| eval/                           |              |
|    deterministic_mean_ep_length | 177          |
|    deterministic_mean_reward    | 117          |
|    deterministic_victory_rate   | 0            |
|    mean_ep_length               | 177          |
|    mean_reward                  | 117          |
|    victory_rate                 | 0            |
| time/                           |              |
|    total_timesteps              | 600000       |
| train/                          |              |
|    approx_kl                    | 0.0068721343 |
|    clip_fraction                | 0.045        |
|    clip_range                   | 0.2          |
|    entropy_loss                 | -1.23        |
|    explained_variance           | 0.985        |
|    learning_rate                | 0.0003       |
|    loss                         | -0.0105      |
|    n_updates                    | 365          |
|    policy_gradient_loss         | -0.00566     |
|    value_loss                   | 0.0159       |
--------------------------------------------------
New best model by deterministic victory rate!
---------------------------------
| rollout/           |          |
|    ep_len_mean     | 218      |
|    ep_rew_mean     | 120      |
| time/              |          |
|    fps             | 273      |
|    iterations      | 74       |
|    time_elapsed    | 2220     |
|    total_timesteps | 606208   |
---------------------------------
------------------------------------------
| rollout/                |              |
|    ep_len_mean          | 215          |
|    ep_rew_mean          | 118          |
| time/                   |              |
|    fps                  | 273          |
|    iterations           | 75           |
|    time_elapsed         | 2250         |
|    total_timesteps      | 614400       |
| train/                  |              |
|    approx_kl            | 0.0072038835 |
|    clip_fraction        | 0.048        |
|    clip_range           | 0.2          |
|    entropy_loss         | -1.24        |
|    explained_variance   | 0.981        |
|    learning_rate        | 0.0003       |
|    loss                 | -0.0124      |
|    n_updates            | 370          |
|    policy_gradient_loss | -0.00539     |
|    value_loss           | 0.0186       |
------------------------------------------
------------------------------------------
| rollout/                |              |
|    ep_len_mean          | 220          |
|    ep_rew_mean          | 118          |
| time/                   |              |
|    fps                  | 273          |
|    iterations           | 76           |
|    time_elapsed         | 2279         |
|    total_timesteps      | 622592       |
| train/                  |              |
|    approx_kl            | 0.0062331595 |
|    clip_fraction        | 0.0489       |
|    clip_range           | 0.2          |
|    entropy_loss         | -1.27        |
|    explained_variance   | 0.978        |
|    learning_rate        | 0.0003       |
|    loss                 | -0.00675     |
|    n_updates            | 375          |
|    policy_gradient_loss | -0.00513     |
|    value_loss           | 0.0216       |
------------------------------------------
------------------------------------------
| rollout/                |              |
|    ep_len_mean          | 223          |
|    ep_rew_mean          | 118          |
| time/                   |              |
|    fps                  | 273          |
|    iterations           | 77           |
|    time_elapsed         | 2308         |
|    total_timesteps      | 630784       |
| train/                  |              |
|    approx_kl            | 0.0070338715 |
|    clip_fraction        | 0.0696       |
|    clip_range           | 0.2          |
|    entropy_loss         | -1.29        |
|    explained_variance   | 0.985        |
|    learning_rate        | 0.0003       |
|    loss                 | -0.00685     |
|    n_updates            | 380          |
|    policy_gradient_loss | -0.00569     |
|    value_loss           | 0.0147       |
------------------------------------------
-----------------------------------------
| rollout/                |             |
|    ep_len_mean          | 230         |
|    ep_rew_mean          | 118         |
| time/                   |             |
|    fps                  | 273         |
|    iterations           | 78          |
|    time_elapsed         | 2337        |
|    total_timesteps      | 638976      |
| train/                  |             |
|    approx_kl            | 0.009788192 |
|    clip_fraction        | 0.0507      |
|    clip_range           | 0.2         |
|    entropy_loss         | -1.22       |
|    explained_variance   | 0.983       |
|    learning_rate        | 0.0003      |
|    loss                 | -0.0142     |
|    n_updates            | 385         |
|    policy_gradient_loss | -0.00599    |
|    value_loss           | 0.0157      |
-----------------------------------------
------------------------------------------
| rollout/                |              |
|    ep_len_mean          | 226          |
|    ep_rew_mean          | 119          |
| time/                   |              |
|    fps                  | 273          |
|    iterations           | 79           |
|    time_elapsed         | 2366         |
|    total_timesteps      | 647168       |
| train/                  |              |
|    approx_kl            | 0.0074584563 |
|    clip_fraction        | 0.0508       |
|    clip_range           | 0.2          |
|    entropy_loss         | -1.2         |
|    explained_variance   | 0.981        |
|    learning_rate        | 0.0003       |
|    loss                 | -0.0119      |
|    n_updates            | 390          |
|    policy_gradient_loss | -0.0054      |
|    value_loss           | 0.0206       |
------------------------------------------
-----------------------------------------
| rollout/                |             |
|    ep_len_mean          | 226         |
|    ep_rew_mean          | 120         |
| time/                   |             |
|    fps                  | 273         |
|    iterations           | 80          |
|    time_elapsed         | 2396        |
|    total_timesteps      | 655360      |
| train/                  |             |
|    approx_kl            | 0.005244196 |
|    clip_fraction        | 0.0332      |
|    clip_range           | 0.2         |
|    entropy_loss         | -1.21       |
|    explained_variance   | 0.985       |
|    learning_rate        | 0.0003      |
|    loss                 | -0.0139     |
|    n_updates            | 395         |
|    policy_gradient_loss | -0.00486    |
|    value_loss           | 0.0149      |
-----------------------------------------
------------------------------------------
| rollout/                |              |
|    ep_len_mean          | 221          |
|    ep_rew_mean          | 120          |
| time/                   |              |
|    fps                  | 273          |
|    iterations           | 81           |
|    time_elapsed         | 2428         |
|    total_timesteps      | 663552       |
| train/                  |              |
|    approx_kl            | 0.0053542387 |
|    clip_fraction        | 0.0424       |
|    clip_range           | 0.2          |
|    entropy_loss         | -1.15        |
|    explained_variance   | 0.983        |
|    learning_rate        | 0.0003       |
|    loss                 | -0.0113      |
|    n_updates            | 400          |
|    policy_gradient_loss | -0.00432     |
|    value_loss           | 0.0167       |
------------------------------------------
------------------------------------------
| rollout/                |              |
|    ep_len_mean          | 214          |
|    ep_rew_mean          | 119          |
| time/                   |              |
|    fps                  | 272          |
|    iterations           | 82           |
|    time_elapsed         | 2461         |
|    total_timesteps      | 671744       |
| train/                  |              |
|    approx_kl            | 0.0073344735 |
|    clip_fraction        | 0.0555       |
|    clip_range           | 0.2          |
|    entropy_loss         | -1.17        |
|    explained_variance   | 0.977        |
|    learning_rate        | 0.0003       |
|    loss                 | -0.0112      |
|    n_updates            | 405          |
|    policy_gradient_loss | -0.0064      |
|    value_loss           | 0.0244       |
------------------------------------------
-----------------------------------------
| rollout/                |             |
|    ep_len_mean          | 220         |
|    ep_rew_mean          | 120         |
| time/                   |             |
|    fps                  | 272         |
|    iterations           | 83          |
|    time_elapsed         | 2493        |
|    total_timesteps      | 679936      |
| train/                  |             |
|    approx_kl            | 0.006417766 |
|    clip_fraction        | 0.0502      |
|    clip_range           | 0.2         |
|    entropy_loss         | -1.18       |
|    explained_variance   | 0.979       |
|    learning_rate        | 0.0003      |
|    loss                 | -0.0102     |
|    n_updates            | 410         |
|    policy_gradient_loss | -0.00583    |
|    value_loss           | 0.0204      |
-----------------------------------------
-----------------------------------------
| rollout/                |             |
|    ep_len_mean          | 228         |
|    ep_rew_mean          | 121         |
| time/                   |             |
|    fps                  | 272         |
|    iterations           | 84          |
|    time_elapsed         | 2525        |
|    total_timesteps      | 688128      |
| train/                  |             |
|    approx_kl            | 0.005514694 |
|    clip_fraction        | 0.0396      |
|    clip_range           | 0.2         |
|    entropy_loss         | -1.23       |
|    explained_variance   | 0.984       |
|    learning_rate        | 0.0003      |
|    loss                 | -0.00927    |
|    n_updates            | 415         |
|    policy_gradient_loss | -0.00446    |
|    value_loss           | 0.0156      |
-----------------------------------------
-----------------------------------------
| rollout/                |             |
|    ep_len_mean          | 228         |
|    ep_rew_mean          | 122         |
| time/                   |             |
|    fps                  | 272         |
|    iterations           | 85          |
|    time_elapsed         | 2557        |
|    total_timesteps      | 696320      |
| train/                  |             |
|    approx_kl            | 0.007755786 |
|    clip_fraction        | 0.0538      |
|    clip_range           | 0.2         |
|    entropy_loss         | -1.2        |
|    explained_variance   | 0.985       |
|    learning_rate        | 0.0003      |
|    loss                 | -0.0199     |
|    n_updates            | 420         |
|    policy_gradient_loss | -0.00614    |
|    value_loss           | 0.0167      |
-----------------------------------------
------------------------------------------
| rollout/                |              |
|    ep_len_mean          | 220          |
|    ep_rew_mean          | 122          |
| time/                   |              |
|    fps                  | 272          |
|    iterations           | 86           |
|    time_elapsed         | 2589         |
|    total_timesteps      | 704512       |
| train/                  |              |
|    approx_kl            | 0.0060884436 |
|    clip_fraction        | 0.0431       |
|    clip_range           | 0.2          |
|    entropy_loss         | -1.17        |
|    explained_variance   | 0.977        |
|    learning_rate        | 0.0003       |
|    loss                 | -0.0119      |
|    n_updates            | 425          |
|    policy_gradient_loss | -0.00489     |
|    value_loss           | 0.0222       |
------------------------------------------
------------------------------------------
| rollout/                |              |
|    ep_len_mean          | 215          |
|    ep_rew_mean          | 121          |
| time/                   |              |
|    fps                  | 271          |
|    iterations           | 87           |
|    time_elapsed         | 2620         |
|    total_timesteps      | 712704       |
| train/                  |              |
|    approx_kl            | 0.0068598483 |
|    clip_fraction        | 0.0439       |
|    clip_range           | 0.2          |
|    entropy_loss         | -1.16        |
|    explained_variance   | 0.976        |
|    learning_rate        | 0.0003       |
|    loss                 | -0.0106      |
|    n_updates            | 430          |
|    policy_gradient_loss | -0.00491     |
|    value_loss           | 0.0252       |
------------------------------------------
------------------------------------------
| rollout/                |              |
|    ep_len_mean          | 217          |
|    ep_rew_mean          | 120          |
| time/                   |              |
|    fps                  | 271          |
|    iterations           | 88           |
|    time_elapsed         | 2653         |
|    total_timesteps      | 720896       |
| train/                  |              |
|    approx_kl            | 0.0060622264 |
|    clip_fraction        | 0.0469       |
|    clip_range           | 0.2          |
|    entropy_loss         | -1.19        |
|    explained_variance   | 0.983        |
|    learning_rate        | 0.0003       |
|    loss                 | -0.013       |
|    n_updates            | 435          |
|    policy_gradient_loss | -0.0058      |
|    value_loss           | 0.0158       |
------------------------------------------
----------------------------------------
| rollout/                |            |
|    ep_len_mean          | 220        |
|    ep_rew_mean          | 120        |
| time/                   |            |
|    fps                  | 271        |
|    iterations           | 89         |
|    time_elapsed         | 2685       |
|    total_timesteps      | 729088     |
| train/                  |            |
|    approx_kl            | 0.00629713 |
|    clip_fraction        | 0.0415     |
|    clip_range           | 0.2        |
|    entropy_loss         | -1.21      |
|    explained_variance   | 0.982      |
|    learning_rate        | 0.0003     |
|    loss                 | -0.00856   |
|    n_updates            | 440        |
|    policy_gradient_loss | -0.00448   |
|    value_loss           | 0.019      |
----------------------------------------
------------------------------------------
| rollout/                |              |
|    ep_len_mean          | 224          |
|    ep_rew_mean          | 121          |
| time/                   |              |
|    fps                  | 271          |
|    iterations           | 90           |
|    time_elapsed         | 2718         |
|    total_timesteps      | 737280       |
| train/                  |              |
|    approx_kl            | 0.0064447057 |
|    clip_fraction        | 0.0456       |
|    clip_range           | 0.2          |
|    entropy_loss         | -1.21        |
|    explained_variance   | 0.98         |
|    learning_rate        | 0.0003       |
|    loss                 | -0.0156      |
|    n_updates            | 445          |
|    policy_gradient_loss | -0.00472     |
|    value_loss           | 0.0196       |
------------------------------------------
------------------------------------------
| rollout/                |              |
|    ep_len_mean          | 217          |
|    ep_rew_mean          | 122          |
| time/                   |              |
|    fps                  | 270          |
|    iterations           | 91           |
|    time_elapsed         | 2751         |
|    total_timesteps      | 745472       |
| train/                  |              |
|    approx_kl            | 0.0052706143 |
|    clip_fraction        | 0.0392       |
|    clip_range           | 0.2          |
|    entropy_loss         | -1.21        |
|    explained_variance   | 0.987        |
|    learning_rate        | 0.0003       |
|    loss                 | -0.0165      |
|    n_updates            | 450          |
|    policy_gradient_loss | -0.00461     |
|    value_loss           | 0.0135       |
------------------------------------------
------------------------------------------
| rollout/                |              |
|    ep_len_mean          | 216          |
|    ep_rew_mean          | 122          |
| time/                   |              |
|    fps                  | 270          |
|    iterations           | 92           |
|    time_elapsed         | 2783         |
|    total_timesteps      | 753664       |
| train/                  |              |
|    approx_kl            | 0.0048887013 |
|    clip_fraction        | 0.0381       |
|    clip_range           | 0.2          |
|    entropy_loss         | -1.12        |
|    explained_variance   | 0.985        |
|    learning_rate        | 0.0003       |
|    loss                 | -0.0168      |
|    n_updates            | 455          |
|    policy_gradient_loss | -0.00505     |
|    value_loss           | 0.0137       |
------------------------------------------
------------------------------------------
| rollout/                |              |
|    ep_len_mean          | 216          |
|    ep_rew_mean          | 120          |
| time/                   |              |
|    fps                  | 270          |
|    iterations           | 93           |
|    time_elapsed         | 2813         |
|    total_timesteps      | 761856       |
| train/                  |              |
|    approx_kl            | 0.0067059672 |
|    clip_fraction        | 0.0365       |
|    clip_range           | 0.2          |
|    entropy_loss         | -1.17        |
|    explained_variance   | 0.98         |
|    learning_rate        | 0.0003       |
|    loss                 | -0.00361     |
|    n_updates            | 460          |
|    policy_gradient_loss | -0.00376     |
|    value_loss           | 0.0174       |
------------------------------------------
------------------------------------------
| rollout/                |              |
|    ep_len_mean          | 219          |
|    ep_rew_mean          | 118          |
| time/                   |              |
|    fps                  | 270          |
|    iterations           | 94           |
|    time_elapsed         | 2843         |
|    total_timesteps      | 770048       |
| train/                  |              |
|    approx_kl            | 0.0064212848 |
|    clip_fraction        | 0.0447       |
|    clip_range           | 0.2          |
|    entropy_loss         | -1.15        |
|    explained_variance   | 0.985        |
|    learning_rate        | 0.0003       |
|    loss                 | -0.0126      |
|    n_updates            | 465          |
|    policy_gradient_loss | -0.00585     |
|    value_loss           | 0.0177       |
------------------------------------------
------------------------------------------
| rollout/                |              |
|    ep_len_mean          | 221          |
|    ep_rew_mean          | 119          |
| time/                   |              |
|    fps                  | 270          |
|    iterations           | 95           |
|    time_elapsed         | 2877         |
|    total_timesteps      | 778240       |
| train/                  |              |
|    approx_kl            | 0.0050634006 |
|    clip_fraction        | 0.037        |
|    clip_range           | 0.2          |
|    entropy_loss         | -1.17        |
|    explained_variance   | 0.985        |
|    learning_rate        | 0.0003       |
|    loss                 | -0.0119      |
|    n_updates            | 470          |
|    policy_gradient_loss | -0.00507     |
|    value_loss           | 0.0171       |
------------------------------------------
-----------------------------------------
| rollout/                |             |
|    ep_len_mean          | 228         |
|    ep_rew_mean          | 120         |
| time/                   |             |
|    fps                  | 270         |
|    iterations           | 96          |
|    time_elapsed         | 2908        |
|    total_timesteps      | 786432      |
| train/                  |             |
|    approx_kl            | 0.004884162 |
|    clip_fraction        | 0.0418      |
|    clip_range           | 0.2         |
|    entropy_loss         | -1.15       |
|    explained_variance   | 0.982       |
|    learning_rate        | 0.0003      |
|    loss                 | -0.0175     |
|    n_updates            | 475         |
|    policy_gradient_loss | -0.00441    |
|    value_loss           | 0.017       |
-----------------------------------------
------------------------------------------
| rollout/                |              |
|    ep_len_mean          | 223          |
|    ep_rew_mean          | 122          |
| time/                   |              |
|    fps                  | 270          |
|    iterations           | 97           |
|    time_elapsed         | 2938         |
|    total_timesteps      | 794624       |
| train/                  |              |
|    approx_kl            | 0.0056739077 |
|    clip_fraction        | 0.0419       |
|    clip_range           | 0.2          |
|    entropy_loss         | -1.16        |
|    explained_variance   | 0.988        |
|    learning_rate        | 0.0003       |
|    loss                 | -0.016       |
|    n_updates            | 480          |
|    policy_gradient_loss | -0.00527     |
|    value_loss           | 0.0149       |
------------------------------------------
------------------------------------------
| rollout/                |              |
|    ep_len_mean          | 220          |
|    ep_rew_mean          | 121          |
| time/                   |              |
|    fps                  | 270          |
|    iterations           | 98           |
|    time_elapsed         | 2967         |
|    total_timesteps      | 802816       |
| train/                  |              |
|    approx_kl            | 0.0052363183 |
|    clip_fraction        | 0.043        |
|    clip_range           | 0.2          |
|    entropy_loss         | -1.13        |
|    explained_variance   | 0.986        |
|    learning_rate        | 0.0003       |
|    loss                 | -0.00426     |
|    n_updates            | 485          |
|    policy_gradient_loss | -0.00451     |
|    value_loss           | 0.0167       |
------------------------------------------
------------------------------------------
| rollout/                |              |
|    ep_len_mean          | 214          |
|    ep_rew_mean          | 119          |
| time/                   |              |
|    fps                  | 270          |
|    iterations           | 99           |
|    time_elapsed         | 2997         |
|    total_timesteps      | 811008       |
| train/                  |              |
|    approx_kl            | 0.0076358845 |
|    clip_fraction        | 0.0509       |
|    clip_range           | 0.2          |
|    entropy_loss         | -1.15        |
|    explained_variance   | 0.982        |
|    learning_rate        | 0.0003       |
|    loss                 | -0.00643     |
|    n_updates            | 490          |
|    policy_gradient_loss | -0.0054      |
|    value_loss           | 0.0208       |
------------------------------------------
------------------------------------------
| rollout/                |              |
|    ep_len_mean          | 207          |
|    ep_rew_mean          | 118          |
| time/                   |              |
|    fps                  | 270          |
|    iterations           | 100          |
|    time_elapsed         | 3025         |
|    total_timesteps      | 819200       |
| train/                  |              |
|    approx_kl            | 0.0069729956 |
|    clip_fraction        | 0.0621       |
|    clip_range           | 0.2          |
|    entropy_loss         | -1.15        |
|    explained_variance   | 0.977        |
|    learning_rate        | 0.0003       |
|    loss                 | -0.00409     |
|    n_updates            | 495          |
|    policy_gradient_loss | -0.00718     |
|    value_loss           | 0.0282       |
------------------------------------------
-----------------------------------------
| rollout/                |             |
|    ep_len_mean          | 224         |
|    ep_rew_mean          | 118         |
| time/                   |             |
|    fps                  | 271         |
|    iterations           | 101         |
|    time_elapsed         | 3053        |
|    total_timesteps      | 827392      |
| train/                  |             |
|    approx_kl            | 0.005434774 |
|    clip_fraction        | 0.043       |
|    clip_range           | 0.2         |
|    entropy_loss         | -1.01       |
|    explained_variance   | 0.971       |
|    learning_rate        | 0.0003      |
|    loss                 | -0.00484    |
|    n_updates            | 500         |
|    policy_gradient_loss | -0.00462    |
|    value_loss           | 0.025       |
-----------------------------------------
------------------------------------------
| rollout/                |              |
|    ep_len_mean          | 230          |
|    ep_rew_mean          | 121          |
| time/                   |              |
|    fps                  | 271          |
|    iterations           | 102          |
|    time_elapsed         | 3082         |
|    total_timesteps      | 835584       |
| train/                  |              |
|    approx_kl            | 0.0042907787 |
|    clip_fraction        | 0.0259       |
|    clip_range           | 0.2          |
|    entropy_loss         | -0.919       |
|    explained_variance   | 0.975        |
|    learning_rate        | 0.0003       |
|    loss                 | -0.00613     |
|    n_updates            | 505          |
|    policy_gradient_loss | -0.0041      |
|    value_loss           | 0.0172       |
------------------------------------------
----------------------------------------
| rollout/                |            |
|    ep_len_mean          | 231        |
|    ep_rew_mean          | 120        |
| time/                   |            |
|    fps                  | 271        |
|    iterations           | 103        |
|    time_elapsed         | 3111       |
|    total_timesteps      | 843776     |
| train/                  |            |
|    approx_kl            | 0.00556589 |
|    clip_fraction        | 0.0514     |
|    clip_range           | 0.2        |
|    entropy_loss         | -1.08      |
|    explained_variance   | 0.984      |
|    learning_rate        | 0.0003     |
|    loss                 | -0.0172    |
|    n_updates            | 510        |
|    policy_gradient_loss | -0.00596   |
|    value_loss           | 0.0161     |
----------------------------------------
------------------------------------------
| rollout/                |              |
|    ep_len_mean          | 213          |
|    ep_rew_mean          | 120          |
| time/                   |              |
|    fps                  | 271          |
|    iterations           | 104          |
|    time_elapsed         | 3141         |
|    total_timesteps      | 851968       |
| train/                  |              |
|    approx_kl            | 0.0042584743 |
|    clip_fraction        | 0.0333       |
|    clip_range           | 0.2          |
|    entropy_loss         | -1.12        |
|    explained_variance   | 0.979        |
|    learning_rate        | 0.0003       |
|    loss                 | -0.00553     |
|    n_updates            | 515          |
|    policy_gradient_loss | -0.0035      |
|    value_loss           | 0.0224       |
------------------------------------------
-----------------------------------------
| rollout/                |             |
|    ep_len_mean          | 213         |
|    ep_rew_mean          | 121         |
| time/                   |             |
|    fps                  | 271         |
|    iterations           | 105         |
|    time_elapsed         | 3170        |
|    total_timesteps      | 860160      |
| train/                  |             |
|    approx_kl            | 0.006249724 |
|    clip_fraction        | 0.0521      |
|    clip_range           | 0.2         |
|    entropy_loss         | -1.13       |
|    explained_variance   | 0.981       |
|    learning_rate        | 0.0003      |
|    loss                 | 0.0047      |
|    n_updates            | 520         |
|    policy_gradient_loss | -0.00464    |
|    value_loss           | 0.0198      |
-----------------------------------------
-----------------------------------------
| rollout/                |             |
|    ep_len_mean          | 206         |
|    ep_rew_mean          | 124         |
| time/                   |             |
|    fps                  | 271         |
|    iterations           | 106         |
|    time_elapsed         | 3200        |
|    total_timesteps      | 868352      |
| train/                  |             |
|    approx_kl            | 0.006328608 |
|    clip_fraction        | 0.0461      |
|    clip_range           | 0.2         |
|    entropy_loss         | -1.05       |
|    explained_variance   | 0.983       |
|    learning_rate        | 0.0003      |
|    loss                 | -0.0104     |
|    n_updates            | 525         |
|    policy_gradient_loss | -0.00511    |
|    value_loss           | 0.0178      |
-----------------------------------------
------------------------------------------
| rollout/                |              |
|    ep_len_mean          | 205          |
|    ep_rew_mean          | 121          |
| time/                   |              |
|    fps                  | 271          |
|    iterations           | 107          |
|    time_elapsed         | 3229         |
|    total_timesteps      | 876544       |
| train/                  |              |
|    approx_kl            | 0.0042406777 |
|    clip_fraction        | 0.0339       |
|    clip_range           | 0.2          |
|    entropy_loss         | -1.04        |
|    explained_variance   | 0.984        |
|    learning_rate        | 0.0003       |
|    loss                 | -0.00777     |
|    n_updates            | 530          |
|    policy_gradient_loss | -0.00413     |
|    value_loss           | 0.0161       |
------------------------------------------
-----------------------------------------
| rollout/                |             |
|    ep_len_mean          | 209         |
|    ep_rew_mean          | 121         |
| time/                   |             |
|    fps                  | 271         |
|    iterations           | 108         |
|    time_elapsed         | 3259        |
|    total_timesteps      | 884736      |
| train/                  |             |
|    approx_kl            | 0.005595642 |
|    clip_fraction        | 0.048       |
|    clip_range           | 0.2         |
|    entropy_loss         | -1.06       |
|    explained_variance   | 0.978       |
|    learning_rate        | 0.0003      |
|    loss                 | -0.0106     |
|    n_updates            | 535         |
|    policy_gradient_loss | -0.00571    |
|    value_loss           | 0.0225      |
-----------------------------------------
------------------------------------------
| rollout/                |              |
|    ep_len_mean          | 210          |
|    ep_rew_mean          | 120          |
| time/                   |              |
|    fps                  | 271          |
|    iterations           | 109          |
|    time_elapsed         | 3288         |
|    total_timesteps      | 892928       |
| train/                  |              |
|    approx_kl            | 0.0055053784 |
|    clip_fraction        | 0.048        |
|    clip_range           | 0.2          |
|    entropy_loss         | -1.09        |
|    explained_variance   | 0.986        |
|    learning_rate        | 0.0003       |
|    loss                 | -0.0106      |
|    n_updates            | 540          |
|    policy_gradient_loss | -0.00619     |
|    value_loss           | 0.0149       |
------------------------------------------
[Checkpoint] Saved at 900000 steps > C:\Users\Admin\Desktop\disciple\realnewdisciples-main\Big_map\campaign_checkpoints\super-last-stand-ranged-3m-20260912-204021\campaign_ppo_step_900000.zip
Eval num_timesteps=900000, det_reward=114.80 +/- 4.30
Episode length: det=187.75 +/- 20.06
Victory rate: det=0.00%
------------------------------------------------
| eval/                           |            |
|    deterministic_mean_ep_length | 188        |
|    deterministic_mean_reward    | 115        |
|    deterministic_victory_rate   | 0          |
|    mean_ep_length               | 188        |
|    mean_reward                  | 115        |
|    victory_rate                 | 0          |
| time/                           |            |
|    total_timesteps              | 900000     |
| train/                          |            |
|    approx_kl                    | 0.00406811 |
|    clip_fraction                | 0.0353     |
|    clip_range                   | 0.2        |
|    entropy_loss                 | -1.06      |
|    explained_variance           | 0.979      |
|    learning_rate                | 0.0003     |
|    loss                         | -0.008     |
|    n_updates                    | 545        |
|    policy_gradient_loss         | -0.00458   |
|    value_loss                   | 0.0219     |
------------------------------------------------
---------------------------------
| rollout/           |          |
|    ep_len_mean     | 209      |
|    ep_rew_mean     | 120      |
| time/              |          |
|    fps             | 270      |
|    iterations      | 110      |
|    time_elapsed    | 3332     |
|    total_timesteps | 901120   |
---------------------------------
------------------------------------------
| rollout/                |              |
|    ep_len_mean          | 209          |
|    ep_rew_mean          | 120          |
| time/                   |              |
|    fps                  | 270          |
|    iterations           | 111          |
|    time_elapsed         | 3362         |
|    total_timesteps      | 909312       |
| train/                  |              |
|    approx_kl            | 0.0072770845 |
|    clip_fraction        | 0.0575       |
|    clip_range           | 0.2          |
|    entropy_loss         | -1.08        |
|    explained_variance   | 0.98         |
|    learning_rate        | 0.0003       |
|    loss                 | -0.0108      |
|    n_updates            | 550          |
|    policy_gradient_loss | -0.00573     |
|    value_loss           | 0.0232       |
------------------------------------------
------------------------------------------
| rollout/                |              |
|    ep_len_mean          | 212          |
|    ep_rew_mean          | 121          |
| time/                   |              |
|    fps                  | 270          |
|    iterations           | 112          |
|    time_elapsed         | 3393         |
|    total_timesteps      | 917504       |
| train/                  |              |
|    approx_kl            | 0.0054894225 |
|    clip_fraction        | 0.0448       |
|    clip_range           | 0.2          |
|    entropy_loss         | -1.09        |
|    explained_variance   | 0.982        |
|    learning_rate        | 0.0003       |
|    loss                 | -0.0123      |
|    n_updates            | 555          |
|    policy_gradient_loss | -0.00472     |
|    value_loss           | 0.0195       |
------------------------------------------
------------------------------------------
| rollout/                |              |
|    ep_len_mean          | 216          |
|    ep_rew_mean          | 121          |
| time/                   |              |
|    fps                  | 270          |
|    iterations           | 113          |
|    time_elapsed         | 3423         |
|    total_timesteps      | 925696       |
| train/                  |              |
|    approx_kl            | 0.0060636597 |
|    clip_fraction        | 0.053        |
|    clip_range           | 0.2          |
|    entropy_loss         | -1.13        |
|    explained_variance   | 0.98         |
|    learning_rate        | 0.0003       |
|    loss                 | -0.00827     |
|    n_updates            | 560          |
|    policy_gradient_loss | -0.00546     |
|    value_loss           | 0.0242       |
------------------------------------------
------------------------------------------
| rollout/                |              |
|    ep_len_mean          | 218          |
|    ep_rew_mean          | 121          |
| time/                   |              |
|    fps                  | 270          |
|    iterations           | 114          |
|    time_elapsed         | 3453         |
|    total_timesteps      | 933888       |
| train/                  |              |
|    approx_kl            | 0.0056135254 |
|    clip_fraction        | 0.0422       |
|    clip_range           | 0.2          |
|    entropy_loss         | -1.11        |
|    explained_variance   | 0.988        |
|    learning_rate        | 0.0003       |
|    loss                 | -0.0152      |
|    n_updates            | 565          |
|    policy_gradient_loss | -0.00486     |
|    value_loss           | 0.0128       |
------------------------------------------
-----------------------------------------
| rollout/                |             |
|    ep_len_mean          | 214         |
|    ep_rew_mean          | 118         |
| time/                   |             |
|    fps                  | 270         |
|    iterations           | 115         |
|    time_elapsed         | 3482        |
|    total_timesteps      | 942080      |
| train/                  |             |
|    approx_kl            | 0.005294533 |
|    clip_fraction        | 0.0411      |
|    clip_range           | 0.2         |
|    entropy_loss         | -1.12       |
|    explained_variance   | 0.986       |
|    learning_rate        | 0.0003      |
|    loss                 | -0.008      |
|    n_updates            | 570         |
|    policy_gradient_loss | -0.00424    |
|    value_loss           | 0.0148      |
-----------------------------------------
-----------------------------------------
| rollout/                |             |
|    ep_len_mean          | 213         |
|    ep_rew_mean          | 120         |
| time/                   |             |
|    fps                  | 270         |
|    iterations           | 116         |
|    time_elapsed         | 3511        |
|    total_timesteps      | 950272      |
| train/                  |             |
|    approx_kl            | 0.007357321 |
|    clip_fraction        | 0.0612      |
|    clip_range           | 0.2         |
|    entropy_loss         | -1.12       |
|    explained_variance   | 0.973       |
|    learning_rate        | 0.0003      |
|    loss                 | 0.00133     |
|    n_updates            | 575         |
|    policy_gradient_loss | -0.0081     |
|    value_loss           | 0.032       |
-----------------------------------------
------------------------------------------
| rollout/                |              |
|    ep_len_mean          | 212          |
|    ep_rew_mean          | 120          |
| time/                   |              |
|    fps                  | 270          |
|    iterations           | 117          |
|    time_elapsed         | 3541         |
|    total_timesteps      | 958464       |
| train/                  |              |
|    approx_kl            | 0.0066951793 |
|    clip_fraction        | 0.0493       |
|    clip_range           | 0.2          |
|    entropy_loss         | -1.09        |
|    explained_variance   | 0.986        |
|    learning_rate        | 0.0003       |
|    loss                 | -0.011       |
|    n_updates            | 580          |
|    policy_gradient_loss | -0.00453     |
|    value_loss           | 0.0161       |
------------------------------------------
------------------------------------------
| rollout/                |              |
|    ep_len_mean          | 217          |
|    ep_rew_mean          | 122          |
| time/                   |              |
|    fps                  | 270          |
|    iterations           | 118          |
|    time_elapsed         | 3570         |
|    total_timesteps      | 966656       |
| train/                  |              |
|    approx_kl            | 0.0048783934 |
|    clip_fraction        | 0.0336       |
|    clip_range           | 0.2          |
|    entropy_loss         | -1.09        |
|    explained_variance   | 0.983        |
|    learning_rate        | 0.0003       |
|    loss                 | -0.00701     |
|    n_updates            | 585          |
|    policy_gradient_loss | -0.0048      |
|    value_loss           | 0.0178       |
------------------------------------------
------------------------------------------
| rollout/                |              |
|    ep_len_mean          | 222          |
|    ep_rew_mean          | 121          |
| time/                   |              |
|    fps                  | 270          |
|    iterations           | 119          |
|    time_elapsed         | 3599         |
|    total_timesteps      | 974848       |
| train/                  |              |
|    approx_kl            | 0.0056697642 |
|    clip_fraction        | 0.0359       |
|    clip_range           | 0.2          |
|    entropy_loss         | -1.11        |
|    explained_variance   | 0.988        |
|    learning_rate        | 0.0003       |
|    loss                 | -0.0114      |
|    n_updates            | 590          |
|    policy_gradient_loss | -0.00457     |
|    value_loss           | 0.0144       |
------------------------------------------
------------------------------------------
| rollout/                |              |
|    ep_len_mean          | 218          |
|    ep_rew_mean          | 123          |
| time/                   |              |
|    fps                  | 270          |
|    iterations           | 120          |
|    time_elapsed         | 3629         |
|    total_timesteps      | 983040       |
| train/                  |              |
|    approx_kl            | 0.0059583965 |
|    clip_fraction        | 0.0442       |
|    clip_range           | 0.2          |
|    entropy_loss         | -1.1         |
|    explained_variance   | 0.988        |
|    learning_rate        | 0.0003       |
|    loss                 | -0.00704     |
|    n_updates            | 595          |
|    policy_gradient_loss | -0.00463     |
|    value_loss           | 0.0141       |
------------------------------------------
------------------------------------------
| rollout/                |              |
|    ep_len_mean          | 219          |
|    ep_rew_mean          | 122          |
| time/                   |              |
|    fps                  | 270          |
|    iterations           | 121          |
|    time_elapsed         | 3658         |
|    total_timesteps      | 991232       |
| train/                  |              |
|    approx_kl            | 0.0052846884 |
|    clip_fraction        | 0.0395       |
|    clip_range           | 0.2          |
|    entropy_loss         | -1.02        |
|    explained_variance   | 0.98         |
|    learning_rate        | 0.0003       |
|    loss                 | -0.00936     |
|    n_updates            | 600          |
|    policy_gradient_loss | -0.00404     |
|    value_loss           | 0.0227       |
------------------------------------------
------------------------------------------
| rollout/                |              |
|    ep_len_mean          | 220          |
|    ep_rew_mean          | 123          |
| time/                   |              |
|    fps                  | 271          |
|    iterations           | 122          |
|    time_elapsed         | 3687         |
|    total_timesteps      | 999424       |
| train/                  |              |
|    approx_kl            | 0.0045604706 |
|    clip_fraction        | 0.0407       |
|    clip_range           | 0.2          |
|    entropy_loss         | -1.08        |
|    explained_variance   | 0.986        |
|    learning_rate        | 0.0003       |
|    loss                 | -0.00569     |
|    n_updates            | 605          |
|    policy_gradient_loss | -0.00503     |
|    value_loss           | 0.0167       |
------------------------------------------
----------------------------------------
| rollout/                |            |
|    ep_len_mean          | 222        |
|    ep_rew_mean          | 123        |
| time/                   |            |
|    fps                  | 271        |
|    iterations           | 123        |
|    time_elapsed         | 3717       |
|    total_timesteps      | 1007616    |
| train/                  |            |
|    approx_kl            | 0.00617256 |
|    clip_fraction        | 0.048      |
|    clip_range           | 0.2        |
|    entropy_loss         | -1.06      |
|    explained_variance   | 0.988      |
|    learning_rate        | 0.0003     |
|    loss                 | -0.0152    |
|    n_updates            | 610        |
|    policy_gradient_loss | -0.00572   |
|    value_loss           | 0.0143     |
----------------------------------------
------------------------------------------
| rollout/                |              |
|    ep_len_mean          | 218          |
|    ep_rew_mean          | 125          |
| time/                   |              |
|    fps                  | 271          |
|    iterations           | 124          |
|    time_elapsed         | 3746         |
|    total_timesteps      | 1015808      |
| train/                  |              |
|    approx_kl            | 0.0076345713 |
|    clip_fraction        | 0.0495       |
|    clip_range           | 0.2          |
|    entropy_loss         | -1.04        |
|    explained_variance   | 0.982        |
|    learning_rate        | 0.0003       |
|    loss                 | 0.00278      |
|    n_updates            | 615          |
|    policy_gradient_loss | -0.00566     |
|    value_loss           | 0.0246       |
------------------------------------------
-----------------------------------------
| rollout/                |             |
|    ep_len_mean          | 214         |
|    ep_rew_mean          | 125         |
| time/                   |             |
|    fps                  | 271         |
|    iterations           | 125         |
|    time_elapsed         | 3775        |
|    total_timesteps      | 1024000     |
| train/                  |             |
|    approx_kl            | 0.007019516 |
|    clip_fraction        | 0.0573      |
|    clip_range           | 0.2         |
|    entropy_loss         | -1.02       |
|    explained_variance   | 0.988       |
|    learning_rate        | 0.0003      |
|    loss                 | -0.00913    |
|    n_updates            | 620         |
|    policy_gradient_loss | -0.0062     |
|    value_loss           | 0.0131      |
-----------------------------------------
------------------------------------------
| rollout/                |              |
|    ep_len_mean          | 209          |
|    ep_rew_mean          | 123          |
| time/                   |              |
|    fps                  | 271          |
|    iterations           | 126          |
|    time_elapsed         | 3805         |
|    total_timesteps      | 1032192      |
| train/                  |              |
|    approx_kl            | 0.0070957486 |
|    clip_fraction        | 0.0636       |
|    clip_range           | 0.2          |
|    entropy_loss         | -1.02        |
|    explained_variance   | 0.989        |
|    learning_rate        | 0.0003       |
|    loss                 | -0.014       |
|    n_updates            | 625          |
|    policy_gradient_loss | -0.00641     |
|    value_loss           | 0.0132       |
------------------------------------------
-----------------------------------------
| rollout/                |             |
|    ep_len_mean          | 202         |
|    ep_rew_mean          | 122         |
| time/                   |             |
|    fps                  | 271         |
|    iterations           | 127         |
|    time_elapsed         | 3834        |
|    total_timesteps      | 1040384     |
| train/                  |             |
|    approx_kl            | 0.005238396 |
|    clip_fraction        | 0.0278      |
|    clip_range           | 0.2         |
|    entropy_loss         | -1.02       |
|    explained_variance   | 0.98        |
|    learning_rate        | 0.0003      |
|    loss                 | -0.00748    |
|    n_updates            | 630         |
|    policy_gradient_loss | -0.00416    |
|    value_loss           | 0.0252      |
-----------------------------------------
-----------------------------------------
| rollout/                |             |
|    ep_len_mean          | 203         |
|    ep_rew_mean          | 120         |
| time/                   |             |
|    fps                  | 271         |
|    iterations           | 128         |
|    time_elapsed         | 3864        |
|    total_timesteps      | 1048576     |
| train/                  |             |
|    approx_kl            | 0.005726276 |
|    clip_fraction        | 0.0472      |
|    clip_range           | 0.2         |
|    entropy_loss         | -1.03       |
|    explained_variance   | 0.986       |
|    learning_rate        | 0.0003      |
|    loss                 | -0.0138     |
|    n_updates            | 635         |
|    policy_gradient_loss | -0.0046     |
|    value_loss           | 0.0162      |
-----------------------------------------
------------------------------------------
| rollout/                |              |
|    ep_len_mean          | 201          |
|    ep_rew_mean          | 123          |
| time/                   |              |
|    fps                  | 271          |
|    iterations           | 129          |
|    time_elapsed         | 3893         |
|    total_timesteps      | 1056768      |
| train/                  |              |
|    approx_kl            | 0.0054225354 |
|    clip_fraction        | 0.0392       |
|    clip_range           | 0.2          |
|    entropy_loss         | -1.01        |
|    explained_variance   | 0.975        |
|    learning_rate        | 0.0003       |
|    loss                 | -0.00316     |
|    n_updates            | 640          |
|    policy_gradient_loss | -0.00473     |
|    value_loss           | 0.028        |
------------------------------------------
------------------------------------------
| rollout/                |              |
|    ep_len_mean          | 208          |
|    ep_rew_mean          | 124          |
| time/                   |              |
|    fps                  | 271          |
|    iterations           | 130          |
|    time_elapsed         | 3923         |
|    total_timesteps      | 1064960      |
| train/                  |              |
|    approx_kl            | 0.0049051302 |
|    clip_fraction        | 0.0386       |
|    clip_range           | 0.2          |
|    entropy_loss         | -1           |
|    explained_variance   | 0.987        |
|    learning_rate        | 0.0003       |
|    loss                 | -0.00179     |
|    n_updates            | 645          |
|    policy_gradient_loss | -0.0043      |
|    value_loss           | 0.0164       |
------------------------------------------
------------------------------------------
| rollout/                |              |
|    ep_len_mean          | 208          |
|    ep_rew_mean          | 125          |
| time/                   |              |
|    fps                  | 271          |
|    iterations           | 131          |
|    time_elapsed         | 3952         |
|    total_timesteps      | 1073152      |
| train/                  |              |
|    approx_kl            | 0.0052723237 |
|    clip_fraction        | 0.0513       |
|    clip_range           | 0.2          |
|    entropy_loss         | -1.04        |
|    explained_variance   | 0.986        |
|    learning_rate        | 0.0003       |
|    loss                 | -0.0111      |
|    n_updates            | 650          |
|    policy_gradient_loss | -0.00519     |
|    value_loss           | 0.0177       |
------------------------------------------
------------------------------------------
| rollout/                |              |
|    ep_len_mean          | 207          |
|    ep_rew_mean          | 125          |
| time/                   |              |
|    fps                  | 271          |
|    iterations           | 132          |
|    time_elapsed         | 3981         |
|    total_timesteps      | 1081344      |
| train/                  |              |
|    approx_kl            | 0.0041075973 |
|    clip_fraction        | 0.0395       |
|    clip_range           | 0.2          |
|    entropy_loss         | -0.978       |
|    explained_variance   | 0.985        |
|    learning_rate        | 0.0003       |
|    loss                 | -0.00624     |
|    n_updates            | 655          |
|    policy_gradient_loss | -0.00479     |
|    value_loss           | 0.0168       |
------------------------------------------
------------------------------------------
| rollout/                |              |
|    ep_len_mean          | 214          |
|    ep_rew_mean          | 125          |
| time/                   |              |
|    fps                  | 271          |
|    iterations           | 133          |
|    time_elapsed         | 4010         |
|    total_timesteps      | 1089536      |
| train/                  |              |
|    approx_kl            | 0.0062979218 |
|    clip_fraction        | 0.0416       |
|    clip_range           | 0.2          |
|    entropy_loss         | -0.982       |
|    explained_variance   | 0.982        |
|    learning_rate        | 0.0003       |
|    loss                 | -0.0101      |
|    n_updates            | 660          |
|    policy_gradient_loss | -0.00516     |
|    value_loss           | 0.0214       |
------------------------------------------
------------------------------------------
| rollout/                |              |
|    ep_len_mean          | 212          |
|    ep_rew_mean          | 124          |
| time/                   |              |
|    fps                  | 271          |
|    iterations           | 134          |
|    time_elapsed         | 4040         |
|    total_timesteps      | 1097728      |
| train/                  |              |
|    approx_kl            | 0.0060517625 |
|    clip_fraction        | 0.0462       |
|    clip_range           | 0.2          |
|    entropy_loss         | -1.07        |
|    explained_variance   | 0.988        |
|    learning_rate        | 0.0003       |
|    loss                 | -0.00826     |
|    n_updates            | 665          |
|    policy_gradient_loss | -0.00486     |
|    value_loss           | 0.0154       |
------------------------------------------
------------------------------------------
| rollout/                |              |
|    ep_len_mean          | 213          |
|    ep_rew_mean          | 124          |
| time/                   |              |
|    fps                  | 271          |
|    iterations           | 135          |
|    time_elapsed         | 4069         |
|    total_timesteps      | 1105920      |
| train/                  |              |
|    approx_kl            | 0.0068515213 |
|    clip_fraction        | 0.0493       |
|    clip_range           | 0.2          |
|    entropy_loss         | -0.97        |
|    explained_variance   | 0.985        |
|    learning_rate        | 0.0003       |
|    loss                 | -0.012       |
|    n_updates            | 670          |
|    policy_gradient_loss | -0.00555     |
|    value_loss           | 0.0173       |
------------------------------------------
------------------------------------------
| rollout/                |              |
|    ep_len_mean          | 213          |
|    ep_rew_mean          | 124          |
| time/                   |              |
|    fps                  | 271          |
|    iterations           | 136          |
|    time_elapsed         | 4099         |
|    total_timesteps      | 1114112      |
| train/                  |              |
|    approx_kl            | 0.0072766533 |
|    clip_fraction        | 0.0398       |
|    clip_range           | 0.2          |
|    entropy_loss         | -1.02        |
|    explained_variance   | 0.988        |
|    learning_rate        | 0.0003       |
|    loss                 | -0.0124      |
|    n_updates            | 675          |
|    policy_gradient_loss | -0.00497     |
|    value_loss           | 0.0143       |
------------------------------------------
------------------------------------------
| rollout/                |              |
|    ep_len_mean          | 214          |
|    ep_rew_mean          | 124          |
| time/                   |              |
|    fps                  | 271          |
|    iterations           | 137          |
|    time_elapsed         | 4129         |
|    total_timesteps      | 1122304      |
| train/                  |              |
|    approx_kl            | 0.0047850795 |
|    clip_fraction        | 0.0365       |
|    clip_range           | 0.2          |
|    entropy_loss         | -1.02        |
|    explained_variance   | 0.989        |
|    learning_rate        | 0.0003       |
|    loss                 | -0.00909     |
|    n_updates            | 680          |
|    policy_gradient_loss | -0.00423     |
|    value_loss           | 0.0155       |
------------------------------------------
------------------------------------------
| rollout/                |              |
|    ep_len_mean          | 207          |
|    ep_rew_mean          | 123          |
| time/                   |              |
|    fps                  | 271          |
|    iterations           | 138          |
|    time_elapsed         | 4159         |
|    total_timesteps      | 1130496      |
| train/                  |              |
|    approx_kl            | 0.0070003923 |
|    clip_fraction        | 0.0632       |
|    clip_range           | 0.2          |
|    entropy_loss         | -1.03        |
|    explained_variance   | 0.986        |
|    learning_rate        | 0.0003       |
|    loss                 | -0.0179      |
|    n_updates            | 685          |
|    policy_gradient_loss | -0.00525     |
|    value_loss           | 0.0152       |
------------------------------------------
-----------------------------------------
| rollout/                |             |
|    ep_len_mean          | 203         |
|    ep_rew_mean          | 124         |
| time/                   |             |
|    fps                  | 271         |
|    iterations           | 139         |
|    time_elapsed         | 4188        |
|    total_timesteps      | 1138688     |
| train/                  |             |
|    approx_kl            | 0.006483848 |
|    clip_fraction        | 0.0578      |
|    clip_range           | 0.2         |
|    entropy_loss         | -0.954      |
|    explained_variance   | 0.975       |
|    learning_rate        | 0.0003      |
|    loss                 | -0.0206     |
|    n_updates            | 690         |
|    policy_gradient_loss | -0.00651    |
|    value_loss           | 0.0258      |
-----------------------------------------
-----------------------------------------
| rollout/                |             |
|    ep_len_mean          | 205         |
|    ep_rew_mean          | 124         |
| time/                   |             |
|    fps                  | 271         |
|    iterations           | 140         |
|    time_elapsed         | 4218        |
|    total_timesteps      | 1146880     |
| train/                  |             |
|    approx_kl            | 0.004981876 |
|    clip_fraction        | 0.0423      |
|    clip_range           | 0.2         |
|    entropy_loss         | -0.965      |
|    explained_variance   | 0.987       |
|    learning_rate        | 0.0003      |
|    loss                 | -0.00867    |
|    n_updates            | 695         |
|    policy_gradient_loss | -0.00486    |
|    value_loss           | 0.0161      |
-----------------------------------------
------------------------------------------
| rollout/                |              |
|    ep_len_mean          | 209          |
|    ep_rew_mean          | 125          |
| time/                   |              |
|    fps                  | 271          |
|    iterations           | 141          |
|    time_elapsed         | 4248         |
|    total_timesteps      | 1155072      |
| train/                  |              |
|    approx_kl            | 0.0071638413 |
|    clip_fraction        | 0.06         |
|    clip_range           | 0.2          |
|    entropy_loss         | -0.943       |
|    explained_variance   | 0.982        |
|    learning_rate        | 0.0003       |
|    loss                 | -0.0138      |
|    n_updates            | 700          |
|    policy_gradient_loss | -0.00647     |
|    value_loss           | 0.0199       |
------------------------------------------
------------------------------------------
| rollout/                |              |
|    ep_len_mean          | 207          |
|    ep_rew_mean          | 124          |
| time/                   |              |
|    fps                  | 271          |
|    iterations           | 142          |
|    time_elapsed         | 4278         |
|    total_timesteps      | 1163264      |
| train/                  |              |
|    approx_kl            | 0.0052921623 |
|    clip_fraction        | 0.0479       |
|    clip_range           | 0.2          |
|    entropy_loss         | -0.993       |
|    explained_variance   | 0.988        |
|    learning_rate        | 0.0003       |
|    loss                 | -0.0113      |
|    n_updates            | 705          |
|    policy_gradient_loss | -0.00532     |
|    value_loss           | 0.0138       |
------------------------------------------
----------------------------------------
| rollout/                |            |
|    ep_len_mean          | 204        |
|    ep_rew_mean          | 125        |
| time/                   |            |
|    fps                  | 271        |
|    iterations           | 143        |
|    time_elapsed         | 4307       |
|    total_timesteps      | 1171456    |
| train/                  |            |
|    approx_kl            | 0.00507036 |
|    clip_fraction        | 0.0438     |
|    clip_range           | 0.2        |
|    entropy_loss         | -0.936     |
|    explained_variance   | 0.987      |
|    learning_rate        | 0.0003     |
|    loss                 | -0.014     |
|    n_updates            | 710        |
|    policy_gradient_loss | -0.00498   |
|    value_loss           | 0.0148     |
----------------------------------------
-----------------------------------------
| rollout/                |             |
|    ep_len_mean          | 206         |
|    ep_rew_mean          | 124         |
| time/                   |             |
|    fps                  | 271         |
|    iterations           | 144         |
|    time_elapsed         | 4337        |
|    total_timesteps      | 1179648     |
| train/                  |             |
|    approx_kl            | 0.004238802 |
|    clip_fraction        | 0.0372      |
|    clip_range           | 0.2         |
|    entropy_loss         | -0.929      |
|    explained_variance   | 0.98        |
|    learning_rate        | 0.0003      |
|    loss                 | -0.00364    |
|    n_updates            | 715         |
|    policy_gradient_loss | -0.00476    |
|    value_loss           | 0.0223      |
-----------------------------------------
-----------------------------------------
| rollout/                |             |
|    ep_len_mean          | 207         |
|    ep_rew_mean          | 123         |
| time/                   |             |
|    fps                  | 271         |
|    iterations           | 145         |
|    time_elapsed         | 4367        |
|    total_timesteps      | 1187840     |
| train/                  |             |
|    approx_kl            | 0.005908414 |
|    clip_fraction        | 0.0487      |
|    clip_range           | 0.2         |
|    entropy_loss         | -1.01       |
|    explained_variance   | 0.984       |
|    learning_rate        | 0.0003      |
|    loss                 | -0.0133     |
|    n_updates            | 720         |
|    policy_gradient_loss | -0.00456    |
|    value_loss           | 0.0173      |
-----------------------------------------
------------------------------------------
| rollout/                |              |
|    ep_len_mean          | 203          |
|    ep_rew_mean          | 125          |
| time/                   |              |
|    fps                  | 271          |
|    iterations           | 146          |
|    time_elapsed         | 4397         |
|    total_timesteps      | 1196032      |
| train/                  |              |
|    approx_kl            | 0.0038282021 |
|    clip_fraction        | 0.0346       |
|    clip_range           | 0.2          |
|    entropy_loss         | -0.984       |
|    explained_variance   | 0.986        |
|    learning_rate        | 0.0003       |
|    loss                 | -0.0128      |
|    n_updates            | 725          |
|    policy_gradient_loss | -0.00356     |
|    value_loss           | 0.0149       |
------------------------------------------
[Checkpoint] Saved at 1200000 steps > C:\Users\Admin\Desktop\disciple\realnewdisciples-main\Big_map\campaign_checkpoints\super-last-stand-ranged-3m-20260912-204021\campaign_ppo_step_1200000.zip
Eval num_timesteps=1200000, det_reward=119.35 +/- 3.34
Episode length: det=180.00 +/- 8.12
Victory rate: det=0.00%
------------------------------------------------
| eval/                           |            |
|    deterministic_mean_ep_length | 180        |
|    deterministic_mean_reward    | 119        |
|    deterministic_victory_rate   | 0          |
|    mean_ep_length               | 180        |
|    mean_reward                  | 119        |
|    victory_rate                 | 0          |
| time/                           |            |
|    total_timesteps              | 1200000    |
| train/                          |            |
|    approx_kl                    | 0.00694371 |
|    clip_fraction                | 0.0463     |
|    clip_range                   | 0.2        |
|    entropy_loss                 | -0.891     |
|    explained_variance           | 0.983      |
|    learning_rate                | 0.0003     |
|    loss                         | -0.0159    |
|    n_updates                    | 730        |
|    policy_gradient_loss         | -0.00559   |
|    value_loss                   | 0.0173     |
------------------------------------------------
New best model by deterministic victory rate!
---------------------------------
| rollout/           |          |
|    ep_len_mean     | 204      |
|    ep_rew_mean     | 126      |
| time/              |          |
|    fps             | 271      |
|    iterations      | 147      |
|    time_elapsed    | 4443     |
|    total_timesteps | 1204224  |
---------------------------------
------------------------------------------
| rollout/                |              |
|    ep_len_mean          | 200          |
|    ep_rew_mean          | 124          |
| time/                   |              |
|    fps                  | 270          |
|    iterations           | 148          |
|    time_elapsed         | 4474         |
|    total_timesteps      | 1212416      |
| train/                  |              |
|    approx_kl            | 0.0042926883 |
|    clip_fraction        | 0.0357       |
|    clip_range           | 0.2          |
|    entropy_loss         | -0.917       |
|    explained_variance   | 0.987        |
|    learning_rate        | 0.0003       |
|    loss                 | -0.000634    |
|    n_updates            | 735          |
|    policy_gradient_loss | -0.00308     |
|    value_loss           | 0.0136       |
------------------------------------------
-----------------------------------------
| rollout/                |             |
|    ep_len_mean          | 205         |
|    ep_rew_mean          | 123         |
| time/                   |             |
|    fps                  | 271         |
|    iterations           | 149         |
|    time_elapsed         | 4503        |
|    total_timesteps      | 1220608     |
| train/                  |             |
|    approx_kl            | 0.008183839 |
|    clip_fraction        | 0.0549      |
|    clip_range           | 0.2         |
|    entropy_loss         | -0.932      |
|    explained_variance   | 0.975       |
|    learning_rate        | 0.0003      |
|    loss                 | -0.00859    |
|    n_updates            | 740         |
|    policy_gradient_loss | -0.0065     |
|    value_loss           | 0.0275      |
-----------------------------------------
-----------------------------------------
| rollout/                |             |
|    ep_len_mean          | 205         |
|    ep_rew_mean          | 124         |
| time/                   |             |
|    fps                  | 271         |
|    iterations           | 150         |
|    time_elapsed         | 4533        |
|    total_timesteps      | 1228800     |
| train/                  |             |
|    approx_kl            | 0.006016249 |
|    clip_fraction        | 0.058       |
|    clip_range           | 0.2         |
|    entropy_loss         | -0.994      |
|    explained_variance   | 0.988       |
|    learning_rate        | 0.0003      |
|    loss                 | -0.00867    |
|    n_updates            | 745         |
|    policy_gradient_loss | -0.00614    |
|    value_loss           | 0.014       |
-----------------------------------------
------------------------------------------
| rollout/                |              |
|    ep_len_mean          | 204          |
|    ep_rew_mean          | 126          |
| time/                   |              |
|    fps                  | 271          |
|    iterations           | 151          |
|    time_elapsed         | 4563         |
|    total_timesteps      | 1236992      |
| train/                  |              |
|    approx_kl            | 0.0069229603 |
|    clip_fraction        | 0.0442       |
|    clip_range           | 0.2          |
|    entropy_loss         | -0.961       |
|    explained_variance   | 0.987        |
|    learning_rate        | 0.0003       |
|    loss                 | -0.00888     |
|    n_updates            | 750          |
|    policy_gradient_loss | -0.00424     |
|    value_loss           | 0.015        |
------------------------------------------
------------------------------------------
| rollout/                |              |
|    ep_len_mean          | 200          |
|    ep_rew_mean          | 126          |
| time/                   |              |
|    fps                  | 271          |
|    iterations           | 152          |
|    time_elapsed         | 4593         |
|    total_timesteps      | 1245184      |
| train/                  |              |
|    approx_kl            | 0.0054811947 |
|    clip_fraction        | 0.0454       |
|    clip_range           | 0.2          |
|    entropy_loss         | -0.89        |
|    explained_variance   | 0.983        |
|    learning_rate        | 0.0003       |
|    loss                 | -0.00342     |
|    n_updates            | 755          |
|    policy_gradient_loss | -0.00475     |
|    value_loss           | 0.0183       |
------------------------------------------
-----------------------------------------
| rollout/                |             |
|    ep_len_mean          | 201         |
|    ep_rew_mean          | 125         |
| time/                   |             |
|    fps                  | 271         |
|    iterations           | 153         |
|    time_elapsed         | 4623        |
|    total_timesteps      | 1253376     |
| train/                  |             |
|    approx_kl            | 0.004948656 |
|    clip_fraction        | 0.0452      |
|    clip_range           | 0.2         |
|    entropy_loss         | -0.924      |
|    explained_variance   | 0.983       |
|    learning_rate        | 0.0003      |
|    loss                 | -0.00773    |
|    n_updates            | 760         |
|    policy_gradient_loss | -0.00419    |
|    value_loss           | 0.0178      |
-----------------------------------------
------------------------------------------
| rollout/                |              |
|    ep_len_mean          | 208          |
|    ep_rew_mean          | 125          |
| time/                   |              |
|    fps                  | 271          |
|    iterations           | 154          |
|    time_elapsed         | 4653         |
|    total_timesteps      | 1261568      |
| train/                  |              |
|    approx_kl            | 0.0056240754 |
|    clip_fraction        | 0.0369       |
|    clip_range           | 0.2          |
|    entropy_loss         | -0.927       |
|    explained_variance   | 0.982        |
|    learning_rate        | 0.0003       |
|    loss                 | -0.00806     |
|    n_updates            | 765          |
|    policy_gradient_loss | -0.00461     |
|    value_loss           | 0.02         |
------------------------------------------
-----------------------------------------
| rollout/                |             |
|    ep_len_mean          | 216         |
|    ep_rew_mean          | 124         |
| time/                   |             |
|    fps                  | 271         |
|    iterations           | 155         |
|    time_elapsed         | 4682        |
|    total_timesteps      | 1269760     |
| train/                  |             |
|    approx_kl            | 0.004147823 |
|    clip_fraction        | 0.0381      |
|    clip_range           | 0.2         |
|    entropy_loss         | -0.942      |
|    explained_variance   | 0.986       |
|    learning_rate        | 0.0003      |
|    loss                 | -0.0127     |
|    n_updates            | 770         |
|    policy_gradient_loss | -0.00461    |
|    value_loss           | 0.0163      |
-----------------------------------------
------------------------------------------
| rollout/                |              |
|    ep_len_mean          | 215          |
|    ep_rew_mean          | 124          |
| time/                   |              |
|    fps                  | 271          |
|    iterations           | 156          |
|    time_elapsed         | 4712         |
|    total_timesteps      | 1277952      |
| train/                  |              |
|    approx_kl            | 0.0041293516 |
|    clip_fraction        | 0.0384       |
|    clip_range           | 0.2          |
|    entropy_loss         | -0.868       |
|    explained_variance   | 0.98         |
|    learning_rate        | 0.0003       |
|    loss                 | -0.00679     |
|    n_updates            | 775          |
|    policy_gradient_loss | -0.00372     |
|    value_loss           | 0.0189       |
------------------------------------------
------------------------------------------
| rollout/                |              |
|    ep_len_mean          | 203          |
|    ep_rew_mean          | 124          |
| time/                   |              |
|    fps                  | 271          |
|    iterations           | 157          |
|    time_elapsed         | 4742         |
|    total_timesteps      | 1286144      |
| train/                  |              |
|    approx_kl            | 0.0051564067 |
|    clip_fraction        | 0.0435       |
|    clip_range           | 0.2          |
|    entropy_loss         | -0.972       |
|    explained_variance   | 0.988        |
|    learning_rate        | 0.0003       |
|    loss                 | -0.00529     |
|    n_updates            | 780          |
|    policy_gradient_loss | -0.00466     |
|    value_loss           | 0.0162       |
------------------------------------------
------------------------------------------
| rollout/                |              |
|    ep_len_mean          | 200          |
|    ep_rew_mean          | 123          |
| time/                   |              |
|    fps                  | 271          |
|    iterations           | 158          |
|    time_elapsed         | 4772         |
|    total_timesteps      | 1294336      |
| train/                  |              |
|    approx_kl            | 0.0051064375 |
|    clip_fraction        | 0.0326       |
|    clip_range           | 0.2          |
|    entropy_loss         | -0.928       |
|    explained_variance   | 0.987        |
|    learning_rate        | 0.0003       |
|    loss                 | -0.0109      |
|    n_updates            | 785          |
|    policy_gradient_loss | -0.00381     |
|    value_loss           | 0.0145       |
------------------------------------------
-----------------------------------------
| rollout/                |             |
|    ep_len_mean          | 199         |
|    ep_rew_mean          | 121         |
| time/                   |             |
|    fps                  | 271         |
|    iterations           | 159         |
|    time_elapsed         | 4801        |
|    total_timesteps      | 1302528     |
| train/                  |             |
|    approx_kl            | 0.005989883 |
|    clip_fraction        | 0.0479      |
|    clip_range           | 0.2         |
|    entropy_loss         | -0.936      |
|    explained_variance   | 0.971       |
|    learning_rate        | 0.0003      |
|    loss                 | -0.0035     |
|    n_updates            | 790         |
|    policy_gradient_loss | -0.0051     |
|    value_loss           | 0.0319      |
-----------------------------------------
------------------------------------------
| rollout/                |              |
|    ep_len_mean          | 204          |
|    ep_rew_mean          | 123          |
| time/                   |              |
|    fps                  | 271          |
|    iterations           | 160          |
|    time_elapsed         | 4831         |
|    total_timesteps      | 1310720      |
| train/                  |              |
|    approx_kl            | 0.0056832405 |
|    clip_fraction        | 0.0414       |
|    clip_range           | 0.2          |
|    entropy_loss         | -0.92        |
|    explained_variance   | 0.98         |
|    learning_rate        | 0.0003       |
|    loss                 | -0.00251     |
|    n_updates            | 795          |
|    policy_gradient_loss | -0.00447     |
|    value_loss           | 0.0232       |
------------------------------------------
-----------------------------------------
| rollout/                |             |
|    ep_len_mean          | 206         |
|    ep_rew_mean          | 125         |
| time/                   |             |
|    fps                  | 271         |
|    iterations           | 161         |
|    time_elapsed         | 4861        |
|    total_timesteps      | 1318912     |
| train/                  |             |
|    approx_kl            | 0.005881301 |
|    clip_fraction        | 0.0446      |
|    clip_range           | 0.2         |
|    entropy_loss         | -0.964      |
|    explained_variance   | 0.985       |
|    learning_rate        | 0.0003      |
|    loss                 | -0.016      |
|    n_updates            | 800         |
|    policy_gradient_loss | -0.00518    |
|    value_loss           | 0.0189      |
-----------------------------------------
------------------------------------------
| rollout/                |              |
|    ep_len_mean          | 212          |
|    ep_rew_mean          | 125          |
| time/                   |              |
|    fps                  | 271          |
|    iterations           | 162          |
|    time_elapsed         | 4891         |
|    total_timesteps      | 1327104      |
| train/                  |              |
|    approx_kl            | 0.0053001726 |
|    clip_fraction        | 0.0414       |
|    clip_range           | 0.2          |
|    entropy_loss         | -0.915       |
|    explained_variance   | 0.984        |
|    learning_rate        | 0.0003       |
|    loss                 | -0.00933     |
|    n_updates            | 805          |
|    policy_gradient_loss | -0.00471     |
|    value_loss           | 0.0177       |
------------------------------------------
------------------------------------------
| rollout/                |              |
|    ep_len_mean          | 213          |
|    ep_rew_mean          | 126          |
| time/                   |              |
|    fps                  | 271          |
|    iterations           | 163          |
|    time_elapsed         | 4920         |
|    total_timesteps      | 1335296      |
| train/                  |              |
|    approx_kl            | 0.0064251926 |
|    clip_fraction        | 0.0552       |
|    clip_range           | 0.2          |
|    entropy_loss         | -0.975       |
|    explained_variance   | 0.987        |
|    learning_rate        | 0.0003       |
|    loss                 | -0.0106      |
|    n_updates            | 810          |
|    policy_gradient_loss | -0.00619     |
|    value_loss           | 0.0143       |
------------------------------------------
------------------------------------------
| rollout/                |              |
|    ep_len_mean          | 210          |
|    ep_rew_mean          | 126          |
| time/                   |              |
|    fps                  | 271          |
|    iterations           | 164          |
|    time_elapsed         | 4950         |
|    total_timesteps      | 1343488      |
| train/                  |              |
|    approx_kl            | 0.0061173374 |
|    clip_fraction        | 0.0437       |
|    clip_range           | 0.2          |
|    entropy_loss         | -0.958       |
|    explained_variance   | 0.989        |
|    learning_rate        | 0.0003       |
|    loss                 | -0.0137      |
|    n_updates            | 815          |
|    policy_gradient_loss | -0.00518     |
|    value_loss           | 0.0136       |
------------------------------------------
------------------------------------------
| rollout/                |              |
|    ep_len_mean          | 206          |
|    ep_rew_mean          | 126          |
| time/                   |              |
|    fps                  | 271          |
|    iterations           | 165          |
|    time_elapsed         | 4980         |
|    total_timesteps      | 1351680      |
| train/                  |              |
|    approx_kl            | 0.0065414445 |
|    clip_fraction        | 0.0441       |
|    clip_range           | 0.2          |
|    entropy_loss         | -0.956       |
|    explained_variance   | 0.985        |
|    learning_rate        | 0.0003       |
|    loss                 | -0.0141      |
|    n_updates            | 820          |
|    policy_gradient_loss | -0.00446     |
|    value_loss           | 0.0168       |
------------------------------------------
------------------------------------------
| rollout/                |              |
|    ep_len_mean          | 203          |
|    ep_rew_mean          | 124          |
| time/                   |              |
|    fps                  | 271          |
|    iterations           | 166          |
|    time_elapsed         | 5010         |
|    total_timesteps      | 1359872      |
| train/                  |              |
|    approx_kl            | 0.0052308463 |
|    clip_fraction        | 0.0428       |
|    clip_range           | 0.2          |
|    entropy_loss         | -0.892       |
|    explained_variance   | 0.986        |
|    learning_rate        | 0.0003       |
|    loss                 | -0.00857     |
|    n_updates            | 825          |
|    policy_gradient_loss | -0.00496     |
|    value_loss           | 0.0146       |
------------------------------------------
-----------------------------------------
| rollout/                |             |
|    ep_len_mean          | 197         |
|    ep_rew_mean          | 123         |
| time/                   |             |
|    fps                  | 271         |
|    iterations           | 167         |
|    time_elapsed         | 5040        |
|    total_timesteps      | 1368064     |
| train/                  |             |
|    approx_kl            | 0.005084569 |
|    clip_fraction        | 0.0361      |
|    clip_range           | 0.2         |
|    entropy_loss         | -0.941      |
|    explained_variance   | 0.976       |
|    learning_rate        | 0.0003      |
|    loss                 | -0.0118     |
|    n_updates            | 830         |
|    policy_gradient_loss | -0.00401    |
|    value_loss           | 0.0271      |
-----------------------------------------
-----------------------------------------
| rollout/                |             |
|    ep_len_mean          | 199         |
|    ep_rew_mean          | 123         |
| time/                   |             |
|    fps                  | 271         |
|    iterations           | 168         |
|    time_elapsed         | 5070        |
|    total_timesteps      | 1376256     |
| train/                  |             |
|    approx_kl            | 0.006472558 |
|    clip_fraction        | 0.0643      |
|    clip_range           | 0.2         |
|    entropy_loss         | -0.92       |
|    explained_variance   | 0.974       |
|    learning_rate        | 0.0003      |
|    loss                 | -0.0118     |
|    n_updates            | 835         |
|    policy_gradient_loss | -0.00692    |
|    value_loss           | 0.0253      |
-----------------------------------------
-----------------------------------------
| rollout/                |             |
|    ep_len_mean          | 205         |
|    ep_rew_mean          | 125         |
| time/                   |             |
|    fps                  | 271         |
|    iterations           | 169         |
|    time_elapsed         | 5100        |
|    total_timesteps      | 1384448     |
| train/                  |             |
|    approx_kl            | 0.005420374 |
|    clip_fraction        | 0.0436      |
|    clip_range           | 0.2         |
|    entropy_loss         | -0.935      |
|    explained_variance   | 0.987       |
|    learning_rate        | 0.0003      |
|    loss                 | -0.0101     |
|    n_updates            | 840         |
|    policy_gradient_loss | -0.00484    |
|    value_loss           | 0.017       |
-----------------------------------------
-----------------------------------------
| rollout/                |             |
|    ep_len_mean          | 212         |
|    ep_rew_mean          | 126         |
| time/                   |             |
|    fps                  | 271         |
|    iterations           | 170         |
|    time_elapsed         | 5129        |
|    total_timesteps      | 1392640     |
| train/                  |             |
|    approx_kl            | 0.005246683 |
|    clip_fraction        | 0.0414      |
|    clip_range           | 0.2         |
|    entropy_loss         | -0.951      |
|    explained_variance   | 0.99        |
|    learning_rate        | 0.0003      |
|    loss                 | -0.0202     |
|    n_updates            | 845         |
|    policy_gradient_loss | -0.00516    |
|    value_loss           | 0.0118      |
-----------------------------------------
-----------------------------------------
| rollout/                |             |
|    ep_len_mean          | 210         |
|    ep_rew_mean          | 127         |
| time/                   |             |
|    fps                  | 271         |
|    iterations           | 171         |
|    time_elapsed         | 5160        |
|    total_timesteps      | 1400832     |
| train/                  |             |
|    approx_kl            | 0.005107495 |
|    clip_fraction        | 0.0435      |
|    clip_range           | 0.2         |
|    entropy_loss         | -0.985      |
|    explained_variance   | 0.991       |
|    learning_rate        | 0.0003      |
|    loss                 | -0.0134     |
|    n_updates            | 850         |
|    policy_gradient_loss | -0.0045     |
|    value_loss           | 0.0119      |
-----------------------------------------
------------------------------------------
| rollout/                |              |
|    ep_len_mean          | 208          |
|    ep_rew_mean          | 127          |
| time/                   |              |
|    fps                  | 271          |
|    iterations           | 172          |
|    time_elapsed         | 5189         |
|    total_timesteps      | 1409024      |
| train/                  |              |
|    approx_kl            | 0.0045259665 |
|    clip_fraction        | 0.0368       |
|    clip_range           | 0.2          |
|    entropy_loss         | -0.964       |
|    explained_variance   | 0.99         |
|    learning_rate        | 0.0003       |
|    loss                 | -0.00858     |
|    n_updates            | 855          |
|    policy_gradient_loss | -0.00344     |
|    value_loss           | 0.0147       |
------------------------------------------
------------------------------------------
| rollout/                |              |
|    ep_len_mean          | 206          |
|    ep_rew_mean          | 125          |
| time/                   |              |
|    fps                  | 271          |
|    iterations           | 173          |
|    time_elapsed         | 5221         |
|    total_timesteps      | 1417216      |
| train/                  |              |
|    approx_kl            | 0.0054111006 |
|    clip_fraction        | 0.0413       |
|    clip_range           | 0.2          |
|    entropy_loss         | -1           |
|    explained_variance   | 0.989        |
|    learning_rate        | 0.0003       |
|    loss                 | -0.00368     |
|    n_updates            | 860          |
|    policy_gradient_loss | -0.00429     |
|    value_loss           | 0.0144       |
------------------------------------------
------------------------------------------
| rollout/                |              |
|    ep_len_mean          | 208          |
|    ep_rew_mean          | 124          |
| time/                   |              |
|    fps                  | 271          |
|    iterations           | 174          |
|    time_elapsed         | 5253         |
|    total_timesteps      | 1425408      |
| train/                  |              |
|    approx_kl            | 0.0046239556 |
|    clip_fraction        | 0.0403       |
|    clip_range           | 0.2          |
|    entropy_loss         | -0.956       |
|    explained_variance   | 0.985        |
|    learning_rate        | 0.0003       |
|    loss                 | -0.00449     |
|    n_updates            | 865          |
|    policy_gradient_loss | -0.00562     |
|    value_loss           | 0.0184       |
------------------------------------------
------------------------------------------
| rollout/                |              |
|    ep_len_mean          | 208          |
|    ep_rew_mean          | 125          |
| time/                   |              |
|    fps                  | 271          |
|    iterations           | 175          |
|    time_elapsed         | 5287         |
|    total_timesteps      | 1433600      |
| train/                  |              |
|    approx_kl            | 0.0057629733 |
|    clip_fraction        | 0.0446       |
|    clip_range           | 0.2          |
|    entropy_loss         | -0.998       |
|    explained_variance   | 0.984        |
|    learning_rate        | 0.0003       |
|    loss                 | -0.0058      |
|    n_updates            | 870          |
|    policy_gradient_loss | -0.00425     |
|    value_loss           | 0.0205       |
------------------------------------------
------------------------------------------
| rollout/                |              |
|    ep_len_mean          | 202          |
|    ep_rew_mean          | 126          |
| time/                   |              |
|    fps                  | 271          |
|    iterations           | 176          |
|    time_elapsed         | 5317         |
|    total_timesteps      | 1441792      |
| train/                  |              |
|    approx_kl            | 0.0053897426 |
|    clip_fraction        | 0.0542       |
|    clip_range           | 0.2          |
|    entropy_loss         | -0.943       |
|    explained_variance   | 0.988        |
|    learning_rate        | 0.0003       |
|    loss                 | -0.00783     |
|    n_updates            | 875          |
|    policy_gradient_loss | -0.00518     |
|    value_loss           | 0.0151       |
------------------------------------------
-----------------------------------------
| rollout/                |             |
|    ep_len_mean          | 198         |
|    ep_rew_mean          | 126         |
| time/                   |             |
|    fps                  | 270         |
|    iterations           | 177         |
|    time_elapsed         | 5351        |
|    total_timesteps      | 1449984     |
| train/                  |             |
|    approx_kl            | 0.009118009 |
|    clip_fraction        | 0.0456      |
|    clip_range           | 0.2         |
|    entropy_loss         | -0.928      |
|    explained_variance   | 0.982       |
|    learning_rate        | 0.0003      |
|    loss                 | -0.000513   |
|    n_updates            | 880         |
|    policy_gradient_loss | -0.0034     |
|    value_loss           | 0.0202      |
-----------------------------------------
------------------------------------------
| rollout/                |              |
|    ep_len_mean          | 201          |
|    ep_rew_mean          | 128          |
| time/                   |              |
|    fps                  | 270          |
|    iterations           | 178          |
|    time_elapsed         | 5386         |
|    total_timesteps      | 1458176      |
| train/                  |              |
|    approx_kl            | 0.0055072038 |
|    clip_fraction        | 0.0589       |
|    clip_range           | 0.2          |
|    entropy_loss         | -0.931       |
|    explained_variance   | 0.985        |
|    learning_rate        | 0.0003       |
|    loss                 | -0.0037      |
|    n_updates            | 885          |
|    policy_gradient_loss | -0.0048      |
|    value_loss           | 0.0188       |
------------------------------------------
------------------------------------------
| rollout/                |              |
|    ep_len_mean          | 204          |
|    ep_rew_mean          | 128          |
| time/                   |              |
|    fps                  | 270          |
|    iterations           | 179          |
|    time_elapsed         | 5418         |
|    total_timesteps      | 1466368      |
| train/                  |              |
|    approx_kl            | 0.0069522853 |
|    clip_fraction        | 0.0497       |
|    clip_range           | 0.2          |
|    entropy_loss         | -0.955       |
|    explained_variance   | 0.981        |
|    learning_rate        | 0.0003       |
|    loss                 | -0.00583     |
|    n_updates            | 890          |
|    policy_gradient_loss | -0.00545     |
|    value_loss           | 0.0222       |
------------------------------------------
-----------------------------------------
| rollout/                |             |
|    ep_len_mean          | 197         |
|    ep_rew_mean          | 127         |
| time/                   |             |
|    fps                  | 270         |
|    iterations           | 180         |
|    time_elapsed         | 5450        |
|    total_timesteps      | 1474560     |
| train/                  |             |
|    approx_kl            | 0.005242041 |
|    clip_fraction        | 0.0545      |
|    clip_range           | 0.2         |
|    entropy_loss         | -0.932      |
|    explained_variance   | 0.988       |
|    learning_rate        | 0.0003      |
|    loss                 | -0.00883    |
|    n_updates            | 895         |
|    policy_gradient_loss | -0.00555    |
|    value_loss           | 0.0145      |
-----------------------------------------
------------------------------------------
| rollout/                |              |
|    ep_len_mean          | 198          |
|    ep_rew_mean          | 127          |
| time/                   |              |
|    fps                  | 270          |
|    iterations           | 181          |
|    time_elapsed         | 5479         |
|    total_timesteps      | 1482752      |
| train/                  |              |
|    approx_kl            | 0.0045004147 |
|    clip_fraction        | 0.0434       |
|    clip_range           | 0.2          |
|    entropy_loss         | -0.93        |
|    explained_variance   | 0.982        |
|    learning_rate        | 0.0003       |
|    loss                 | -0.00573     |
|    n_updates            | 900          |
|    policy_gradient_loss | -0.00379     |
|    value_loss           | 0.0217       |
------------------------------------------
------------------------------------------
| rollout/                |              |
|    ep_len_mean          | 196          |
|    ep_rew_mean          | 128          |
| time/                   |              |
|    fps                  | 270          |
|    iterations           | 182          |
|    time_elapsed         | 5511         |
|    total_timesteps      | 1490944      |
| train/                  |              |
|    approx_kl            | 0.0050397785 |
|    clip_fraction        | 0.0457       |
|    clip_range           | 0.2          |
|    entropy_loss         | -0.941       |
|    explained_variance   | 0.987        |
|    learning_rate        | 0.0003       |
|    loss                 | -0.0111      |
|    n_updates            | 905          |
|    policy_gradient_loss | -0.00442     |
|    value_loss           | 0.0169       |
------------------------------------------
-----------------------------------------
| rollout/                |             |
|    ep_len_mean          | 190         |
|    ep_rew_mean          | 125         |
| time/                   |             |
|    fps                  | 270         |
|    iterations           | 183         |
|    time_elapsed         | 5542        |
|    total_timesteps      | 1499136     |
| train/                  |             |
|    approx_kl            | 0.005495729 |
|    clip_fraction        | 0.0479      |
|    clip_range           | 0.2         |
|    entropy_loss         | -0.915      |
|    explained_variance   | 0.985       |
|    learning_rate        | 0.0003      |
|    loss                 | -0.0123     |
|    n_updates            | 910         |
|    policy_gradient_loss | -0.00443    |
|    value_loss           | 0.0186      |
-----------------------------------------
[Checkpoint] Saved at 1500000 steps > C:\Users\Admin\Desktop\disciple\realnewdisciples-main\Big_map\campaign_checkpoints\super-last-stand-ranged-3m-20260912-204021\campaign_ppo_step_1500000.zip
Eval num_timesteps=1500000, det_reward=119.26 +/- 4.80
Episode length: det=177.20 +/- 20.66
Victory rate: det=0.00%
--------------------------------------------------
| eval/                           |              |
|    deterministic_mean_ep_length | 177          |
|    deterministic_mean_reward    | 119          |
|    deterministic_victory_rate   | 0            |
|    mean_ep_length               | 177          |
|    mean_reward                  | 119          |
|    victory_rate                 | 0            |
| time/                           |              |
|    total_timesteps              | 1500000      |
| train/                          |              |
|    approx_kl                    | 0.0066332333 |
|    clip_fraction                | 0.0548       |
|    clip_range                   | 0.2          |
|    entropy_loss                 | -0.901       |
|    explained_variance           | 0.966        |
|    learning_rate                | 0.0003       |
|    loss                         | -0.00449     |
|    n_updates                    | 915          |
|    policy_gradient_loss         | -0.00498     |
|    value_loss                   | 0.0354       |
--------------------------------------------------
---------------------------------
| rollout/           |          |
|    ep_len_mean     | 189      |
|    ep_rew_mean     | 125      |
| time/              |          |
|    fps             | 269      |
|    iterations      | 184      |
|    time_elapsed    | 5589     |
|    total_timesteps | 1507328  |
---------------------------------
-----------------------------------------
| rollout/                |             |
|    ep_len_mean          | 194         |
|    ep_rew_mean          | 126         |
| time/                   |             |
|    fps                  | 269         |
|    iterations           | 185         |
|    time_elapsed         | 5620        |
|    total_timesteps      | 1515520     |
| train/                  |             |
|    approx_kl            | 0.005618057 |
|    clip_fraction        | 0.0428      |
|    clip_range           | 0.2         |
|    entropy_loss         | -0.915      |
|    explained_variance   | 0.987       |
|    learning_rate        | 0.0003      |
|    loss                 | -0.00727    |
|    n_updates            | 920         |
|    policy_gradient_loss | -0.00469    |
|    value_loss           | 0.0169      |
-----------------------------------------
----------------------------------------
| rollout/                |            |
|    ep_len_mean          | 202        |
|    ep_rew_mean          | 129        |
| time/                   |            |
|    fps                  | 269        |
|    iterations           | 186        |
|    time_elapsed         | 5650       |
|    total_timesteps      | 1523712    |
| train/                  |            |
|    approx_kl            | 0.00617823 |
|    clip_fraction        | 0.0594     |
|    clip_range           | 0.2        |
|    entropy_loss         | -0.928     |
|    explained_variance   | 0.986      |
|    learning_rate        | 0.0003     |
|    loss                 | -0.00116   |
|    n_updates            | 925        |
|    policy_gradient_loss | -0.00589   |
|    value_loss           | 0.0176     |
----------------------------------------
-----------------------------------------
| rollout/                |             |
|    ep_len_mean          | 203         |
|    ep_rew_mean          | 130         |
| time/                   |             |
|    fps                  | 269         |
|    iterations           | 187         |
|    time_elapsed         | 5684        |
|    total_timesteps      | 1531904     |
| train/                  |             |
|    approx_kl            | 0.005276248 |
|    clip_fraction        | 0.0483      |
|    clip_range           | 0.2         |
|    entropy_loss         | -0.962      |
|    explained_variance   | 0.987       |
|    learning_rate        | 0.0003      |
|    loss                 | -0.00354    |
|    n_updates            | 930         |
|    policy_gradient_loss | -0.00491    |
|    value_loss           | 0.0177      |
-----------------------------------------
-----------------------------------------
| rollout/                |             |
|    ep_len_mean          | 199         |
|    ep_rew_mean          | 129         |
| time/                   |             |
|    fps                  | 269         |
|    iterations           | 188         |
|    time_elapsed         | 5720        |
|    total_timesteps      | 1540096     |
| train/                  |             |
|    approx_kl            | 0.005959985 |
|    clip_fraction        | 0.0405      |
|    clip_range           | 0.2         |
|    entropy_loss         | -0.882      |
|    explained_variance   | 0.986       |
|    learning_rate        | 0.0003      |
|    loss                 | -0.0124     |
|    n_updates            | 935         |
|    policy_gradient_loss | -0.00458    |
|    value_loss           | 0.0182      |
-----------------------------------------
------------------------------------------
| rollout/                |              |
|    ep_len_mean          | 203          |
|    ep_rew_mean          | 130          |
| time/                   |              |
|    fps                  | 269          |
|    iterations           | 189          |
|    time_elapsed         | 5754         |
|    total_timesteps      | 1548288      |
| train/                  |              |
|    approx_kl            | 0.0050208103 |
|    clip_fraction        | 0.0387       |
|    clip_range           | 0.2          |
|    entropy_loss         | -0.902       |
|    explained_variance   | 0.988        |
|    learning_rate        | 0.0003       |
|    loss                 | -0.0135      |
|    n_updates            | 940          |
|    policy_gradient_loss | -0.00421     |
|    value_loss           | 0.0162       |
------------------------------------------
------------------------------------------
| rollout/                |              |
|    ep_len_mean          | 206          |
|    ep_rew_mean          | 128          |
| time/                   |              |
|    fps                  | 268          |
|    iterations           | 190          |
|    time_elapsed         | 5790         |
|    total_timesteps      | 1556480      |
| train/                  |              |
|    approx_kl            | 0.0051856707 |
|    clip_fraction        | 0.0409       |
|    clip_range           | 0.2          |
|    entropy_loss         | -0.866       |
|    explained_variance   | 0.988        |
|    learning_rate        | 0.0003       |
|    loss                 | -0.0104      |
|    n_updates            | 945          |
|    policy_gradient_loss | -0.00452     |
|    value_loss           | 0.0168       |
------------------------------------------
-----------------------------------------
| rollout/                |             |
|    ep_len_mean          | 204         |
|    ep_rew_mean          | 128         |
| time/                   |             |
|    fps                  | 268         |
|    iterations           | 191         |
|    time_elapsed         | 5826        |
|    total_timesteps      | 1564672     |
| train/                  |             |
|    approx_kl            | 0.005276678 |
|    clip_fraction        | 0.0426      |
|    clip_range           | 0.2         |
|    entropy_loss         | -0.765      |
|    explained_variance   | 0.979       |
|    learning_rate        | 0.0003      |
|    loss                 | -0.00136    |
|    n_updates            | 950         |
|    policy_gradient_loss | -0.00551    |
|    value_loss           | 0.0261      |
-----------------------------------------
-----------------------------------------
| rollout/                |             |
|    ep_len_mean          | 205         |
|    ep_rew_mean          | 129         |
| time/                   |             |
|    fps                  | 268         |
|    iterations           | 192         |
|    time_elapsed         | 5858        |
|    total_timesteps      | 1572864     |
| train/                  |             |
|    approx_kl            | 0.005441736 |
|    clip_fraction        | 0.0376      |
|    clip_range           | 0.2         |
|    entropy_loss         | -0.846      |
|    explained_variance   | 0.984       |
|    learning_rate        | 0.0003      |
|    loss                 | -0.00767    |
|    n_updates            | 955         |
|    policy_gradient_loss | -0.0055     |
|    value_loss           | 0.0198      |
-----------------------------------------
------------------------------------------
| rollout/                |              |
|    ep_len_mean          | 195          |
|    ep_rew_mean          | 130          |
| time/                   |              |
|    fps                  | 268          |
|    iterations           | 193          |
|    time_elapsed         | 5889         |
|    total_timesteps      | 1581056      |
| train/                  |              |
|    approx_kl            | 0.0050001615 |
|    clip_fraction        | 0.0434       |
|    clip_range           | 0.2          |
|    entropy_loss         | -0.861       |
|    explained_variance   | 0.984        |
|    learning_rate        | 0.0003       |
|    loss                 | -0.00807     |
|    n_updates            | 960          |
|    policy_gradient_loss | -0.0053      |
|    value_loss           | 0.0205       |
------------------------------------------
-----------------------------------------
| rollout/                |             |
|    ep_len_mean          | 193         |
|    ep_rew_mean          | 131         |
| time/                   |             |
|    fps                  | 268         |
|    iterations           | 194         |
|    time_elapsed         | 5921        |
|    total_timesteps      | 1589248     |
| train/                  |             |
|    approx_kl            | 0.006983594 |
|    clip_fraction        | 0.0745      |
|    clip_range           | 0.2         |
|    entropy_loss         | -0.84       |
|    explained_variance   | 0.99        |
|    learning_rate        | 0.0003      |
|    loss                 | -0.0119     |
|    n_updates            | 965         |
|    policy_gradient_loss | -0.00732    |
|    value_loss           | 0.0133      |
-----------------------------------------
----------------------------------------
| rollout/                |            |
|    ep_len_mean          | 189        |
|    ep_rew_mean          | 129        |
| time/                   |            |
|    fps                  | 268        |
|    iterations           | 195        |
|    time_elapsed         | 5954       |
|    total_timesteps      | 1597440    |
| train/                  |            |
|    approx_kl            | 0.00542494 |
|    clip_fraction        | 0.049      |
|    clip_range           | 0.2        |
|    entropy_loss         | -0.842     |
|    explained_variance   | 0.982      |
|    learning_rate        | 0.0003     |
|    loss                 | -0.00522   |
|    n_updates            | 970        |
|    policy_gradient_loss | -0.00577   |
|    value_loss           | 0.0249     |
----------------------------------------
-----------------------------------------
| rollout/                |             |
|    ep_len_mean          | 191         |
|    ep_rew_mean          | 128         |
| time/                   |             |
|    fps                  | 268         |
|    iterations           | 196         |
|    time_elapsed         | 5985        |
|    total_timesteps      | 1605632     |
| train/                  |             |
|    approx_kl            | 0.006977477 |
|    clip_fraction        | 0.0792      |
|    clip_range           | 0.2         |
|    entropy_loss         | -0.831      |
|    explained_variance   | 0.97        |
|    learning_rate        | 0.0003      |
|    loss                 | -0.00105    |
|    n_updates            | 975         |
|    policy_gradient_loss | -0.00716    |
|    value_loss           | 0.0381      |
-----------------------------------------
-----------------------------------------
| rollout/                |             |
|    ep_len_mean          | 194         |
|    ep_rew_mean          | 130         |
| time/                   |             |
|    fps                  | 268         |
|    iterations           | 197         |
|    time_elapsed         | 6018        |
|    total_timesteps      | 1613824     |
| train/                  |             |
|    approx_kl            | 0.006282783 |
|    clip_fraction        | 0.051       |
|    clip_range           | 0.2         |
|    entropy_loss         | -0.89       |
|    explained_variance   | 0.986       |
|    learning_rate        | 0.0003      |
|    loss                 | -0.00539    |
|    n_updates            | 980         |
|    policy_gradient_loss | -0.00534    |
|    value_loss           | 0.0194      |
-----------------------------------------
-----------------------------------------
| rollout/                |             |
|    ep_len_mean          | 196         |
|    ep_rew_mean          | 131         |
| time/                   |             |
|    fps                  | 267         |
|    iterations           | 198         |
|    time_elapsed         | 6053        |
|    total_timesteps      | 1622016     |
| train/                  |             |
|    approx_kl            | 0.005923547 |
|    clip_fraction        | 0.0523      |
|    clip_range           | 0.2         |
|    entropy_loss         | -0.837      |
|    explained_variance   | 0.987       |
|    learning_rate        | 0.0003      |
|    loss                 | -0.0106     |
|    n_updates            | 985         |
|    policy_gradient_loss | -0.00688    |
|    value_loss           | 0.0173      |
-----------------------------------------
-----------------------------------------
| rollout/                |             |
|    ep_len_mean          | 196         |
|    ep_rew_mean          | 132         |
| time/                   |             |
|    fps                  | 267         |
|    iterations           | 199         |
|    time_elapsed         | 6086        |
|    total_timesteps      | 1630208     |
| train/                  |             |
|    approx_kl            | 0.004680223 |
|    clip_fraction        | 0.0341      |
|    clip_range           | 0.2         |
|    entropy_loss         | -0.845      |
|    explained_variance   | 0.987       |
|    learning_rate        | 0.0003      |
|    loss                 | -0.00296    |
|    n_updates            | 990         |
|    policy_gradient_loss | -0.00457    |
|    value_loss           | 0.0191      |
-----------------------------------------
-----------------------------------------
| rollout/                |             |
|    ep_len_mean          | 195         |
|    ep_rew_mean          | 130         |
| time/                   |             |
|    fps                  | 267         |
|    iterations           | 200         |
|    time_elapsed         | 6118        |
|    total_timesteps      | 1638400     |
| train/                  |             |
|    approx_kl            | 0.005469772 |
|    clip_fraction        | 0.0364      |
|    clip_range           | 0.2         |
|    entropy_loss         | -0.821      |
|    explained_variance   | 0.988       |
|    learning_rate        | 0.0003      |
|    loss                 | -0.00955    |
|    n_updates            | 995         |
|    policy_gradient_loss | -0.0037     |
|    value_loss           | 0.0175      |
-----------------------------------------
------------------------------------------
| rollout/                |              |
|    ep_len_mean          | 197          |
|    ep_rew_mean          | 131          |
| time/                   |              |
|    fps                  | 267          |
|    iterations           | 201          |
|    time_elapsed         | 6151         |
|    total_timesteps      | 1646592      |
| train/                  |              |
|    approx_kl            | 0.0061385827 |
|    clip_fraction        | 0.0415       |
|    clip_range           | 0.2          |
|    entropy_loss         | -0.804       |
|    explained_variance   | 0.987        |
|    learning_rate        | 0.0003       |
|    loss                 | -0.0143      |
|    n_updates            | 1000         |
|    policy_gradient_loss | -0.00408     |
|    value_loss           | 0.0193       |
------------------------------------------
------------------------------------------
| rollout/                |              |
|    ep_len_mean          | 203          |
|    ep_rew_mean          | 132          |
| time/                   |              |
|    fps                  | 267          |
|    iterations           | 202          |
|    time_elapsed         | 6183         |
|    total_timesteps      | 1654784      |
| train/                  |              |
|    approx_kl            | 0.0068233795 |
|    clip_fraction        | 0.0584       |
|    clip_range           | 0.2          |
|    entropy_loss         | -0.859       |
|    explained_variance   | 0.989        |
|    learning_rate        | 0.0003       |
|    loss                 | -0.0168      |
|    n_updates            | 1005         |
|    policy_gradient_loss | -0.00575     |
|    value_loss           | 0.0145       |
------------------------------------------
